proper,bf,con,ra_deg,dec,dist,mag,hip,hd,hr,gl,pmra,pmdec,rv
Sirius,9Alp CMa,CMa,101.287215,-16.716116,2.6371,-1.440,32349,48915,2491,Gl 244A,-546.01,-1223.08,-9.4
Canopus,Alp Car,Car,95.987925,-52.695660,94.7867,-0.620,30438,45348,2326,,19.99,23.67,21
Arcturus,16Alp Boo,Boo,213.915450,19.182410,11.2575,-0.050,69673,124897,5340,Gl 541,-1093.45,-1999.4,-5
Rigil Kentaurus,Alp1Cen,Cen,219.911475,-60.833976,1.3248,-0.010,71683,128620,5459,Gl 559A,-3678.19,481.84,-26.2
Vega,3Alp Lyr,Lyr,279.234600,38.783692,7.6787,0.030,91262,172167,7001,Gl 721,201.02,287.46,-12.1
Capella,13Alp Aur,Aur,79.172250,45.997991,13.1234,0.080,24608,34029,1708,Gl 194A,75.52,-427.13,22.2
Rigel,19Bet Ori,Ori,78.634470,-8.201640,264.5503,0.180,24436,34085,1713,,1.87,-0.56,21
Procyon,10Alp CMi,CMi,114.825495,5.224993,3.5142,0.400,37279,61421,2943,Gl 280A,-716.57,-1034.58,-4
Achernar,Alp Eri,Eri,24.428340,-57.236757,42.7533,0.450,7588,10144,472,,88.02,-40.08,16
Betelgeuse,58Alp Ori,Ori,88.792935,7.407063,152.6718,0.450,27989,39801,2061,,27.33,10.86,21
Hadar,Bet Cen,Cen,210.955935,-60.373039,120.1923,0.610,68702,122451,5267,,-33.96,-25.06,6
Altair,53Alp Aql,Aql,297.695820,8.868322,5.1295,0.760,97649,187642,7557,Gl 768,536.82,385.54,-26.1
Acrux,Alp1Cru,Cru,186.649665,-63.099092,98.7167,0.770,60718,108248,4730,,-35.37,-14.73,-11
Aldebaran,87Alp Tau,Tau,68.980155,16.509301,20.4332,0.870,21421,29139,1457,Gl 171.1A,62.78,-189.36,54.5
,,Aur,79.168890,46.000842,12.9383,0.960,,,,Gl 194B,80.57,-422.38,33.9
Spica,67Alp Vir,Vir,201.298245,-11.161322,76.5697,0.980,65474,116658,5056,,-42.5,-31.73,1
Antares,21Alp Sco,Sco,247.351920,-26.432002,169.7793,1.060,80763,148478,6134,,-10.16,-23.21,-3
Pollux,78Bet Gem,Gem,116.329155,28.026199,10.3584,1.160,37826,62509,2990,Gl 286,-625.69,-45.95,3.6
Fomalhaut,24Alp PsA,PsA,344.412570,-29.622236,7.7036,1.170,113368,216956,8728,Gl 881,329.22,-164.22,6.1
Deneb,50Alp Cyg,Cyg,310.357980,45.280338,432.9004,1.250,102098,197345,7924,,1.56,1.55,-5
Mimosa,Bet Cru,Cru,191.930385,-59.688764,85.3971,1.250,62434,111123,4853,,-48.24,-12.82,16
Toliman,Alp2Cen,Cen,219.905190,-60.838300,1.3248,1.350,71681,128621,5460,Gl 559B,-3678.19,481.84,-26.2
Regulus,32Alp Leo,Leo,152.092980,11.967207,24.3132,1.360,49669,87901,3982,,-249.4,4.91,6
Adhara,21Eps CMa,CMa,104.656455,-28.972084,124.2236,1.500,33579,52089,2618,,2.63,2.29,27
Castor,66Alp Gem,Gem,113.649510,31.888276,15.5958,1.580,36850,60179,2891,Gl 278A,-206.33,-148.18,6
Gacrux,Gam Cru,Cru,187.791435,-57.113212,27.1518,1.590,61084,108903,4763,,27.94,-264.33,21
Shaula,35Lam Sco,Sco,263.402175,-37.103821,175.1313,1.620,85927,158926,6527,,-8.9,-29.95,-3
Bellatrix,24Gam Ori,Ori,81.282765,6.349702,77.3994,1.640,25336,35468,1790,,-8.75,-13.28,18
Elnath,112Bet Tau,Tau,81.572970,28.607450,41.0509,1.650,25428,35497,1791,,23.28,-174.22,9
Miaplacidus,Bet Car,Car,138.300615,-69.717208,34.6981,1.670,45238,80007,3685,,-157.66,108.91,-5
Alnilam,46Eps Ori,Ori,84.053385,-1.201920,606.0606,1.690,26311,37128,1903,,1.49,-1.06,26
Alnair,Alp Gru,Gru,332.058135,-46.960975,30.9693,1.730,109268,209952,8425,Gl 848.2,127.6,-147.91,10.9
Alnitak,50Zet Ori,Ori,85.189695,-1.942572,225.7336,1.740,26727,37742,1948,,3.99,2.54,18
,Gam2Vel,Vel,122.383140,-47.336588,342.4658,1.750,39953,68273,3207,,-5.93,9.9,35
Alioth,77Eps UMa,UMa,193.507080,55.959821,25.3100,1.760,62956,112185,4905,,111.74,-8.99,-9
Kaus Australis,20Eps Sgr,Sgr,276.043020,-34.384616,43.9367,1.790,90185,169022,6879,,-39.61,-124.05,-15
Mirfak,33Alp Per,Per,51.080670,49.861180,155.2795,1.790,15863,20902,1017,,24.11,-26.01,-2
Dubhe,50Alp UMa,UMa,165.932325,61.751033,37.6790,1.810,54061,95689,4301,,-136.46,-35.25,-9
Wezen,25Del CMa,CMa,107.097855,-26.393200,492.6108,1.830,34444,54605,2693,,-2.75,3.33,34
Alkaid,85Eta UMa,UMa,206.885310,49.313265,31.8674,1.850,67301,120315,5191,,-121.23,-15.56,-11
Avior,Eps Car,Car,125.628540,-59.509483,185.5288,1.860,41037,71129,3307,,-25.34,22.72,2
Sargas,The Sco,Sco,264.329700,-42.997824,92.0810,1.860,86228,159532,6553,,6.06,-0.95,1
Menkalinan,34Bet Aur,Aur,89.882235,44.947433,24.8694,1.900,28360,40183,2088,GJ 3375,-56.41,-0.88,-19.4
Atria,Alp TrA,TrA,252.166155,-69.027715,119.7605,1.910,82273,150798,6217,,17.85,-32.92,-3
Alhena,24Gam Gem,Gem,99.427920,16.399252,33.5121,1.930,31681,47105,2421,,-2.04,-66.92,-13
Alsephina,Del Vel,Vel,131.175885,-54.708821,24.6975,1.930,42913,74956,3485,Gl 321.3A,28.78,-104.14,2.2
Peacock,Alp Pav,Pav,306.411885,-56.735090,54.8246,1.940,100751,193924,7790,,7.71,-86.15,2
Polaris,1Alp UMi,UMi,37.946250,89.264109,132.6260,1.970,11767,8890,424,,44.22,-11.74,-17
Mirzam,2Bet CMa,CMa,95.674935,-17.955918,151.0574,1.980,30324,44743,2294,,-3.45,-0.47,34
Alphard,30Alp Hya,Hya,141.896850,-8.658603,55.2792,1.990,46390,81797,3748,,-14.49,33.25,-4
Algieba,41Gam1Leo,Leo,154.993095,19.841489,39.8883,2.010,50583,89484,4057,,310.77,-152.88,-37
Hamal,13Alp Ari,Ari,31.793325,23.462423,20.1776,2.010,9884,12929,617,Gl 84.3,190.73,-145.77,-14.4
Diphda,16Bet Cet,Cet,10.897350,-17.986605,29.5334,2.040,3419,4128,188,Gl 31,232.79,32.71,13.3
Nunki,34Sig Sgr,Sgr,283.816350,-26.296722,69.8324,2.050,92855,175191,7121,,13.87,-52.65,-11
Menkent,5The Cen,Cen,211.670925,-36.369954,18.0343,2.060,68933,123139,5288,Gl 539,-519.29,-517.87,1.3
Alpheratz,21Alp And,And,2.096865,29.090432,29.7442,2.070,677,358,15,,135.68,-162.95,-12
Kochab,7Bet UMi,UMi,222.676575,74.155505,40.1445,2.070,72607,131873,5563,,-32.29,11.91,17
Mirach,43Bet And,And,17.432910,35.620558,60.5327,2.070,5447,6860,337,Gl 53.3,175.59,-112.23,-0.8
Saiph,53Kap Ori,Ori,86.939115,-9.669605,198.4127,2.070,27366,38771,2004,,1.55,-1.2,21
Tiaki,Bet Gru,Gru,340.666725,-46.884577,54.2594,2.070,112122,214952,8636,,135.68,-4.51,2
Rasalhague,55Alp Oph,Oph,263.733615,12.560035,14.8965,2.080,86032,159561,6556,Gl 681,110.08,-222.61,12.6
Algol,26Bet Per,Per,47.042220,40.955648,27.5710,2.090,14576,19356,936,,2.39,-1.44,4
Almach,57Gam1And,And,30.974760,42.329725,120.4819,2.100,9640,12533,603,,43.08,-50.85,-12
Denebola,94Bet Leo,Leo,177.264945,14.572060,10.9999,2.140,57632,102647,4534,Gl 448,-499.02,-113.78,-0.2
Tiansi,27Gam Cas,Cas,14.177145,60.716740,168.3502,2.150,4427,5394,264,,25.65,-3.82,-7
,Gam Cen,Cen,190.379565,-48.959888,39.9042,2.200,61932,110304,4819,,-187.28,-1.2,-6
Aspidiske,Iot Car,Car,139.272570,-59.275229,234.7418,2.210,45556,80404,3699,,-19.03,13.11,13
Naos,Zet Pup,Pup,120.896055,-40.003148,332.2259,2.210,39429,66811,3165,,-30.82,16.77,-24
Alphecca,5Alp CrB,CrB,233.671920,26.714693,23.0097,2.220,76267,139006,5793,,120.38,-89.44,2
Mizar,79Zet UMa,UMa,200.981205,54.925362,26.3089,2.230,65378,116656,5054,GJ 3783A,121.23,-22.01,-5.6
Sadr,37Gam Cyg,Cyg,305.557095,40.256679,561.7978,2.230,100453,194093,7796,,2.43,-0.93,-8
Suhail,Lam Vel,Vel,136.999020,-43.432589,166.9449,2.230,44816,78647,3634,,-23.21,14.28,18
Eltanin,33Gam Dra,Dra,269.151555,51.488895,47.3037,2.240,87833,164058,6705,,-8.52,-23.05,-28
Schedar,18Alp Cas,Cas,10.126740,56.537331,69.9790,2.240,3179,3712,168,,50.36,-32.17,-4
Mintaka,34Del Ori,Ori,83.001675,-0.299092,212.3142,2.250,25930,36486,1852,,1.67,0.56,16
Caph,11Bet Cas,Cas,2.293305,59.149780,16.7842,2.280,746,432,21,Gl 8,523.39,-180.42,11.3
,Eps Cen,Cen,204.971940,-53.466394,131.0616,2.290,66657,118716,5132,,-14.6,-12.79,3
Dschubba,7Del Sco,Sco,240.083355,-22.621710,150.6024,2.290,78401,143275,5953,,-8.67,-36.9,-7
Larawag,26Eps Sco,Sco,252.541200,-34.293232,19.5351,2.290,82396,151680,6241,,-611.83,-255.87,-3
Uridim,Alp Lup,Lup,220.482345,-47.388200,142.4501,2.300,71860,129056,5469,,-21.15,-24.22,5
,Eta Cen,Cen,218.876790,-42.157824,93.7207,2.330,71352,127972,5440,,-35.31,-32.44,
Merak,48Bet UMa,UMa,165.460155,56.382427,24.4499,2.340,53910,95418,4295,GJ 9343,81.66,33.74,-12
Izar,36Eps Boo,Boo,221.246760,27.074222,62.1118,2.350,72105,129988,5505,,-50.65,20,-23
Enif,8Eps Peg,Peg,326.046495,9.875011,211.4165,2.380,107315,206778,8308,,30.02,1.38,5
,Kap Sco,Sco,265.621980,-39.029983,148.1481,2.390,86670,160578,6580,,-6.49,-25.55,-14
Ankaa,Alp Phe,Phe,6.570840,-42.305981,25.9740,2.400,2081,2261,99,,232.76,-353.64,75
Phecda,64Gam UMa,UMa,178.457520,53.694760,25.5037,2.410,58001,103287,4554,,107.76,11.16,-13
Sabik,35Eta Oph,Oph,257.594520,-15.724910,27.0929,2.430,84012,155125,6378,Gl 656.1A,41.16,97.65,-2.4
Scheat,53Bet Peg,Peg,345.943515,28.082789,60.0962,2.440,113881,217906,8775,,187.76,137.61,9
Alderamin,5Alp Cep,Cep,319.644450,62.585573,15.0376,2.450,105199,203280,8162,Gl 826,149.91,48.27,-11.5
Aludra,31Eta CMa,CMa,111.023760,-29.303104,609.7561,2.450,35904,58350,2827,,-3.76,6.66,41
Markeb,Kap Vel,Vel,140.528430,-55.010668,175.4386,2.470,45941,81188,3734,,-10.72,11.24,22
Aljanah,53Eps Cyg,Cyg,311.552670,33.970256,22.2916,2.480,102488,197989,7949,Gl 806.1A,356.16,330.28,-10.9
Markab,54Alp Peg,Peg,346.190220,15.205264,40.8831,2.490,113963,218045,8781,,61.1,-42.56,-4
,13Zet Oph,Oph,249.289740,-10.567090,112.2334,2.540,81377,149757,6175,,13.07,25.44,-15
Menkar,92Alp Cet,Cet,45.569880,4.089734,76.3942,2.540,14135,18884,911,,-11.81,-78.76,-26
Leepwal,Zet Cen,Cen,208.885005,-47.288375,117.0960,2.550,68002,121263,5231,,-57.14,-44.75,7
Acrab,8Bet1Sco,Sco,241.359300,-19.805453,123.9157,2.560,78820,144217,5984,,-6.75,-24.89,-1
Zosma,68Del Leo,Leo,168.527070,20.523717,17.9147,2.560,54872,97603,4357,Gl 419,143.31,-130.43,-20.2
,Del Cen,Cen,182.089650,-50.722425,127.2265,2.580,59196,105435,4621,,-47.53,-6.42,11
Arneb,11Alp Lep,Lep,83.182560,-17.822289,680.2721,2.580,25985,36673,1865,,3.27,1.54,24
Gienah,4Gam Crv,Crv,183.951555,-17.541929,47.1032,2.580,59803,106625,4662,,-159.58,22.31,-4
Ascella,38Zet Sgr,Sgr,285.652980,-29.880105,27.0416,2.600,93506,176687,7194,,-14.1,3.66,22
Zubeneschamali,27Bet Lib,Lib,229.251735,-9.382917,56.7537,2.610,74785,135742,5685,,-96.39,-20.76,-35
Unukalhai,24Alp Ser,Ser,236.066970,6.425627,22.6757,2.630,77070,140573,5854,Gl 596.2,134.66,44.14,2.7
Sheratan,6Bet Ari,Ari,28.660020,20.808035,17.9856,2.640,8903,11636,553,Gl 80,96.32,-108.8,-4
Kraz,9Bet Crv,Crv,188.596815,-23.396759,44.6628,2.650,61359,109379,4786,,0.86,-56,-8
Mahasim,37The Aur,Aur,89.930265,37.212585,50.7614,2.650,28380,40312,2095,,42.09,-73.61,30
Phact,Alp Col,Col,84.912255,-34.074108,80.1282,2.650,26634,37795,1956,,-0.1,-24.05,35
Ruchbah,37Del Cas,Cas,21.453240,60.235283,30.4785,2.660,6686,8538,403,,297.24,-49.49,7
,Bet Lup,Lup,224.633055,-43.133960,117.3709,2.680,73273,132058,5571,,-34.06,-38.3,-0.8
Muphrid,8Eta Boo,Boo,208.671165,18.397717,11.3960,2.680,67927,121370,5235,Gl 534,-60.95,-358.1,1
,Alp Mus,Mus,189.296085,-69.135564,96.7118,2.690,61585,109668,4798,,-39.87,-12.44,13
,Mu  Vel,Vel,161.692320,-49.420255,35.9195,2.690,52727,93497,4216,,62.55,-53.57,6
Hassaleh,3Iot Aur,Aur,74.248410,33.166090,151.2859,2.690,23015,31398,1577,,3.63,-18.54,18
Lesath,34Ups Sco,Sco,262.690980,-37.295811,176.6784,2.700,85696,158408,6508,,-4.19,-29.14,8
,Pi  Pup,Pup,109.285665,-37.097470,247.5248,2.710,35264,56855,2773,,-10.57,7,16
Kaus Media,19Del Sgr,Sgr,275.248500,-29.828103,106.6098,2.720,89931,168454,6859,,29.96,-26.38,-20
Tarazed,50Gam Aql,Aql,296.564910,10.613261,121.0654,2.720,97278,186791,7525,,15.72,-3.08,-2
Athebyne,14Eta Dra,Dra,245.997900,61.514213,28.2326,2.730,80331,148387,6132,Gl 624.1A,-16.98,56.68,-13.7
Yed Prior,1Del Oph,Oph,243.586410,-3.694323,52.4659,2.730,79593,146051,6056,,-45.83,-142.91,-20
,The Car,Car,160.739235,-64.394450,139.6648,2.740,52419,93030,4199,,-18.87,12.06,24
Porrima,29Gam Vir,Vir,190.415175,-1.449375,11.6850,2.740,61941,110379,4825,Gl 482A,-616.66,60.66,-19.9
Hatysa,44Iot Ori,Ori,83.858265,-5.909901,714.2857,2.750,26241,37043,1899,,2.27,-0.62,22
Kulou,Iot Cen,Cen,200.149440,-36.712295,18.0213,2.750,65109,115892,5028,Gl 508.1,-340.76,-87.98,0.1
Zubenelgenubi,9Alp2Lib,Lib,222.719655,-16.041778,23.2396,2.750,72622,130841,5531,Gl 564.1,-105.69,-69,-46.7
Cebalrai,60Bet Oph,Oph,265.868145,4.567303,25.0941,2.760,86742,161096,6603,,-40.67,158.8,-12
Cursa,67Bet Eri,Eri,76.962435,-5.086446,27.3973,2.780,23875,33111,1666,GJ 9175,-83.39,-75.44,-9.2
Kornephoros,27Bet Her,Her,247.555020,21.489613,42.6621,2.780,80816,148856,6148,,-98.43,-14.49,-26
Rasalgethi,64Alp1Her,Her,258.661905,14.390333,110.2536,2.780,84345,156014,6406,,-6.71,32.78,-33
Imai,Del Cru,Cru,183.786405,-58.748928,105.8201,2.790,59747,106490,4656,,-36.68,-10.72,22
Rastaban,23Bet Dra,Dra,262.608195,52.301387,116.5501,2.790,85670,159181,6536,,-15.59,11.57,-20
,Gam Lup,Lup,233.785215,-41.166757,129.0323,2.800,76297,138690,5776,,-16.05,-25.52,2
Nihal,9Bet Lep,Lep,82.061340,-20.759441,49.1642,2.810,25606,36079,1829,,-5.03,-85.92,-14
Tianji,40Zet Her,Her,250.321695,31.602726,10.7158,2.810,81693,150680,6212,Gl 635A,-462.58,345.05,-70.4
,Bet Hyi,Hyi,6.418740,-77.254247,7.4588,2.820,2021,2151,98,Gl 19,2220.12,324.37,22.9
Kaus Borealis,22Lam Sgr,Sgr,276.992685,-25.421700,23.9693,2.820,90496,169916,6913,Gl 713.1,-44.81,-186.29,-43.2
Paikauhale,23Tau Sco,Sco,248.970645,-28.216016,145.3488,2.820,81266,149438,6165,,-8.59,-22.5,2
,Bet TrA,TrA,238.786245,-63.430727,12.3778,2.830,77952,141891,5897,Gl 601A,-188.45,-401.92,0.4
Algenib,88Gam Peg,Peg,3.308970,15.183596,120.0480,2.830,1067,886,39,,4.7,-8.24,4
Tureis,15Rho Pup,Pup,121.886055,-24.304324,19.4818,2.830,39757,67523,3185,,-83.29,46.38,46
,44Zet Per,Per,58.533000,31.883635,230.4147,2.840,18246,24398,1203,,4.41,-9.15,20
,Alp Ara,Ara,262.960425,-49.876145,81.9672,2.840,85792,158427,6510,,-31.27,-67.15,
,Bet Ara,Ara,261.324975,-55.529884,198.0198,2.840,85258,157244,6461,,-8.23,-24.71,-0.4
Alcyone,25Eta Tau,Tau,56.871150,24.105137,123.6094,2.850,17702,23630,1165,,19.35,-43.11,10
Castor B,66Alp Gem,Gem,113.652405,31.890520,15.8053,2.850,,60178,2890,Gl 278B,-162.69,-98.14,-1.2
Deneb Algedi,49Del Cap,Cap,326.760165,-16.127286,11.8666,2.850,107556,207098,8322,Gl 837,263.26,-296.23,-6.3
Vindemiatrix,47Eps Vir,Vir,195.544170,10.959150,33.6022,2.850,63608,113226,4932,,-275.05,19.96,-14
,Alp Hyi,Hyi,29.691765,-61.569859,22.0119,2.860,9236,12311,591,Gl 83,262.54,26.88,15.2
Fawaris,18Del Cyg,Cyg,296.243610,45.130810,50.5817,2.860,97165,186882,7528,,43.22,48.44,-20
,Gam TrA,TrA,229.727715,-68.679545,56.3698,2.870,74946,135382,5671,,-66.48,-32,-3
Lang-Exster,Alp Tuc,Tuc,334.625565,-60.259587,61.2370,2.870,110130,211416,8502,,-71.48,-38.15,42
Tejat,13Mu  Gem,Gem,95.740095,22.513586,71.0227,2.870,30343,44478,2286,,56.84,-108.79,55
Acamar,The1Eri,Eri,44.565345,-40.304672,49.4315,2.880,13847,18622,897,,-53.53,25.71,12
Albaldah,41Pi  Sgr,Sgr,287.440965,-21.023615,156.2500,2.880,94141,178524,7264,,-1.17,-36.83,-10
Cor Caroli,12Alp2CVn,CVn,194.007105,38.318380,35.1989,2.890,63125,112413,4915,,-233.43,54.98,-3
Fang,6Pi  Sco,Sco,239.712975,-26.114105,179.5332,2.890,78265,143018,5944,,-12,-25.71,-3
Gomeisa,3Bet CMi,CMi,111.787680,8.289315,49.5786,2.890,36188,58715,2845,,-50.28,-38.45,22
Aldu,45Eps Per,Per,59.463450,40.010215,195.6947,2.900,18532,24760,1220,,12.61,-24.06,1
Alniyat,20Sig Sco,Sco,245.297145,-25.592796,213.6752,2.900,80112,147165,6084,,-10.03,-18.03,3
Sadalsuud,22Bet Aqr,Aqr,322.889730,-5.571172,164.7446,2.900,106278,204867,8232,,22.79,-6.7,7
,23Gam Per,Per,46.199130,53.506440,74.5712,2.910,14328,18925,915,,0.5,-4.19,3
,Ups Car,Car,146.775540,-65.072007,440.5286,2.920,48002,85123,3890,,-11.55,4.97,14
Matar,44Eta Peg,Peg,340.750560,30.221245,65.7030,2.930,112158,215182,8650,,13.11,-26.11,4
,Tau Pup,Pup,102.483990,-50.614560,55.8036,2.940,32768,50310,2553,,34.23,-65.85,36
Algorab,7Del Crv,Crv,187.466085,-16.515432,26.6312,2.940,60965,108767,4757,,-209.97,-139.3,9
Sadalmelik,34Alp Aqr,Aqr,331.445985,-0.319851,160.5136,2.950,109074,209750,8414,,17.9,-9.93,8
Ras Elased Australis,17Eps Leo,Leo,146.462820,23.774255,75.6430,2.970,47908,84441,3873,,-46.09,-9.57,4
Tianguan,123Zet Tau,Tau,84.411195,21.142549,136.4256,2.970,26451,37202,1910,,2.39,-18.04,20
Zaurak,34Gam Eri,Eri,59.507355,-13.508515,62.3441,2.970,18543,25025,1231,,60.51,-111.34,62
Alnasl,10Gam2Sgr,Sgr,271.452045,-30.424091,29.7000,2.980,88635,165135,6746,,-55.75,-181.53,22
,Iot1Sco,Sco,266.896170,-40.126997,591.7160,2.990,87073,161471,6615,,0.44,-6.4,-28
Naja,46Gam Hya,Hya,199.730385,-23.171512,41.0341,2.990,64962,115659,5020,,68.41,-41.09,-5
Okab,17Zet Aql,Aql,286.352535,13.863478,25.4582,2.990,93747,177724,7235,GJ 4095A,-7.04,-95.31,-25
,52Psi UMa,UMa,167.415930,44.498487,44.3066,3.000,54539,96833,4335,,-62.35,-27.38,-4
Alaybasan,4Bet Tri,Tri,32.385870,34.987297,38.8954,3.000,10064,13161,622,,148.78,-39.13,10
Aldhanab,Gam Gru,Gru,328.482120,-37.364852,64.7249,3.000,108085,207971,8353,,95.88,-12.1,-2
Pherkad,13Gam UMi,UMi,230.182245,71.834016,149.2537,3.000,75097,137422,5735,,-18.03,17.68,-4
Xamidimura,Mu 1Sco,Sco,252.967635,-38.047380,153.6098,3.000,82514,151890,6247,,-8.84,-21.6,-25
Sarvvis,39Del Per,Per,55.731240,47.787551,158.2278,3.010,17358,22928,1122,,23.83,-41.93,4
,24Omi2CMa,CMa,105.756135,-23.833291,847.4576,3.020,33977,53138,2653,,-1.56,4.28,48
,2Eps Crv,Crv,182.531190,-22.619766,97.4659,3.020,59316,105707,4630,,-71.52,10.55,5
Furud,1Zet CMa,CMa,95.078295,-30.063367,111.1111,3.020,30122,44402,2282,,8,3.81,32
Almaaz,7Eps Aur,Aur,75.492225,43.823308,653.5948,3.030,23416,31964,1605,,0.18,-2.31,-3
,Bet Mus,Mus,191.570190,-68.108119,104.7120,3.040,62322,110879,4844,,-40.4,-10.32,42
Seginus,27Gam Boo,Boo,218.019540,38.308253,26.6099,3.040,71075,127762,5435,,-115.55,151.87,-37
Albireo,6Bet1Cyg,Cyg,292.680345,27.959681,133.1558,3.050,95947,183912,7417,,-7.09,-5.63,-24
Dabih,9Bet Cap,Cap,305.252805,-14.781367,100.2004,3.050,100345,193495,7776,,48.42,14,-19
Mebsuta,27Eps Gem,Gem,100.983030,25.131124,259.0674,3.060,32246,48329,2473,,-5.93,-12.81,10
Tania Australis,34Mu  UMa,UMa,155.582325,41.499516,70.6215,3.060,50801,89758,4069,,-80.47,34.1,-21
Altais,57Del Dra,Dra,288.138375,67.661541,29.8686,3.070,94376,180711,7310,,94.49,92.3,25
,Eta Sgr,Sgr,274.406895,-36.761686,44.7427,3.100,89642,167618,6832,,-129.27,-166.61,1
,16Zet Hya,Hya,133.848450,5.945563,51.2558,3.110,43813,76294,3547,,-99.76,14.65,23
,Alp Ind,Ind,309.391740,-47.291502,30.1477,3.110,101772,196171,7869,Gl 794.1,49.2,66.07,-1.3
,Lam Cen,Cen,173.945445,-63.019841,128.7001,3.110,56561,100841,4467,,-33.84,-6.87,-1
,Nu  Hya,Hya,162.406185,-16.193648,44.0723,3.110,52943,93813,4232,,92.77,199.02,-1
,Zet Ara,Ara,254.655090,-55.990141,149.0313,3.120,83081,152786,6285,GJ 9581,-18.31,-35.29,-6
Sarin,65Del Her,Her,258.757965,24.839204,23.0362,3.120,84379,156164,6410,GJ 3995A,-21.14,-157.68,-40
Talitha,9Iot UMa,UMa,134.802420,48.041826,14.5096,3.120,44127,76644,3569,Gl 331A,-441.12,-215.21,9
Wazn,Bet Col,Col,87.739935,-35.768309,26.7308,3.120,27628,39425,2040,,55.74,404.68,89
,Kap Cen,Cen,224.790375,-42.104194,117.5088,3.130,73334,132200,5576,,-17.76,-21.33,8
,40Alp Lyn,Lyn,140.263875,34.392562,62.2665,3.140,45860,80493,3705,,-222.8,14.78,38
,,Vel,142.805565,-57.034377,73.2601,3.160,46701,82668,3803,,-32.58,6.08,-14
Nuchuang,67Pi  Her,Her,258.761820,36.809162,115.4734,3.160,84380,156283,6418,,-27.35,2.7,-26
,25The UMa,UMa,143.215725,51.677300,13.4789,3.170,46853,82328,3775,Gl 354A,-947.06,-535.6,15.3
,27Phi Sgr,Sgr,281.414100,-26.990778,73.3676,3.170,92041,173300,7039,,51.15,0.45,22
Aldhibah,22Zet Dra,Dra,257.196720,65.714683,100.7049,3.170,83895,155763,6396,,-20.76,19.15,-17
Pipit,Nu  Pup,Pup,99.440295,-43.195934,113.8952,3.170,31685,47670,2451,,-0.43,-3.99,28
Haedus,10Eta Aur,Aur,76.628700,41.234474,74.6269,3.180,23767,32630,1641,,30.6,-68.41,7
Xami,Alp Cir,Cir,220.627380,-64.975138,16.5700,3.180,71908,128898,5463,Gl 560A,-192.64,-234.07,7.2
,27Kap Oph,Oph,254.417085,9.375033,28.0426,3.190,83000,153210,6299,,-293.03,-9.7,-56
Fuyue,,Sco,267.464475,-37.043304,38.5802,3.190,87261,161892,6630,,42.09,27.77,25
Ping,2Eps Lep,Lep,76.365270,-22.371032,65.4022,3.190,23685,32887,1654,,19.27,-72.35,1
Tabit,1Pi 3Ori,Ori,72.460035,6.961276,8.0684,3.190,22449,30652,1543,Gl 178,463.44,11.62,24.4
,64Zet Cyg,Cyg,318.234105,30.226916,43.8789,3.210,104732,202109,8115,,6.87,-68.12,17
Errai,35Gam Cep,Cep,354.837300,77.632276,14.1024,3.210,116727,222404,8974,Gl 903,-48.85,127.18,-43.1
,Del Lup,Lup,230.343015,-40.647518,271.0027,3.220,75141,136298,5695,,-19.11,-24.05,-2.4
,58Eta Ser,Ser,275.327505,-2.898825,18.5426,3.230,89962,168723,6869,Gl 711,-547.57,-700.72,6.9
Alfirk,8Bet Cep,Cep,322.164930,70.560716,210.0840,3.230,106032,205021,8238,,12.6,8.73,-8
Yed Posterior,2Eps Oph,Oph,244.580370,-4.692511,32.6371,3.230,79882,146791,6075,GJ 3949,82.39,40.08,-7.7
,Alp Pic,Pic,102.047910,-61.941391,29.6033,3.240,32607,50241,2550,Gl 248,-68.39,242.03,20.6
Antinous,65The Aql,Aql,302.826195,-0.821461,87.7963,3.240,99473,191692,7710,,35.48,6.05,-27
,49Pi  Hya,Hya,211.592895,-26.682361,30.9598,3.250,68895,123123,5287,Gl 538.1,43.05,-140.82,27.3
,Sig Pup,Pup,112.307685,-43.301432,59.3824,3.250,36377,59717,2878,,-59.86,188.73,88
Brachium,20Sig Lib,Lib,226.017585,-25.281965,88.4173,3.250,73714,133216,5603,,-71.85,-44.69,-4
Sulafat,14Gam Lyr,Lyr,284.735925,32.689557,190.1141,3.250,93194,176437,7178,,-2.76,1.77,-21
,Gam Hyi,Hyi,56.809425,-74.238962,65.6168,3.260,17678,24512,1208,,51.07,115.27,16
,31Del And,And,9.831930,30.861024,32.3520,3.270,3092,3627,165,,115.38,-83.05,-7
,42The Oph,Oph,260.502405,-24.999545,133.6898,3.270,84970,157056,6453,,-8.84,-23.64,-2
Skat,76Del Aqr,Aqr,343.662555,-15.820820,49.2368,3.270,113136,216627,8709,,-44.08,-24.81,18
,Ome Car,Car,153.434415,-70.037903,104.8218,3.290,50099,89080,4037,,-35.73,7.55,7
Bade,5Mu  Lep,Lep,78.232920,-16.205468,57.0125,3.290,24305,33904,1702,,45.66,-16.13,28
Edasich,12Iot Dra,Dra,231.232410,58.966065,31.0270,3.290,75458,137759,5744,,-8.27,17.3,-11
,,Car,158.006145,-61.685332,148.1481,3.300,51576,91465,4140,,-16.59,11.42,26
,Alp Dor,Dor,68.498970,-55.044975,51.7063,3.300,21281,29305,1465,,58.06,12.73,26
,Gam Ara,Ara,261.348585,-56.377727,341.2969,3.310,85267,157246,6462,,-0.77,-15.85,-3
Propus,7Eta Gem,Gem,93.719415,22.506799,117.9245,3.310,29655,42995,2216,,-62.53,-10.24,19
,25Rho Per,Per,46.294050,38.840274,94.3396,3.320,14354,19058,921,,128.69,-106.61,28
,40Tau Sgr,Sgr,286.735050,-27.670423,37.2856,3.320,93864,177716,7234,GJ 9643,-50.79,-250.51,45.4
,64Nu  Oph,Oph,269.756625,-9.773632,46.2107,3.320,88048,163917,6698,,-10.31,-116.12,13
,Bet Phe,Phe,16.521105,-46.718414,56.7210,3.320,5165,6595,322,,-33.64,15,-1
,Eta Sco,Sco,258.038280,-43.239189,22.5276,3.320,84143,155203,6380,Gl 657,22.01,-287.41,-27
Megrez,69Del UMa,UMa,183.856290,57.032617,24.6853,3.320,59774,106591,4660,Gl 459,103.56,7.81,-13.4
Chertan,70The Leo,Leo,168.560025,15.429570,50.6073,3.330,54879,97633,4359,,-59.01,-79.37,8
Rhombus,Alp Ret,Ret,63.606060,-62.473858,49.5540,3.330,19780,27256,1336,,41.64,49.72,36
Azmidi,7Xi  Pup,Pup,117.323565,-24.859786,367.6471,3.340,38170,63700,3045,,-5.56,-0.71,3
,28Eta Ori,Ori,81.119235,-2.397146,299.4012,3.350,25281,35411,1788,,-0.54,-3.21,20
Alzirr,31Xi  Gem,Gem,101.322360,12.895591,17.9986,3.350,32362,48737,2484,Gl 242,-115.16,-190.91,30
Muscida,1Omi UMa,UMa,127.566465,60.718169,54.9149,3.350,41704,71369,3323,,-134.31,-107.73,20
Segin,45Eps Cas,Cas,28.598760,63.670101,126.2626,3.350,8886,11415,542,,31.98,-18.66,-8
,30Del Aql,Aql,291.374580,3.114775,15.5255,3.360,95501,182640,7377,Gl 760,253.06,80.67,-29.9
,Eps Lup,Lup,230.670315,-44.689622,156.9859,3.370,75264,136504,5708,,-20.25,-20.13,8
Ashlesha,11Eps Hya,Hya,131.693805,6.418809,39.6354,3.380,43109,74874,3482,,-231.04,-40.17,36
Heze,79Zet Vir,Vir,203.673300,-0.595820,22.7118,3.380,66249,118098,5107,GJ 3792,-278.89,48.56,-13.2
,,Car,154.270800,-61.332304,201.6129,3.390,50371,89388,4050,,-24.25,6.38,8
,21Zet Cep,Cep,332.713620,58.201261,256.4103,3.390,109492,210745,8465,,13.35,4.49,-18
Meissa,39Lam Ori,Ori,83.784495,9.934158,336.7003,3.390,26207,36861,1879,,-1.03,-1.86,34
Minelauva,43Del Vir,Vir,193.900875,3.397470,60.8273,3.390,63090,112300,4910,,-471.44,-52.81,-18
,,Oph,257.591745,-15.726921,25.7931,3.400,,,,Gl 656.1B,36.81,92.98,
Chamukuy,78The2Tau,Tau,67.165575,15.870883,46.1042,3.400,20894,28319,1412,,108.66,-26.39,40
,3Eta Cep,Cep,311.322165,61.838782,14.2653,3.410,102422,198149,7957,Gl 807,86.08,817.89,-86.8
,Gam Phe,Phe,22.091385,-43.318234,71.6332,3.410,6867,9053,429,,-18.21,-207.71,26
,Zet Lup,Lup,228.071400,-52.099247,35.9712,3.410,74395,134505,5649,GJ 9512A,-113.94,-71,-10
Bibing,35Lam Tau,Tau,60.170070,12.490347,148.3680,3.410,18724,25204,1239,,-8.15,-11.98,18
Heng,Nu  Cen,Cen,207.376170,-41.687709,133.8688,3.410,67464,120307,5190,,-26.01,-20.38,9
Homam,42Zet Peg,Peg,340.365495,10.831364,62.6566,3.410,112029,214923,8634,,77.38,-10.98,7
,86Mu  Her,Her,266.614785,27.720676,8.3105,3.420,86974,161797,6623,Gl 695A,-291.42,-750,-16.7
,Bet Pav,Pav,311.239710,-66.203212,41.4250,3.420,102395,197051,7913,,-42.4,10.57,10
,Eta Lup,Lup,240.030540,-38.396706,135.5014,3.420,78384,143118,5948,,-16.58,-27.06,8
Mothallah,2Alp Tri,Tri,28.270440,29.578829,19.4175,3.420,8796,11443,544,Gl 78.1,12.02,-233.69,-16.2
,,Car,137.742060,-58.966896,136.9863,3.430,45080,79351,3659,,-17.67,14.14,23
,16Lam Aql,Aql,286.562250,-4.882554,37.9219,3.430,93805,177756,7236,,-19.68,-90.37,-12
Adhafera,36Zet Leo,Leo,154.172565,23.417311,84.0336,3.430,50335,89025,4031,,19.84,-7.3,-16
Tania Borealis,33Lam UMa,UMa,154.274280,42.914365,42.1585,3.450,50372,89021,4033,,-170.11,-42.64,18
,31Eta Cet,Cet,17.147460,-10.182264,37.9939,3.460,5364,6805,334,GJ 3075,215.81,-138.33,12.9
,Chi Car,Car,119.194695,-52.982360,139.4700,3.460,38827,65575,3117,,-28.38,16.76,19
Achird,24Eta Cas,Cas,12.273900,57.815187,5.9531,3.460,3821,4614,219,Gl 34A,1087.11,-559.65,8.2
Qigong,49Del Boo,Boo,228.875640,33.314833,37.3413,3.460,74666,135722,5681,,84.84,-110.57,-12
,Mu  Cen,Cen,207.404145,-42.473732,155.0388,3.470,67472,120324,5193,,-23.85,-19.22,9
Kaffaljidhma,86Gam Cet,Cet,40.825170,3.235818,24.4081,3.470,12706,16970,804,Gl 106.1A,-146.43,-145.27,-5.1
,30Eta Leo,Leo,151.833135,16.762664,389.1051,3.480,49583,87737,3975,,-1.94,-0.53,3
,44Eta Her,Her,250.723995,38.922254,33.3111,3.480,81833,150997,6220,,35.58,-84.98,8
,52Tau Cet,Cet,26.017185,-15.937480,3.6502,3.490,8102,10700,509,Gl 71,-1721.82,854.07,-17
,Alp Tel,Tel,276.743415,-45.968459,85.1789,3.490,90422,169467,6897,,-16.68,-53.33,-0.2
,Eps Gru,Gru,342.138585,-51.316864,39.5257,3.490,112623,215789,8675,GJ 9796,108.47,-65.93,-3
Alula Borealis,54Nu  UMa,UMa,169.619745,33.094306,122.3990,3.490,55219,98262,4377,,-26.61,27.51,-9
Nekkar,42Bet Boo,Boo,225.486540,40.390566,69.0608,3.490,73555,133208,5602,,-40.2,-29.22,-20
Nganurganity,22Sig CMa,CMa,105.429780,-27.934830,343.6426,3.490,33856,52877,2646,,-6.01,4.64,22
,13Kap CMa,CMa,102.460245,-32.508478,202.0202,3.500,32759,50013,2538,,-9.18,4.04,14
,32Iot Cep,Cep,342.420300,66.200408,35.3482,3.500,112724,216228,8694,,-66.1,-124.74,-12
Wasat,55Del Gem,Gem,110.030745,21.982320,18.5391,3.500,35550,56986,2777,Gl 271A,-18.72,-7.76,-15.3
,12Gam Sge,Sge,299.689275,19.492148,79.2393,3.510,98337,189319,7635,,64.37,22.58,-33
Sadalbari,48Mu  Peg,Peg,342.500775,24.601579,32.5309,3.510,112748,216131,8684,GJ 4298,144.11,-43.44,15.3
,29Gam Vir,Vir,190.412565,-1.449235,11.8301,3.520,,110380,4826,Gl 482B,-559.96,6.84,-19.6
,37Xi 2Sgr,Sgr,284.432505,-21.106654,111.9821,3.520,93085,175775,7150,,34.91,-12.33,-20
,Phi Vel,Vel,149.215620,-54.567790,487.8049,3.520,48774,86440,3940,,-13.13,2.83,14
Biham,26The Peg,Peg,332.549940,6.197865,28.2965,3.520,109427,210418,8450,GJ 9771,281.96,31.23,-7.9
Rana,23Del Eri,Eri,55.812090,-9.763395,9.0408,3.520,17378,23249,1136,Gl 150,-91.71,742.23,-5.1
Sheliak,10Bet Lyr,Lyr,282.519975,33.362667,294.9853,3.520,92420,174638,7106,,1.1,-4.46,-19
Subra,14Omi Leo,Leo,145.287645,9.892308,39.9521,3.520,47508,83808,3852,,-143.67,-37.45,27
Ain,74Eps Tau,Tau,67.154145,19.180431,44.9640,3.530,20889,28305,1409,,107.23,-36.77,39
Tarf,17Bet Cnc,Cnc,124.128840,9.185545,93.0233,3.530,40526,69267,3249,,-46.8,-48.65,22
,32Mu  Ser,Ser,237.405030,-3.430208,52.0021,3.540,77516,141513,5881,,-98.07,-27.41,-9
,55Xi  Ser,Ser,264.396675,-15.398557,32.2789,3.540,86263,159876,6561,,-39.3,-61.27,-43
,Xi  Hya,Hya,173.250570,-31.857625,39.7456,3.540,56343,100407,4450,,-209.09,-41.6,-5
,41Ups4Eri,Eri,64.473555,-33.798348,54.5554,3.550,20042,27376,1347,,62.31,-6.75,18
,44Chi Dra,Dra,275.261040,72.732843,8.0574,3.550,89937,170153,6927,Gl 713A,531.08,-351.59,32
,Del Pav,Pav,302.177355,-66.182068,6.1084,3.550,99240,190248,7665,Gl 780,1210.29,-1130.34,-21.7
,Iot Lup,Lup,214.850940,-46.058093,103.6269,3.550,69996,125238,5354,,-12.81,-3.79,22
Darlugal,14Zet Lep,Lep,86.738925,-14.821950,21.6076,3.550,27288,38678,1998,Gl 217.1,-14.84,-1.18,16.3
,12Del Crt,Crt,169.835205,-14.778541,56.9476,3.560,55282,98430,4382,,-124.47,206.61,-5
,8Iot Cet,Cet,4.856985,-8.823921,84.1751,3.560,1562,1522,74,,-14.37,-37.84,19
,Phi Eri,Eri,34.127310,-51.512165,47.1254,3.560,10602,14228,674,,90.75,-21.9,10
Pipirima,Mu 2Sco,Sco,253.083945,-38.017536,145.3488,3.560,82545,151985,6252,,-12.92,-23.8,1
,77Kap Gem,Gem,116.111895,24.397993,43.3463,3.570,37740,62345,2985,,-22.45,-56.24,21
,Phi1Lup,Lup,230.451600,-36.261376,84.3170,3.570,75177,136422,5705,,-91.85,-86.03,-29
Alkaphrah,12Kap UMa,UMa,135.906405,47.156525,109.8901,3.570,44471,77327,3594,,-37.37,-55.39,4
Kalasungsang,25Rho Boo,Boo,217.957500,30.371437,49.0918,3.570,71053,127665,5429,,-100.44,120.22,-14
,54Lam Gem,Gem,109.523250,16.540383,30.9310,3.580,35350,56537,2763,GJ 9231A,-46.09,-37.9,-9.2
Algedi,6Alp2Cap,Cap,304.513560,-12.544852,32.4465,3.580,100064,192947,7754,,61.78,2.85,0.7
,13Gam Lep,Lep,86.115855,-22.448382,8.9270,3.590,27072,38393,1983,Gl 216A,-292.42,-368.45,-9.7
,20Tau Ori,Ori,79.401630,-6.844409,151.5152,3.590,24674,34503,1735,,-15.31,-9.57,20
Ginan,Eps Cru,Cru,185.340465,-60.401147,70.4722,3.590,60260,107446,4700,,-171.06,91.82,-5
Nembus,51    And,And,24.498075,48.628213,54.3183,3.590,7607,9927,464,,60.9,-112.42,16
Zavijava,5Bet Vir,Vir,177.673830,1.764718,10.9290,3.590,57757,102870,4540,Gl 449,740.96,-271.18,4.3
,,Vel,130.073310,-52.921887,151.2859,3.600,42536,74195,3447,,-24.62,35.09,16
,34The Gem,Gem,103.197240,33.961254,57.9710,3.600,33018,50019,2540,,-2.66,-47.67,21
,39Ups Lib,Lib,234.256050,-28.135079,68.5871,3.600,76470,139063,5794,,-13.26,-3.48,-25
,45The Cet,Cet,21.005850,-8.183257,34.8918,3.600,6537,8512,402,,-78.38,-206.88,17
,Del Ara,Ara,262.774770,-60.683848,60.6796,3.600,85727,158094,6500,,-53.65,-99.37,10
,Psi Vel,Vel,142.675110,-40.466769,18.8147,3.600,46651,82434,3786,Gl 351A,-147.14,48.65,8.8
,1Omi Tau,Tau,51.203310,9.028870,89.2061,3.610,15900,21120,1030,,-74.25,-80.31,-21
,41Lam Hya,Hya,152.647005,-12.354083,34.5066,3.610,49841,88284,3994,,-200.33,-100.28,19
,Del Mus,Mus,195.566385,-71.548855,27.8707,3.610,63613,112985,4923,,263.58,-23.28,37
,Eta Pav,Pav,266.433315,-64.723871,107.9914,3.610,86929,160635,6582,,-11.08,-56.37,-8
Bharani,41    Ari,Ari,42.495945,27.260507,50.7872,3.610,13209,17573,838,,65.47,-116.59,4
,,Pup,116.313735,-37.968584,347.2222,3.620,37819,63032,3017,,-10.77,5.97,17
,Zet2Sco,Sco,253.645965,-42.361313,40.5680,3.620,82729,152334,6271,,-126.55,-227.77,-19
Alfarasalkamil,1Omi And,And,345.480255,42.325979,210.5263,3.620,113726,217675,8762,,22.47,0.24,-14
Alpherg,99Eta Psc,Psc,22.870875,15.345823,107.1811,3.620,7097,9270,437,,25.73,-3.29,15
Atlas,27    Tau,Tau,57.290595,24.053415,117.2333,3.620,17847,23850,1178,,17.77,-44.7,9
,Lam Mus,Mus,176.402115,-66.728763,38.9864,3.630,57363,102249,4520,,-100.42,33.21,16
Rotanev,6Bet Del,Del,309.387240,14.595087,30.9310,3.640,101769,196524,7882,,118.28,-47.65,-23
,23    UMa,UMa,142.881795,63.061861,23.8152,3.650,46733,81937,3757,GJ 3559,107.55,26.86,-10.4
,55Zet1Aqr,Aqr,337.207965,-0.019972,28.1690,3.650,110960,213051,8558,,191.32,37.47,29
,The Ara,Ara,271.657800,-50.091477,249.3766,3.650,88714,165024,6743,,-8.43,-9.26,3
Prima Hyadum,54Gam Tau,Tau,64.948335,15.627642,49.5295,3.650,20205,27371,1346,,115.29,-23.86,39
Zhou,28Bet Ser,Ser,236.546895,15.421826,47.5511,3.650,77233,141003,5867,,68.54,-41.31,-1
,40Tau Lib,Lib,234.664050,-29.777754,112.4859,3.660,76600,139365,5812,,-22.1,-26.54,3
Nusakan,3Bet CrB,CrB,231.957270,29.105703,34.2818,3.660,75695,137909,5747,,-181.39,86.84,-19
,Bet Ind,Ind,313.702470,-58.454155,187.6173,3.670,103227,198700,7986,,21.06,-24.75,-5
Thuban,11Alp Dra,Dra,211.097475,64.375850,92.9368,3.670,68756,123299,5291,,-56.52,17.19,-13
,3Pi 4Ori,Ori,72.801510,5.605104,322.5806,3.680,22549,30836,1552,,-3.62,1.03,23
,7Del Sge,Sge,296.846925,18.534286,182.1494,3.680,97365,187076,7536,,-4.58,11.1,3
,Alp Pyx,Pyx,130.898085,-33.186385,269.5418,3.680,42828,74575,3468,,-14.28,10.6,15
Safina,88    Aqr,Aqr,347.361645,-21.172410,82.9876,3.680,114341,218594,8812,,55.99,31.25,21
,,Car,146.311755,-62.507903,478.4689,3.690,47854,84810,3884,,-12.88,8.28,3
,Chi Eri,Eri,28.988460,-51.608896,17.8508,3.690,9007,11937,566,Gl 81A,681.24,284.23,-6.3
Fulu,17Zet Cas,Cas,9.242820,53.896909,181.8182,3.690,2920,3360,153,,17.77,-9.15,2
Nashira,40Gam Cap,Cap,325.022715,-16.662308,48.1464,3.690,106985,206088,8278,GJ 4209,187.39,-22.33,-31.2
Saclateni,8Zet Aur,Aur,75.619515,41.075837,240.9639,3.690,23453,32068,1612,,8.88,-21.43,13
Taiyangshou,63Chi UMa,UMa,176.512725,47.779406,56.3063,3.690,57399,102224,4518,,-138.38,28.37,-9
,16Tau4Eri,Eri,49.879170,-21.757864,93.3707,3.700,15474,20720,1003,,51.35,32.2,42
,6Gam Psc,Psc,349.291410,3.282289,42.3012,3.700,114971,219615,8852,,760.35,17.96,-14
,92Xi  Her,Her,269.441160,29.247880,41.9463,3.700,87933,163993,6703,,82.33,-18.73,-2
,,Pup,118.054320,-40.575786,108.1081,3.710,38414,64440,3080,,-13.89,5.3,24
,16Eta Lep,Lep,89.101230,-14.167700,14.8787,3.710,28103,40136,2085,Gl 225,-42.23,139.02,-1.4
,37Eps Ser,Ser,237.704025,4.477730,21.5983,3.710,77622,141795,5892,GJ 3921,127.98,61.87,-9.1
,72    Oph,Oph,271.837440,9.563847,26.6312,3.710,88771,165777,6771,GJ 9615A,-61.6,79.71,-23.9
,8Pi 5Ori,Ori,73.562895,2.440672,411.5226,3.710,22797,31237,1567,,1.43,0.23,23
Alshain,60Bet Aql,Aql,298.828305,6.406763,13.6986,3.710,98036,188512,7602,Gl 771A,46.35,-481.32,-40.7
,62Xi  Cyg,Cyg,316.232760,43.927852,258.3979,3.720,104060,200905,8079,,8.6,0.35,-20
Bagu,33Del Aur,Aur,89.881665,54.284656,38.6399,3.720,28358,40035,2077,,86.31,-134.05,8
Electra,17    Tau,Tau,56.218905,24.113339,124.0695,3.720,17499,23302,1142,,21.55,-44.92,12
Ran,18Eps Eri,Eri,53.232720,-9.458262,3.2161,3.720,16537,22049,1084,Gl 144,-976.44,17.97,16.9
,2Xi  Tau,Tau,51.792300,9.732680,64.1026,3.730,16083,21364,1038,,53.61,-38.12,-2
,Nu  Oct,Oct,325.368795,-77.390046,21.1999,3.730,107089,205478,8254,Gl 835.1,64.83,-240.38,34.4
Grumium,32Xi  Dra,Dra,268.382010,56.872643,34.5066,3.730,87585,163588,6688,,93.65,78.44,-26
Maenalus,109    Vir,Vir,221.562180,1.892885,41.2371,3.730,72220,130109,5511,,-116.04,-21.75,-6
Shatabhisha,73Lam Aqr,Aqr,343.153650,-7.579599,118.0638,3.730,112961,216386,8698,,19.51,32.71,-9
,20Gam Her,Her,245.480070,19.153130,59.0667,3.740,80170,147547,6095,,-47.44,44.61,-35
,65Tau Cyg,Cyg,318.697755,38.045317,20.3417,3.740,104887,202444,8130,Gl 822.1A,195.74,410.02,-23.1
Baten Kaitos,55Zet Cet,Cet,27.865140,-10.335038,72.0461,3.740,8645,11353,539,,38.78,-38.04,9
,,Vel,136.038720,-47.097737,91.8274,3.750,44511,78004,3614,,-46.82,-9.57,24
Bake-eo,62Gam Oph,Oph,266.973165,2.707276,31.5159,3.750,87108,161868,6629,,-23.15,-75.12,-7
,10Iot2Cyg,Cyg,292.426470,51.729779,37.2024,3.760,95853,184006,7420,,20.92,128.12,-20
,11Bet Mon,Mon,97.204455,-7.033062,207.4689,3.760,30867,45725,2356,,-7,-4.97,20
,15Del Lep,Lep,87.830355,-20.879089,34.8675,3.760,27654,39364,2035,,228.96,-647.96,99
,39Omi Sgr,Sgr,286.170750,-21.741496,43.5540,3.760,93683,177241,7217,GJ 9641,76.26,-58.08,27.2
,Bet Dor,Dor,83.406315,-62.489825,308.6420,3.760,26069,37350,1922,,1.06,12.56,7
Stellio,7Alp Lac,Lac,337.822725,50.282491,31.4564,3.760,111169,213558,8585,,137.22,17.15,-4
,,Vel,130.156545,-46.648744,100000.0000,3.770,42570,74180,3445,,-6.3,4.29,25
,24Iot Peg,Peg,331.752705,25.345112,11.7261,3.770,109176,210027,8430,Gl 848,296.73,26.93,-5.5
,34Zet Cap,Cap,321.666780,-22.411332,118.2033,3.770,105881,204075,8204,,-2.61,18.88,3
,41Nu  Per,Per,56.298480,42.578549,170.6485,3.770,17529,23230,1135,,-14.59,1.75,-13
,48Sig Ori,Ori,84.686535,-2.600069,328.9474,3.770,26549,37468,1931,,4.61,-0.4,29
,Bet Vol,Vol,126.434265,-66.136890,32.9707,3.770,41312,71878,3347,GJ 3499,-35.83,-152.15,27.4
,Eta Ara,Ara,252.446400,-59.041378,91.7431,3.770,82363,151249,6229,,39.59,-25.28,9
Miram,15Eta Per,Per,42.674175,55.895496,269.5418,3.770,13268,17506,834,,16.64,-13.76,-1
Secunda Hyadum,61Del1Tau,Tau,65.733705,17.542514,47.7099,3.770,20455,27697,1373,,107.75,-28.84,39
Sualocin,9Alp Del,Del,309.909525,15.912072,77.8210,3.770,101958,196867,7906,,54.14,7.91,-3
,,Car,163.373385,-58.853171,29.1290,3.780,53253,94510,4257,Gl 404.1,79.75,38.65,8.1
,29Ups UMa,UMa,147.748005,59.038735,35.6379,3.780,48319,84999,3888,,-294.45,-151.75,27
,30Zet Boo,Boo,220.287300,13.728300,53.8793,3.780,71795,129246,5477,,52.36,-12.71,-6
,60Iot Gem,Gem,111.431685,27.798080,36.9004,3.780,36046,58207,2821,,-121.28,-84.43,8
,Gam2Vol,Vol,107.186820,-70.498932,42.8633,3.780,34481,55865,2736,,23.71,108.06,3
Albali,2Eps Aqr,Aqr,311.918970,-9.495776,63.6943,3.780,102618,198001,7950,,31.89,-35.32,-16
Misam,27Kap Per,Per,47.373870,44.857544,34.5662,3.790,14668,19476,941,,173.01,-142.05,29
Praecipua,46    LMi,LMi,163.327890,34.214871,29.0867,3.790,53229,94264,4247,,92.47,-286.06,16
,,Pup,114.707790,-26.803836,106.2699,3.800,37229,61555,2948,,-17,23.08,24
,13Del Ser,Ser,233.700615,10.538867,69.9301,3.800,76276,138917,5788,,-72.63,3.17,-38
,1Kap Cyg,Cyg,289.275600,53.368459,38.0662,3.800,94779,181276,7328,,60.22,122.93,-29
,31    Cyg,Cyg,303.407940,46.741329,271.0027,3.800,99675,192577,7735,,4.2,1.87,-8
Dalim,Alp For,For,48.018735,-28.987618,14.2369,3.800,14879,20010,963,Gl 127A,371.49,612.26,-20
,,Car,156.969735,-58.739403,411.5226,3.810,51232,90853,4114,,-13.25,2.21,9
Baltesha,8Gam CrB,CrB,235.685715,26.295637,44.7828,3.810,76952,140436,5849,,-112.52,50.7,-11
Theemin,52Ups2Eri,Eri,68.887680,-30.562341,65.5738,3.810,21393,29291,1464,,-48.92,-12.75,-4
Udkadua,16Lam And,And,354.390840,46.458152,26.4061,3.810,116584,222107,8961,GJ 9832,159.22,-421.46,6.8
,38    Lyn,Lyn,139.711035,36.802597,38.2702,3.820,45688,80081,3690,,-32.61,-123.78,4
,85Iot Her,Her,264.866205,46.006332,139.4700,3.820,86414,160762,6588,,-7.17,3.97,-20
Alrescha,113Alp Psc,Psc,30.511755,2.763759,46.1681,3.820,9487,12446,595,,33.29,-0.42,9
Giausar,1Lam Dra,Dra,172.851105,69.331076,102.1450,3.820,56211,100029,4434,,-41.14,-18.79,7
Marfik,10Lam Oph,Oph,247.728435,1.983923,53.0786,3.820,80883,148857,6149,,-31.37,-73,-14
,42Mu  Hya,Hya,156.522630,-16.836290,71.7875,3.830,51069,90432,4094,,-128.51,-80.06,40
,Phi Cen,Cen,209.567790,-42.100753,161.0306,3.830,68245,121743,5248,,-23.68,-19.82,6
Paradys,Alp Aps,Aps,221.965515,-79.044751,136.9863,3.830,72370,129078,5470,,-5.67,-15.75,-1
,,Car,133.761855,-60.644609,98.0392,3.840,43783,76728,3571,,-28.18,42.24,25
,,Vel,159.325755,-48.225620,26.8384,3.840,51986,92139,4167,,-131.48,-1.58,19
,103Omi Her,Her,271.885620,28.762488,103.6269,3.840,88794,166014,6779,,-0.17,7.51,-30
,63Eps Dra,Dra,297.042750,70.267930,45.3721,3.840,97433,188119,7582,,80.18,39.02,3
,77The1Tau,Tau,67.143720,15.962181,47.3261,3.840,20885,28307,1411,,104.76,-15.01,40
,Bet Ret,Ret,56.048895,-64.806903,29.8597,3.840,17440,23817,1175,Gl 154.2,308.39,78.72,50.8
,Gam Mus,Mus,188.117010,-72.132988,99.6016,3.840,61199,109026,4773,,-50.59,-5.16,3
Atik,38Omi Per,Per,56.079720,32.288248,343.6426,3.840,17448,23180,1131,,8.11,-10.32,19
Polis,13Mu  Sgr,Sgr,273.440880,-21.058834,100000.0000,3.840,89341,166937,6812,,1.72,-1.39,-6
Shaomin,47Rho Leo,Leo,158.202795,9.306586,100000.0000,3.840,51624,91316,4133,,-5.57,-3.59,42
,,Vel,153.684105,-42.121942,31.0752,3.850,50191,88955,4023,,-150.68,49.84,7
,41Gam Ser,Ser,239.113230,15.661617,11.2537,3.850,78072,142860,5933,Gl 603,311.2,-1282.17,6.6
,5Kap Dra,Dra,188.370870,69.788238,150.3759,3.850,61281,109387,4787,,-58.14,11.42,-11
,Alp Hor,Hor,63.500445,-42.294368,35.2609,3.850,19747,26967,1326,,41.89,-203.65,22
,Alp Sct,Sct,278.801775,-8.244073,61.0501,3.850,91117,171443,6973,,-18.98,-314.63,36
,Bet Pic,Pic,86.821185,-51.066514,19.4401,3.850,27321,39060,2020,Gl 219,4.65,81.96,20
,Del Col,Col,95.528460,-33.436400,71.7360,3.850,30277,44762,2296,,-24.19,-52.48,-3
,Tau Cen,Cen,189.425910,-48.541304,40.2414,3.850,61622,109787,4802,,-186.61,-6.45,5
Tusizuo,109    Her,Her,275.924505,21.769752,36.4697,3.850,90139,169414,6895,,195.54,-242.92,-58
,37Mu  And,And,14.188275,38.499345,39.7772,3.860,4436,5448,269,,152.78,36.82,8
,91The Her,Her,269.063250,37.250539,230.9469,3.860,87808,163770,6695,,2.74,7.24,-27
,Del TrA,TrA,243.859455,-63.685682,186.2197,3.860,79664,145544,6030,,3.51,-13.49,-5
,Eps Col,Col,82.803135,-35.470519,80.7103,3.860,25859,36597,1862,,28.36,-34.11,-5
,Gam Aps,Aps,248.364135,-78.897148,47.9157,3.860,81065,147675,6102,Gl 626.1,-125.68,-77.59,5.4
Sadachbia,48Gam Aqr,Aqr,335.414070,-1.387331,50.2008,3.860,110395,212061,8518,GJ 9779,129.24,8.9,-25.6
Sceptrum,53    Eri,Eri,69.545100,-14.304020,33.6814,3.860,21594,29503,1481,GJ 9160A,-77.86,-178.06,41.8
,,Vel,131.506860,-46.041527,568.1818,3.870,43023,75063,3487,,-12.23,4.82,24
,107Mu  Vir,Vir,220.765095,-5.658207,18.2715,3.870,71957,129502,5487,GJ 9491,104.23,-319.9,4.7
,55Eta Aql,Aql,298.118205,1.005661,423.7288,3.870,97804,187929,7570,,6.94,-7.3,-15
,Ups1Cen,Cen,209.669805,-44.803584,131.0616,3.870,68282,121790,5249,,-27.97,-21.69,5
Iklil,5Rho Sco,Sco,239.221155,-29.214073,144.7178,3.870,78104,142669,5928,,-15.2,-25.1,3.3
Maia,20    Tau,Tau,56.456685,24.367748,117.5088,3.870,17573,23408,1149,,21.09,-45.03,8
,Eps Phe,Phe,2.352540,-45.747426,44.2087,3.880,765,496,25,Gl 9.1,122.15,-180.13,-9.2
,Iot Gru,Gru,347.589600,-45.246711,56.1798,3.880,114421,218670,8820,,132.42,-26.27,-4
,Kap1Lup,Lup,227.983770,-48.737819,55.1876,3.880,74376,134481,5646,,-96.52,-47.97,-6
Mesarthim,5Gam2Ari,Ari,28.382550,19.293852,50.3018,3.880,8832,11502,546,,79.43,-99.1,-1
Rasalas,24Mu  Leo,Leo,148.190970,26.006951,38.0518,3.880,48455,85503,3905,,-216.29,-54.92,14
,16Omi1CMa,CMa,103.533135,-24.184211,100000.0000,3.890,33152,50877,2580,,-3.46,5.02,36
,21Eta Cyg,Cyg,299.076570,35.083424,41.3736,3.890,98110,188947,7615,,-34,-27.6,-27
,22The Hya,Hya,138.591075,2.314280,34.7947,3.890,45336,79469,3665,,112.57,-306.07,-10
Azha,3Eta Eri,Eri,44.106870,-8.898144,41.8585,3.890,13701,18322,874,,77.73,-219.99,-20
Zaniah,15Eta Vir,Vir,184.976490,-0.666803,81.3670,3.890,60129,107259,4689,,-59.14,-23.13,2
,,Cen,202.761075,-39.407307,277.7778,3.900,65936,117440,5089,,-15.65,-11.25,-2
,Pi  Cen,Cen,170.251755,-54.491019,109.6491,3.900,55425,98718,4390,,-35.32,-2.2,9
Ukdah,35Iot Hya,Hya,144.964005,-1.142810,80.7103,3.900,47431,83618,3845,,47.81,-62.92,23
,,Hya,126.415140,-3.906424,37.5094,3.910,41307,71155,3314,,-66.05,-24.2,10
,38Nu  Tau,Tau,60.789090,5.989305,35.8551,3.910,18907,25490,1251,,5.52,-1.63,-6
,Pi  Lup,Lup,226.279545,-47.051245,135.8696,3.910,73807,133242,5605,,-23.39,-21.11,5
,Sig Cen,Cen,187.009965,-50.230635,126.2626,3.910,60823,108483,4743,,-32.49,-12.41,8
Asuusiha,22Tau Her,Her,244.935165,46.313366,94.2507,3.910,79992,147394,6092,,-13.15,39.31,-14
Zubenelhakrabi,38Gam Lib,Lib,233.881575,-14.789537,50.0250,3.910,76333,138905,5787,GJ 3912,65.67,6.93,-28.2
,44Rho1Sgr,Sgr,290.418165,-17.847197,38.9257,3.920,95168,181577,7340,GJ 4107,-26.95,22.24,1.2
Khepdenreret,58Eps Her,Her,255.072405,30.926405,47.5285,3.920,83207,153808,6324,,-47.68,26.89,-25
Kitalpha,8Alp Equ,Equ,318.955965,5.247845,58.3431,3.920,104987,202447,8131,,59.63,-94.33,-16
,,Car,167.147475,-58.975037,100000.0000,3.930,54463,96918,4337,,-5.03,2.09,7
,18Tau Per,Per,43.564425,52.762479,77.9423,3.930,13531,17878,854,,-1.99,-4.53,2
,48Nu  Eri,Eri,69.079755,-3.352459,207.0393,3.930,21444,29248,1463,,1.73,-4.54,15
,67    Oph,Oph,270.161310,2.931568,377.3585,3.930,88192,164353,6714,,0.41,-8.22,-4
,9Ome1Sco,Sco,241.701780,-20.669192,144.5087,3.930,78933,144470,5993,,-10.55,-23.73,-3
,Del Phe,Phe,22.812765,-49.072702,43.5730,3.930,7083,9362,440,,138.22,154.2,-7
,Kap Phe,Phe,6.550740,-43.679829,23.8095,3.930,2072,2262,100,Gl 20,106.14,32.83,11.3
,Zet Vol,Vol,115.455060,-72.606098,43.2339,3.930,37504,63295,3024,,33.38,15.29,48
,26Alp Mon,Mon,115.311810,-9.551131,45.3104,3.940,37447,61935,2970,,-74.8,-19.64,11
,3    Pup,Pup,115.951950,-28.954826,100000.0000,3.940,37677,62623,2996,,-4.57,3.88,25
,58Nu  Cyg,Cyg,314.293395,41.167136,114.8106,3.940,103413,199629,8028,,8.51,-23.97,-28
Asellus Australis,47Del Cnc,Cnc,131.171250,18.154309,40.0320,3.940,42911,74442,3461,,-17.1,-228.46,17
Wurren,Zet Phe,Phe,17.096130,-55.245760,91.5751,3.940,5348,6882,338,,21.17,29.7,15
,79Zet UMa,UMa,200.984940,54.920471,24.1546,3.950,,116657,5055,GJ 3784B,105.74,-30.32,-9.3
,7Nu 2CMa,CMa,99.170985,-19.255879,19.7511,3.950,31592,47205,2429,Gl 239.1,62.32,-69.91,4.1
Gang,50    Cas,Cas,30.859020,72.421294,48.1696,3.950,9598,12216,580,,-44,22.51,-14
,,Lyn,135.160275,41.782911,16.0694,3.960,44248,76943,3579,Gl 332A,-487.67,-219.29,27.1
,,Car,137.819775,-62.316977,166.3894,3.960,45101,79447,3663,,-38.04,15.93,18
,32    Cyg,Cyg,303.868005,47.714208,324.6753,3.960,99848,192909,7751,,3.88,1.2,-14
,48    Per,Per,62.165355,47.712513,146.1988,3.960,19343,25940,1273,,20.19,-33.26,1
,98    Aqr,Aqr,350.742630,-20.100580,50.1002,3.960,115438,220321,8892,,-120.27,-96.7,-7
,Eta Col,Col,89.786670,-42.815135,144.7178,3.960,28328,40808,2120,,18.53,-11.45,17
Arkab Prior,Bet1Sgr,Sgr,290.659545,-44.458965,96.1538,3.960,95241,181454,7337,,7.31,-22.43,-11
Rukbat,Alp Sgr,Sgr,290.971545,-40.615940,55.7414,3.960,95347,181869,7348,,32.67,-120.81,-1
,32Nu  Aur,Aur,87.872490,39.148480,70.6215,3.970,27673,39003,2012,,8.48,0.39,10
,47Lam Peg,Peg,341.632815,23.565654,111.9821,3.970,112440,215665,8667,GJ 4295,56.99,-10.46,-4.3
,5Chi Lup,Lup,237.739740,-33.627165,59.8444,3.970,77634,141556,5883,,-5.92,-24.91,5
,Bet Pyx,Pyx,130.025595,-35.308352,127.5510,3.970,42515,74006,3438,,9.68,-21.18,-13
,Del Vol,Vol,109.207620,-67.957152,226.2443,3.970,35228,57623,2803,,-4.11,8.5,23
,Del1Gru,Gru,337.317375,-43.495565,94.8767,3.970,110997,213009,8556,,25.62,-4.23,5
,Eps Pav,Pav,300.147675,-72.910504,32.2165,3.970,98495,188228,7590,,80.54,-131.34,-2
,Rho Cen,Cen,182.913030,-52.368460,116.1440,3.970,59449,105937,4638,,-42.17,-18.39,15
Beemim,43    Eri,Eri,66.009195,-34.016846,90.8265,3.970,20535,28028,1393,,73.77,57.57,24
,73Rho Cyg,Cyg,323.495250,45.591837,37.8931,3.980,106481,205435,8252,,-24.48,-93.88,7
Menkib,46Xi  Per,Per,59.741250,35.791033,381.6794,3.980,18614,24912,1228,,1.92,2.3,70
,,Car,156.098880,-74.031612,16.2232,3.990,50954,90589,4102,Gl 391,-16.12,-27.63,-4.7
,59Ups Cet,Cet,30.001260,-21.077831,89.7666,3.990,9347,12274,585,,133.01,-24.53,18
,5Gam Mon,Mon,93.713880,-6.274776,152.6718,3.990,29651,43232,2227,,-6.18,-20.06,-5
,Gam Tuc,Tuc,349.357470,-58.235734,23.0574,3.990,114996,219571,8848,GJ 9818,-34.93,79.59,18.4
Alcor,80    UMa,UMa,201.306195,54.987958,25.0564,3.990,65477,116842,5062,GJ 3785,120.35,-16.94,-8.9
,78Iot Leo,Leo,170.981040,10.529509,23.6742,4.000,55642,99028,4399,,140.75,-77.8,-10
,Alp Vol,Vol,135.611655,-66.396076,38.2995,4.000,44382,78045,3615,Gl 333.3,-2.01,-95.8,5.9
Jabbah,14Nu  Sco,Sco,242.998890,-19.460708,145.3488,4.000,79374,145502,6027,,-9.7,-25.25,2
,,Cen,220.489980,-37.793498,103.9501,4.010,71865,129116,5471,,-29.56,-30.68,1
,13The Dra,Dra,240.472980,58.565251,21.0349,4.010,78527,144284,5986,Gl 609.1,-320.07,334.96,-7.7
,28Ome CMa,CMa,108.702735,-26.772667,279.3296,4.010,35037,56139,2749,,-11.5,7.67,26
,41    Cyg,Cyg,307.348890,30.368555,235.8491,4.010,101076,195295,7834,,6.87,-0.64,-18
,57Mu  Eri,Eri,71.375625,-3.254657,160.0000,4.010,22109,30211,1520,,17.27,-13.51,9
,Gam2Nor,Nor,244.960305,-50.155508,39.4789,4.010,80000,146686,6072,GJ 9554,-159.36,-52.84,-28.9
,Zet Pav,Pav,280.758900,-71.428113,66.9792,4.010,91792,171759,6982,,1.25,-158.29,-16
Dajiangjunbei,Phi Per,Per,25.915125,50.688732,220.2643,4.010,8068,10516,496,,24.08,-13.59,1
Mekbuda,43Zet Gem,Gem,106.027215,20.570297,421.9409,4.010,34088,52973,2650,,-5.72,-0.96,7
,12    Aql,Aql,285.420120,-5.739115,44.1306,4.020,93429,176678,7193,,-24.15,-39.73,-44
,13Eps Aql,Aql,284.905665,15.068298,47.5059,4.020,93244,176411,7176,,-52.68,-73.81,-48
,Gam Pyx,Pyx,132.633060,-27.709844,63.5728,4.020,43409,75691,3518,,-133.49,88.16,25
Alchiba,1Alp Crv,Crv,182.103375,-24.728875,14.9365,4.020,59199,105452,4623,Gl 455.3,100.18,-39.33,2.9
,10Bet Cam,Cam,75.854550,60.442245,267.3797,4.030,23522,31910,1603,,-6.11,-14.78,-2
,28Ome Psc,Psc,359.827875,6.863321,31.9898,4.030,118268,224617,9072,,148.49,-112.16,2
,70    Oph,Oph,271.363695,2.500099,5.0834,4.030,88601,165341,6752,Gl 702A,124.56,-962.66,-6.9
,Mu 1Cru,Cru,193.648500,-57.177924,127.0648,4.030,63003,112092,4898,,-30.45,-13.55,14
Aldulfin,2Eps Del,Del,308.303205,11.303263,101.3171,4.030,101421,195810,7852,,10.75,-28.54,-19
Apdu,9Gam Tri,Tri,34.328595,33.847194,34.4353,4.030,10670,14055,664,,44.91,-52.42,14
Yuyu,48Iot Cnc,Cnc,131.674260,28.759898,101.5228,4.030,43103,74739,3475,,-20.69,-43.95,16
,23The Boo,Boo,216.299505,51.850744,14.5307,4.040,70497,126660,5404,Gl 549A,-236.06,-399.07,-11.4
,3Nu  Vir,Vir,176.464830,6.529376,90.0901,4.040,57380,102212,4517,,-19.65,-180.02,51
,62Eta Aqr,Aqr,338.839080,-0.117498,51.4668,4.040,111497,213998,8597,,88.56,-56.1,-8
Beid,38Omi1Eri,Eri,62.966415,-6.837581,37.3134,4.040,19587,26574,1298,,11.92,81.28,11
,,Vel,131.099805,-42.649276,70.1754,4.050,42884,74772,3477,Gl 321.1,-23.88,19.46,-2.3
,5Ups Boo,Boo,207.369345,15.797905,80.7754,4.050,67459,120477,5200,,-93.64,40.76,-6
,71Tau2Aqr,Aqr,342.397920,-13.592632,97.3710,4.050,112716,216032,8679,,-12.58,-38.8,1
,77Sig Leo,Leo,170.284140,6.029322,67.4764,4.050,55434,98664,4386,,-91.76,-12.83,-5
,Alp Cha,Cha,124.630545,-76.919722,19.5618,4.050,40702,71243,3318,Gl 305,109.84,106.92,-13.2
,Iot Per,Per,47.265075,49.613278,10.5407,4.050,14632,19373,937,Gl 124,1262.29,-91.53,49.5
,Psi Cen,Cen,215.139345,-37.885295,79.3651,4.050,70090,125473,5367,,-64.5,-11.39,-5
,Rho Lup,Lup,219.471810,-49.425828,96.8992,4.050,71536,128345,5453,,-27.78,-29.05,8
,,Cen,220.914360,-35.173655,64.2261,4.060,72010,129456,5485,,-60.93,-176.82,-38
,15Gam Crt,Crt,171.220530,-17.684010,25.2398,4.060,55705,99211,4405,,-97.01,3.22,1
,69Ups Gem,Gem,113.980620,26.895741,83.0565,4.060,36962,60522,2905,,-39.58,-108.08,-21
,9Omi2Ori,Ori,74.092815,13.514466,57.0125,4.060,22957,31421,1580,,-77.77,-45.97,1
,Eps Mus,Mus,184.393755,-67.960736,92.4214,4.060,59929,106849,4671,,-231.26,-26.37,7
,Eps1Ara,Ara,254.896035,-53.160438,110.6195,4.060,83153,152980,6295,,1.12,21.53,23
,Zet Cru,Cru,184.609470,-64.003071,109.6491,4.060,60009,106983,4679,,-33.19,-10.38,16
,27Del Cep,Cep,337.292745,58.415198,265.2520,4.070,110991,213306,8571,,16.47,3.55,-15
,Bet Cir,Cir,229.378755,-58.801208,30.5530,4.070,74824,135379,5670,Gl 580.1,-98.39,-135.46,9.6
,Lam Lup,Lup,227.210910,-45.279857,238.0952,4.070,74117,133955,5626,,-17.32,-26.11,10
Syrma,99Iot Vir,Vir,214.003620,-6.000547,22.2370,4.070,69701,124850,5338,GJ 9473,-25.84,-419.84,14.6
,,Car,143.611065,-59.229753,406.5041,4.080,46974,83183,3825,,-11.23,6.02,22
,1    Peg,Peg,320.521650,19.804508,47.7783,4.080,105502,203504,8173,,105.94,62.61,-76
,11Tau3Eri,Eri,45.597945,-23.624472,27.1739,4.080,14146,18978,919,Gl 121,-145.96,-55.76,-9.8
,13    Lyr,Lyr,283.833735,43.946088,91.4077,4.080,92862,175865,7157,,19.94,80.6,-28
,14The CMa,CMa,103.547505,-12.038628,79.9361,4.080,33160,50778,2574,,-139.04,-14.47,97
,82Del Cet,Cet,39.870660,0.328511,199.2032,4.080,12387,16582,779,,14.44,-2.53,13
,Del Hyi,Hyi,35.437470,-68.659418,42.8266,4.080,11001,15008,705,Gl 97.1,-50.07,2.38,6
Alkes,7Alp Crt,Crt,164.943660,-18.298783,48.8043,4.080,53740,95272,4287,,-462.39,129.11,47
Shimu,34Zet And,And,11.834715,24.267178,58.0046,4.080,3693,4502,215,,-101.23,-81.89,-24
Udang,23The Cap,Cap,316.486770,-17.232861,49.7265,4.080,104139,200761,8075,,79.64,-61.64,-11
,40Phi2Ori,Ori,84.226620,9.290673,36.0231,4.090,26366,37160,1907,,96.84,-304.18,99
Gudja,35Kap Ser,Ser,237.184905,18.141564,117.0960,4.090,77450,141477,5879,,-51.78,-88.72,-39
,,Pup,117.309570,-46.373205,505.0505,4.100,38164,63922,3055,,-4.62,9.04,24
,13The Per,Per,41.049510,49.228448,11.1272,4.100,12777,16895,799,Gl 107A,334.03,-89.96,24.4
,Bet CrA,CrA,287.507310,-39.340796,145.3488,4.100,94160,178345,7259,,5.89,-36.78,3
,Zet Tel,Tel,277.207575,-49.070588,38.6997,4.100,90568,169767,6905,,137.9,-229.14,-31
Titawin,50Ups And,And,24.199485,41.405459,13.4916,4.100,7513,9826,458,Gl 61,-172.57,-381.01,-28.7
,,Vel,129.410985,-42.989081,558.6592,4.110,42312,73634,3426,,-10.38,9.47,19
,,Cen,176.628480,-61.178398,119.4743,4.110,57439,102350,4522,,-21.85,-16.23,-3
,Eps TrA,TrA,234.180000,-66.317037,61.8429,4.110,76440,138538,5771,,24.51,-54.66,-16
,Gam Cha,Cha,158.867490,-78.607786,128.0410,4.110,51839,92305,4174,,-38,11.53,-22
,Iot Eri,Eri,40.166715,-39.855375,46.1894,4.110,12486,16815,794,,135.17,-27.34,-9
,Zet Gru,Gru,345.220155,-52.754137,33.3778,4.110,113638,217364,8747,,-65.09,-12.91,-1
Meridiana,Alp CrA,CrA,287.368035,-37.904474,38.4320,4.110,94114,178253,7254,,85.73,-96.65,-18
Muliphein,23Gam CMa,CMa,105.939555,-15.633286,135.5014,4.110,34045,53244,2657,,-0.81,-11.2,32
Zhang,39Ups1Hya,Hya,147.869550,-14.846603,80.9061,4.110,48356,85444,3903,,18.68,-21.88,-15
,18Ome Cap,Cap,312.955380,-26.919133,258.3979,4.120,102978,198542,7980,,-7.97,-2.54,9
,51Mu  Per,Per,63.724425,48.409331,276.2431,4.120,19812,26630,1303,,5.04,-17.35,8
,61Mu  Ori,Ori,90.595830,9.647276,47.5059,4.120,28614,40932,2124,,14.19,-37.44,45
,9Omi Vir,Vir,181.302255,8.732985,50.0501,4.120,58948,104979,4608,GJ 3703,-220.32,57.52,-32.2
,Del2Gru,Gru,337.439325,-43.749224,101.2146,4.120,111043,213080,8560,,-14.93,1.79,2
,Eps Hyi,Hyi,39.896985,-68.266946,46.5549,4.120,12394,16978,806,,87.4,0.56,6
,Iot Sgr,Sgr,298.815390,-41.868288,55.7414,4.120,98032,188114,7581,,23.37,51.6,36
,16Psi Cap,Cap,311.523900,-25.270898,14.6778,4.130,102485,197692,7936,Gl 805,-51.38,-156.66,25.8
,17Iot Psc,Psc,354.987660,5.626292,13.7137,4.130,116771,222368,8969,Gl 904,376.32,-437,5.5
,18Nu  Gem,Gem,97.240785,20.212133,166.9449,4.130,30883,45542,2343,,-5.98,-14.08,39
,29    Ori,Ori,80.986785,-7.808065,48.2393,4.130,25247,35369,1784,,-13.91,-44.8,-18
,46The Lib,Lib,238.456395,-16.729293,51.6529,4.130,77853,142198,5908,,100.12,135.27,3
,Bet Oct,Oct,341.515380,-81.381615,45.7666,4.130,112405,214846,8630,,-55.35,0.88,24
,1    Lac,Lac,333.992400,37.748737,190.4762,4.140,109937,211388,8498,,8.74,0.76,-8
,10Kap Peg,Peg,326.161380,25.645036,34.2231,4.140,107354,206901,8315,,46.66,13.47,-8
,13Eps CrB,CrB,239.396910,26.877880,67.8887,4.140,78159,143107,5947,,-76.55,-60.24,-31
,4Del Hya,Hya,129.414030,5.703782,49.1642,4.140,42313,73262,3410,,-70.27,-6.99,11
,5    Tau,Tau,52.718235,12.936678,104.9318,4.140,16369,21754,1066,,18.94,-1.55,15
,Eta Cru,Cru,181.720305,-64.613730,19.7550,4.140,59072,105211,4616,Gl 455.2,34.27,-37.49,9
Guansuo,4The CrB,CrB,233.232435,31.359133,115.0748,4.140,76127,138749,5778,,-19.62,-8.94,-25
Merope,23    Tau,Tau,56.581560,23.948358,116.5501,4.140,17608,23480,1156,,21.17,-42.67,6
,22Del Mon,Mon,107.966085,-0.492764,117.7856,4.150,34769,55185,2714,,-0.22,6.68,15
,75Rho Her,Her,260.920620,37.145946,120.6273,4.150,85112,157778,6484,,-38.58,9.19,-19
Kaffalmusalsala,19Kap And,And,355.102035,44.333932,51.6262,4.150,116805,222439,8976,,81.33,-18.96,-9
,1    Gem,Gem,91.030065,23.263341,47.5511,4.160,28734,41116,2134,,-2.6,-119.72,20
,44    Oph,Oph,261.592560,-24.175309,25.4972,4.160,85340,157792,6486,Gl 673.1,-1.97,-117.69,-37.2
,62Rho Gem,Gem,112.277925,31.784550,18.0473,4.160,36366,58946,2852,Gl 274A,159.33,193.82,3.1
,,Eri,57.363555,-36.200250,64.3501,4.170,17874,24160,1195,,-49.42,-56.63,2
Ancha,43The Aqr,Aqr,334.208475,-7.783290,57.4713,4.170,110003,211391,8499,,118.95,-21.91,-15
Cexing,15Kap Cas,Cas,8.249955,62.931783,100000.0000,4.170,2599,2905,130,,3.99,-2.1,-2
,,Sco,249.093630,-35.255326,105.0420,4.180,81304,149447,6166,,14.72,12.14,-2
,18Eps PsA,PsA,340.163910,-27.043617,149.2537,4.180,111954,214748,8628,,22.01,-0.88,3
,23Eps Cep,Cep,333.758160,57.043587,26.1986,4.180,109857,211336,8494,GJ 4266,476.45,50,-1.4
Kang,98Kap Vir,Vir,213.223935,-10.273702,78.1250,4.180,69427,124294,5315,,8.04,140.79,-4
Xuange,19Lam Boo,Boo,214.096110,46.088305,30.3582,4.180,69732,125162,5351,GJ 3837,-187.42,159.01,-8.1
,110    Her,Her,281.415525,20.546308,19.2086,4.190,92043,173667,7061,Gl 725.2,-9.25,-335.65,22.3
,2    Cen,Cen,207.361365,-34.450776,56.1167,4.190,67457,120323,5192,,-42.59,-59.87,41
,11    Pup,Pup,119.214750,-22.880119,160.0000,4.200,38835,65228,3102,,-29.61,12.28,14
,23Del PsA,PsA,343.987080,-32.539628,47.2590,4.200,113246,216763,8720,,10.84,30.32,-12
,31Bet LMi,LMi,156.970905,36.707212,47.1921,4.200,51233,90537,4100,,-127.52,-109.62,6
,32    Ori,Ori,82.696050,5.948139,92.8505,4.200,25813,36267,1839,,6.57,-32.45,19
,35Sig Her,Her,248.525760,42.437041,96.5251,4.200,81126,149630,6168,,-9.03,59.8,-11
,46Xi  Peg,Peg,341.673240,12.172888,16.2973,4.200,112447,215648,8665,Gl 872A,233.06,-492.04,-6
,,Cam,52.267230,59.940330,595.2381,4.210,16228,21291,1035,,-0.82,-1.85,-7
,22Eps UMi,UMi,251.492385,82.037262,93.1966,4.210,82080,153751,6322,,19.54,4.67,-11
,2The Cep,Cep,307.395225,62.994105,41.8410,4.210,101093,195725,7850,,45,-13.31,-7
,65Kap1Tau,Tau,66.342330,22.293874,47.1921,4.210,20635,27934,1387,,105.49,-44.14,40
,Gam Pav,Pav,321.610575,-65.366198,9.2618,4.210,105858,203608,8181,Gl 827,81.08,800.68,-29.4
,,Pup,118.325670,-48.102934,507.6142,4.220,38518,64760,3090,,-4.9,5.89,41
,12Del2Lyr,Lyr,283.626180,36.898613,225.7336,4.220,92791,175588,7139,,-6.73,3.26,-26
,16    Per,Per,42.645945,38.318644,37.0233,4.220,13254,17584,840,,195.68,-108.92,14
,27Tau6Eri,Eri,56.712060,-23.249723,17.6274,4.220,17651,23754,1173,Gl 155,-159.86,-528.54,6.9
,43Phi Dra,Dra,275.189325,71.337814,92.8505,4.220,89908,170000,6920,,-5.91,35.79,-16
,52    Cyg,Cyg,311.415645,30.719715,61.6523,4.220,102453,197912,7942,,-8.01,24.04,-1
,67Sig Cyg,Cyg,319.353975,39.394681,884.9558,4.220,105102,202850,8143,,0.43,-3.61,-4
,7Chi Oph,Oph,246.755985,-18.456251,161.0306,4.220,80569,148184,6118,,-5.58,-22.22,-3
,90Phi Aqr,Aqr,348.580665,-6.049003,61.9579,4.220,114724,219215,8834,,46.22,-195.85,-0.2
,Bet Sct,Sct,281.793630,-4.747867,280.8989,4.220,92175,173764,7063,,-7.71,-15.89,-22
,Lam Pav,Pav,283.054320,-62.187593,438.5965,4.220,92609,173948,7074,,-1.33,-13.53,9
,The Lup,Lup,241.648110,-36.802288,127.0648,4.220,78918,144294,5987,,-15.84,-31.06,15
,1    Cen,Cen,206.422065,-33.043721,19.4024,4.230,67153,119756,5168,Gl 525.1,-461.85,-146.17,-21.6
,11Phi Her,Her,242.192430,44.934906,62.5391,4.230,79101,145389,6023,,-25.98,35.86,-16
,43Bet Com,Com,197.968560,27.878183,9.1291,4.230,64394,114710,4983,Gl 502,-801.94,882.7,5.1
,75Sig Gem,Gem,115.828005,28.883510,38.3436,4.230,37629,62044,2973,,61.84,-231.26,46
,81Pi 2Cyg,Cyg,326.698365,49.309570,338.9831,4.230,107533,207330,8335,,3.61,-1.86,-12
,93Tau Vir,Vir,210.411645,1.544532,68.9655,4.230,68520,122408,5264,,17.41,-21.2,-2
,Bet Aps,Aps,250.771890,-77.517435,48.1232,4.230,81852,149324,6163,,-282.83,-355.03,-30
,Gam CrA,CrA,286.604565,-37.063437,17.3040,4.230,93825,177474,7226,Gl 743.1A,96.93,-279.67,-53.2
,Zet Tuc,Tuc,5.012130,-64.874791,8.5866,4.230,1599,1581,77,Gl 17,1707.56,1165.36,9
Garnet Star,Mu  Cep,Cep,325.876905,58.780046,100000.0000,4.230,107259,206936,8316,,5.24,-2.88,19
,,Sco,247.845555,-34.704366,170.0680,4.240,80911,148703,6143,,-11.51,-18.56,1
,56Omi Ser,Ser,265.353645,-12.875307,53.1067,4.240,86565,160613,6581,,-72.16,-55.22,-30
,89Pi  Cet,Cet,41.030625,-13.858696,120.4819,4.240,12770,17081,811,,-7.58,-8.4,15
,91Psi1Aqr,Aqr,348.972885,-9.087737,45.9348,4.240,114855,219449,8841,Gl 893.2A,368.56,-17.02,-25.2
,Bet Cha,Cha,184.587180,-79.312240,91.4913,4.240,60000,106911,4674,,-38.07,12,23
,Kap Eri,Eri,36.746325,-47.703840,155.7632,4.240,11407,15371,721,,19.97,-5.44,28
Chara,8Bet CVn,CVn,188.436165,41.357480,8.4395,4.240,61317,109358,4785,Gl 475,-705.06,292.93,6.6
Tarandus,,Cep,17.184195,86.257090,85.9107,4.240,5372,5848,285,,80.34,-11.36,9
,,Cen,193.359105,-40.178872,45.5581,4.250,62896,111968,4889,Gl 488.1,69.64,-21.83,-2.5
,10Nu  Cep,Cep,326.362200,61.120806,100000.0000,4.250,107418,207260,8334,,-3.08,-1.86,-21
,47Lam Per,Per,61.646025,50.351262,129.3661,4.250,19167,25642,1261,,-13.03,-36.37,6
,5    UMi,UMi,216.881370,75.695993,110.0110,4.250,70692,127700,5430,,8.71,22.09,10
,58    Per,Per,69.172620,41.264808,244.4988,4.250,21476,29094,1454,,-5.42,-19.19,5
,69Lam Eri,Eri,77.286600,-8.754081,248.7562,4.250,23972,33328,1679,,,-2.01,3
,88    Tau,Tau,68.913585,10.160790,47.8927,4.250,21402,29140,1458,,44.89,-52.42,29
,Kap Tuc,Tuc,18.940560,-68.875927,20.9556,4.250,5896,7788,377,Gl 55.3A,411.11,127.43,4
Alsciaukat,31    Lyn,Lyn,125.708820,43.188131,117.2333,4.250,41075,70272,3275,,-25.62,-99.44,24
,,Sco,264.136815,-38.635308,50.8388,4.260,86170,159433,6546,,-18.47,-182.29,-49
,19Tau5Eri,Eri,53.446980,-21.632883,89.9281,4.260,16611,22203,1088,,44.91,-27.47,14
,9Alp Cam,Cam,73.512540,66.342678,100000.0000,4.260,22783,30614,1542,,0.49,7.31,6
,Gam Dor,Dor,64.006455,-51.486648,20.4625,4.260,19893,27290,1338,Gl 167.1,100.57,184.23,25.2
82 G. Eri,,Eri,49.979160,-43.069784,6.0434,4.260,15510,20794,1008,Gl 139,3038.08,726.34,86.7
Acubens,65Alp Cnc,Cnc,134.621760,11.857701,57.7367,4.260,44066,76756,3572,,41.45,-29.22,-14
Bodu,95    Her,Her,270.376695,21.595782,127.8772,4.260,88267,164668,6729,,7.55,38.79,-31
Junnanmen,42Phi And,And,17.375520,47.241792,219.7802,4.260,5434,6811,335,,3.81,-13.02,-2.2
Kurhah,17Xi  Cep,Cep,330.947025,64.627971,29.5946,4.260,108917,209790,8417,,214.46,89.29,-6
Torcular,110Omi Psc,Psc,26.348460,9.157736,85.6898,4.260,8198,10761,510,,70.82,38.99,14
,10The Psc,Psc,351.992070,6.378992,45.5373,4.270,115830,220954,8916,,-123.83,-43.26,6
,12Gam2Del,Del,311.664600,16.124296,38.7297,4.270,102532,197964,7948,,-25.88,-196.27,-7
,49Mu  Tau,Tau,63.883575,8.892357,139.6648,4.270,19860,26912,1320,,20.39,-21.75,17
,71Eps Psc,Psc,15.735870,7.890135,55.7414,4.270,4906,6186,294,,-80.57,25.88,7
,87Mu  Cet,Cet,41.235585,10.114146,25.7732,4.270,12828,17094,813,GJ 9099,285.17,-30.4,30.4
,90    Tau,Tau,69.539415,12.510838,47.0810,4.270,21589,29388,1473,,101.73,-14.9,45
,Mu  Lup,Lup,229.633455,-47.875272,102.8807,4.270,74911,135734,5683,,-31.74,-32.82,15
,Xi 2Cen,Cen,196.727700,-49.906246,143.2665,4.270,64004,113791,4942,,-26.24,-12.43,14
Arkab Posterior,Bet2Sgr,Sgr,290.804640,-44.799778,41.1353,4.270,95294,181623,7343,,92.78,-53.73,19
Gaja,94Tau Tau,Tau,70.561260,22.956926,122.1001,4.270,21881,29763,1497,,-2.84,-20.33,15
,,Dra,144.272265,81.326382,304.8780,4.280,47193,81817,3751,,-16.77,-15.95,-5
,29Pi 2Peg,Peg,332.496855,33.178224,80.6452,4.280,109410,210459,8454,,-12.34,-17.94,2
,32Iot Cap,Cap,320.561640,-16.834542,60.3136,4.280,105515,203387,8167,,30.83,5.26,12
,33    Cyg,Cyg,303.349320,56.567722,48.8281,4.280,99655,192696,7740,,60.85,82.26,-18
,45    Oph,Oph,261.838635,-29.867033,34.2114,4.280,85423,157919,6492,,14.38,-137.41,37
,69Ups Tau,Tau,66.576915,22.813583,47.1476,4.280,20711,28024,1392,,108.66,-45.83,35
,Alp Ant,Ant,156.787950,-31.067779,112.2334,4.280,51172,90610,4104,,-80.42,9.63,12
,The Gru,Gru,346.719750,-43.520358,40.4367,4.280,114131,218227,8787,,-48.35,-13.98,10
,,Vel,159.826680,-55.603268,257.7320,4.290,52154,92449,4180,,-18.87,4.31,20
,10    Tau,Tau,54.218265,0.401662,13.9626,4.290,16852,22484,1101,Gl 147,-232.69,-482,27.9
,16Zet UMi,UMi,236.014485,77.794493,113.1222,4.290,77055,142105,5903,,20.07,-2.5,-13
,17Bet PsA,PsA,337.876350,-32.346073,43.7828,4.290,111188,213398,8576,,59.64,-18.7,6
,33Iot Aqr,Aqr,331.609290,-13.869679,53.7057,4.290,109139,209819,8418,,40.45,-57.16,-10
,6Lam Lep,Lep,79.893855,-13.176788,261.0966,4.290,24845,34816,1756,,-2.49,-4.74,20
,8Phi Oph,Oph,247.784865,-16.612733,74.6826,4.290,80894,148786,6147,,-44.57,-38.04,-34
,Bet Hya,Hya,178.227195,-33.908124,94.9668,4.290,57936,103192,4552,,-58.02,2.4,-1
Rasalnaqa,17Iot And,And,354.534150,43.268073,153.1394,4.290,116631,222173,8965,,27.72,-1.21,-1
,,Eri,57.149445,-37.620155,50.7357,4.300,17797,24071,1189,,75.83,-10.69,16
,,Cen,177.421155,-63.788478,182.4818,4.300,57669,102776,4537,,-17.93,4.44,29
,,Cen,215.081445,-56.386497,375.9398,4.300,70069,125288,5358,,-9.29,-7.57,4
,35Pi  Aur,Aur,89.983755,45.936736,230.4147,4.300,28404,40239,2091,,-2.42,-7.32,1
,54    Leo,Leo,163.903350,24.749718,87.9507,4.300,53417,94601,4259,,-78.41,-14.89,5
,5Alp1Cap,Cap,304.411950,-12.508212,174.5201,4.300,100027,192876,7747,,22.24,0.75,-26
,68Del3Tau,Tau,66.372420,17.927910,45.5373,4.300,20648,27962,1389,,108.26,-32.47,35
,73Xi 2Cet,Cet,37.039755,8.460054,59.2066,4.300,11484,15318,718,,41.72,-14.46,11
,7Eta Hya,Hya,130.806150,3.398662,179.8561,4.300,42799,74280,3454,,-19.14,-1.29,17
,8Eta Crv,Crv,188.017650,-16.196007,18.2815,4.300,61174,109085,4775,Gl 471.2,-424.37,-58.41,-0.8
,91Ups Leo,Leo,174.237210,-0.823749,55.6483,4.300,56647,100920,4471,,1.3,43.43,1
,Alp Scl,Scl,14.651490,-29.357449,238.0952,4.300,4577,5737,280,,22.44,6.3,10
Taygeta,19    Tau,Tau,56.302050,24.467278,125.4705,4.300,17531,23338,1145,,19.35,-41.63,6
,,Car,130.154295,-59.761003,442.4779,4.310,42568,74375,3457,,-6.87,4.92,13
,10Ome2Sco,Sco,241.851360,-20.868764,89.1266,4.310,78990,144608,5997,,43.68,-45.3,-5
,71    Aql,Aql,309.584505,-1.105121,103.4126,4.310,101847,196574,7884,,15.66,-17.01,-6
,Del Oct,Oct,216.732015,-83.667884,91.6590,4.310,70638,124882,5339,,-95.79,-12.91,5
Alkalurops,51Mu 1Boo,Boo,231.122715,37.377167,34.6861,4.310,75411,137391,5733,GJ 3903A,-147.68,84.69,-8.6
,119    Tau,Tau,83.053125,18.594234,549.4505,4.320,25945,36389,1845,,-0.34,-4.51,23
,12    Hya,Hya,131.593905,-13.547720,75.1315,4.320,43067,74918,3484,,17.57,-6.22,-8
,3    Cen,Cen,207.956685,-32.994089,105.3741,4.320,67669,120709,5210,,-35.74,-30.14,10
,37Psi Per,Per,54.122385,48.192634,178.8909,4.320,16826,22192,1087,,21.41,-27.58,-1
,44Kap Aur,Aur,93.844560,29.498076,54.2594,4.320,29696,43039,2219,,-70.9,-261.73,20
,53Nu  Ser,Ser,260.206920,-12.846875,62.3053,4.320,84880,156928,6446,,42.75,2.72,5
,54    Eri,Eri,70.110465,-19.671493,112.9944,4.320,21763,29755,1496,,28.21,-97.09,-33
,Omi Lup,Lup,222.909615,-43.575359,123.9157,4.320,72683,130807,5528,,-24.79,-26.8,7
,The1Cru,Cru,180.756705,-63.312930,72.0461,4.320,58758,104671,4599,,-152.53,6.1,-2
Alterf,4Lam Leo,Leo,142.930125,22.967971,100.9082,4.320,46750,82308,3773,,-19.38,-39.04,27
Diadem,42Alp Com,Com,197.497035,17.529431,17.8253,4.320,64241,114378,4968,Gl 501A,-445.95,129.69,-11.6
,,Cen,193.278870,-48.943315,90.2527,4.330,62867,111915,4888,,-79.18,-25.34,-2
,1Kap Lyr,Lyr,274.965465,36.064547,77.1605,4.330,89826,168775,6872,,-16.14,41.32,-22
,4Gam CMi,CMi,112.040805,8.925530,97.5610,4.330,36284,58972,2854,,-59.29,10.76,47
,Pi  Pav,Pav,272.145000,-63.668553,39.8565,4.330,88866,165040,6745,,17.45,-207.64,-16
,Tau2Lup,Lup,216.545040,-45.379276,97.8474,4.330,70576,126354,5396,,13.55,-6.35,-1
Alula Australis,53Xi  UMa,UMa,169.546770,31.528783,10.4167,4.330,,98231,4375,Gl 423A,-425.24,-581.01,-15.9
Guniibuu,36    Oph,Oph,258.837540,-26.602829,5.9333,4.330,84405,155886,6401,Gl 663A,-473.69,-1143.93,0.9
,,Car,139.050360,-57.541473,149.7006,4.340,45496,80230,3696,,-27.77,-14.77,-5
,,Vel,144.206580,-49.355026,32.3206,4.340,47175,83446,3836,,-130.56,42.29,21
,111    Her,Her,281.755290,18.181519,28.8934,4.340,92161,173880,7069,,83.74,119.01,-45
,29Pi  And,And,9.220200,33.719344,183.4862,4.340,2912,3369,154,,15.23,-3.56,9
,30Eps And,And,9.639030,29.311751,50.2260,4.340,3031,3546,163,,-229.41,-254.08,-84
,33The Cas,Cas,17.775255,55.149901,40.9500,4.340,5542,6961,343,,226.62,-19.34,9
,49Sig Oph,Oph,261.628665,4.140360,276.2431,4.340,85355,157999,6498,,1.25,7.09,-27
,4Xi 1CMa,CMa,97.964025,-23.418422,423.7288,4.340,31125,46328,2387,,-2.72,6.45,27
,5    Lac,Lac,337.382595,47.706887,505.0505,4.340,111022,213310,8572,,-0.6,-3.37,-4
,6Zet1Lyr,Lyr,281.193135,37.605115,47.8698,4.340,91971,173648,7056,,29.26,26.57,-26
,9    Peg,Peg,326.127900,17.350017,284.0909,4.340,107348,206859,8313,,7.9,-10.75,-22
,Del Dor,Dor,86.193345,-65.735526,45.8716,4.340,27100,39014,2015,,-28.38,6.12,-3
,Ome Lup,Lup,234.513480,-42.567348,67.0241,4.340,76552,139127,5797,,-147.6,56.35,-7
,The Cha,Cha,125.161725,-77.484477,47.6190,4.340,40888,71701,3340,,-129.09,40.78,22
,Ups2Cen,Cen,210.431220,-45.603421,389.1051,4.340,68523,122223,5260,,3.89,-20.94,-1
,,Car,98.744100,-52.975607,418.4100,4.350,31407,47306,2435,,-7.65,11.33,23
,13Rho Hya,Hya,132.108210,5.837812,108.5776,4.350,43234,75137,3492,,-17.51,-29.79,33
,15    Lyn,Lyn,104.319180,58.422759,54.6747,4.350,33449,50522,2560,,6.58,-123.53,9
,15Gam Com,Com,186.734490,28.268423,51.2821,4.350,60742,108381,4737,,-83.41,-80.99,4
,2    Lup,Lup,229.457670,-30.148673,99.9001,4.350,74857,135758,5686,,-8.71,-4.47,-4
,21The Lyr,Lyr,289.092060,38.133731,255.1020,4.350,94713,180809,7314,,-0.49,1.23,-31
,2Pi 2Ori,Ori,72.653010,8.900176,68.8231,4.350,22509,30739,1544,,-0.87,-31.57,24
,9Iot PsA,PsA,326.236695,-33.025781,62.6174,4.350,107380,206742,8305,,31.79,-94,2
,Eps Vol,Vol,121.982595,-68.617062,172.4138,4.350,39794,68520,3223,,-29.88,30.58,10
,Xi  Pav,Pav,275.806755,-61.493901,143.6782,4.350,90098,168339,6855,,0.53,1.7,12
Botein,57Del Ari,Ari,47.907330,19.726677,52.0291,4.350,14838,19787,951,,154.61,-8.39,25
Yildun,23Del UMi,UMi,263.053770,86.586460,52.7704,4.350,85822,166205,6789,,10.54,53.97,-8
,20Iot CMa,CMa,104.034270,-17.054242,769.2308,4.360,33347,51309,2596,,-2.46,1.91,41
,29Zet Mon,Mon,122.148540,-2.983786,324.6753,4.360,39863,67594,3188,,-16.79,-3.89,30
,35Sig Per,Per,52.643685,47.995216,110.2536,4.360,16335,21552,1052,,1.56,18.13,16
,37    Tau,Tau,61.173795,22.081926,57.3723,4.360,19038,25604,1256,,91.73,-58.52,9
,41Iot Aql,Aql,294.180330,-1.286601,119.9041,4.360,96468,184930,7447,,1.89,-20.75,-21
,4Kap Lep,Lep,78.307830,-12.941291,223.2143,4.360,24327,33949,1705,,-12.22,-1.32,18
,61Ome Eri,Eri,73.223625,-5.452695,72.0461,4.360,22701,31109,1560,,-18.01,25.03,-6
,65Xi 1Cet,Cet,33.249975,8.846717,117.5088,4.360,10324,13611,649,,-26.23,-14.4,-4
,Bet1Tuc,Tuc,7.885875,-62.958218,41.4079,4.360,2484,2884,126,,82.48,-54.37,14
,Chi Cen,Cen,211.511550,-41.179633,156.4945,4.360,68862,122980,5285,,-24.42,-21.63,12
,Eta Phe,Phe,10.838505,-57.463060,75.5287,4.360,3405,4150,191,,-5.16,15.5,2
,Gam Col,Col,89.384205,-35.283280,266.6667,4.360,28199,40494,2106,,-2.65,11.19,24
,,Vel,165.038580,-42.225859,60.1685,4.370,53773,95370,4293,,23,4.5,-5
,30    Psc,Psc,0.490080,-6.014072,132.4503,4.370,154,224935,9089,,46.62,-41.32,-12
,30Tau CMa,CMa,109.677030,-24.954375,917.4312,4.370,35415,57061,2782,,-1.82,3.74,40
,Kap Col,Col,94.138065,-35.140519,55.9597,4.370,29807,43785,2256,,0.39,87.58,24
,The1Sgr,Sgr,299.934075,-35.276305,158.9825,4.370,98412,189103,7623,,6.02,-25.15,1
Ramus,102    Her,Her,272.189550,20.814557,280.8989,4.370,88886,166182,6787,,-2.71,-6.2,-15
,1Kap Cep,Cep,302.222175,77.711419,96.5251,4.380,99255,192907,7750,,11.11,23.72,-23
,51The Vir,Vir,197.487465,-5.539010,96.8054,4.380,64238,114330,4963,,-35.08,-32.8,-3
,99    Aqr,Aqr,351.511620,-20.642014,86.8810,4.380,115669,220704,8906,,-50.13,-62.97,16
,Bet Scl,Scl,353.242680,-37.818268,53.3618,4.380,116231,221507,8937,,96.39,37.58,2
,,CMi,120.566400,2.334571,77.8816,4.390,39311,66141,3145,,-28.04,105.49,71
,110    Vir,Vir,225.725160,2.091303,59.9161,4.390,73620,133165,5601,,-55.93,12.94,-16
,25Iot Oph,Oph,253.501965,10.165359,75.1880,4.390,82673,152614,6281,,-53.75,-34.68,-21
,37Phi1Ori,Ori,83.705160,9.489579,333.3333,4.390,26176,36822,1876,,-1.24,-2.49,33
,40Xi  Oph,Oph,260.251515,-21.112933,17.3551,4.390,84893,156897,6445,Gl 670A,262.01,-204.74,-8.8
,54Chi1Ori,Ori,88.595790,20.276174,8.6633,4.390,27913,39587,2047,Gl 222A,-163.17,-98.92,-13.4
,6Bet Sge,Sge,295.262250,17.476041,134.7709,4.390,96837,185958,7488,,9.06,-33.9,-22
,8Eps Mon,Mon,95.942025,4.592865,37.4953,4.390,30419,44769,2298,,-20.88,10.75,15
,Psi Phe,Phe,28.411530,-46.302669,104.8218,4.390,8837,11695,555,,-92.38,-91.46,2
,The Ind,Ind,319.966440,-53.449427,30.2847,4.390,105319,202730,8140,GJ 9733A,107.37,-67.12,-14.5
Custos,,Cam,57.380355,65.525972,243.9024,4.390,17884,23475,1155,,-2.5,-13.98,-3
Sham,5Alp Sge,Sge,295.024125,18.013890,130.3781,4.390,96757,185758,7479,,15.09,-19.72,2
Yunü,31    Leo,Leo,151.976130,9.997508,90.5797,4.390,49637,87837,3980,,-81.1,-64.2,41
,16    Pup,Pup,122.256825,-19.245014,142.6534,4.400,39906,67797,3192,,-9.97,-5.46,19
,Del Ind,Ind,329.479395,-54.992575,57.6701,4.400,108431,208450,8368,,43,-3.67,15
,Kap Pav,Pav,284.237655,-67.233495,153.3742,4.400,93015,174694,7107,,-7.83,16.65,38
,Omi Pup,Pup,117.021540,-25.937169,434.7826,4.400,38070,63462,3034,,-10.22,4.92,15
Kui,38Eta And,And,14.301675,23.417648,70.4225,4.400,4463,5516,271,,-43.72,-46.06,-10
,,Car,102.463815,-53.622449,166.9449,4.410,32761,50337,2554,,-2.27,17.57,26
,,Cen,215.759340,-39.511819,140.2525,4.410,70300,125823,5378,,-24.32,-21.81,8
,33Pi  Cep,Cep,346.974345,75.387496,75.6430,4.410,114222,218658,8819,,5.74,-35.1,-19
,46Tau Gem,Gem,107.784885,30.245163,98.4252,4.410,34693,54719,2697,,-31,-48.4,22
,66Ups Cyg,Cyg,319.479480,34.896898,196.8504,4.410,105138,202904,8146,,11.96,6.85,4
,93Psi2Aqr,Aqr,349.475895,-9.182513,123.1527,4.410,115033,219688,8858,,19.63,-9.64,-6
,94Nu  Her,Her,269.625615,30.189277,263.8522,4.410,87998,164136,6707,,-0.48,3.23,-22
,Gam Scl,Scl,349.705995,-32.532027,55.8659,4.410,115102,219784,8863,GJ 9821,19.65,-78.57,15.6
Maasym,76Lam Her,Her,262.684620,26.110645,113.2503,4.410,85693,158899,6526,,18.39,16.78,-26
,,Pup,108.384555,-44.639739,64.0615,4.420,34922,56096,2748,,107.12,325.32,53
,,Pup,123.512145,-40.347890,91.4913,4.420,40326,69142,3243,,44.84,-65.79,14
,27    CMa,CMa,108.563385,-26.352507,531.9149,4.420,34981,56014,2745,,-6.58,3.89,16.3
,27Lam Ser,Ser,236.610900,7.353073,12.1242,4.420,77257,141004,5868,Gl 598,-225.51,-68.52,-68.5
,3Bet Lac,Lac,335.890125,52.229046,52.1105,4.420,110538,212496,8538,,-13.56,-186.37,-10
,60    Leo,Leo,165.582405,20.179842,38.8651,4.420,53954,95608,4300,,-9.6,39.57,-10
,67Nu  Ori,Ori,91.893015,14.768472,158.2278,4.420,29038,41753,2159,,4.95,-21.18,24
,68    Oph,Oph,270.438330,1.305076,89.6861,4.420,88290,164577,6723,,15.43,-13.61,6
,8Nu 3CMa,CMa,99.472590,-18.237478,129.1990,4.420,31700,47442,2443,,-6.86,-8.47,-2
Alkarab,68Ups Peg,Peg,351.344895,23.404101,52.2466,4.420,115623,220657,8905,,193.12,36.47,-11
Solitaire,58    Hya,Hya,222.572205,-27.960371,101.5228,4.420,72571,130694,5526,,-237.37,-62.37,-10
,11Del Del,Del,310.864725,15.074581,68.4463,4.430,102281,197461,7928,,-19.61,-41.74,9
,26Pi  Eri,Eri,56.535555,-12.101589,147.4926,4.430,17593,23614,1162,,55.59,60.03,46
,3    Aqr,Aqr,311.934315,-5.027701,179.5332,4.430,102624,198026,7951,,-3.3,-40.24,-22
,39    Cyg,Cyg,305.965065,32.190172,76.6284,4.430,100587,194317,7806,,35.71,-5.81,-15
,62    Sgr,Sgr,300.664485,-27.709845,137.5516,4.430,98688,189763,7650,,32.28,14.35,10
,7    Cam,Cam,74.321700,53.752101,114.0251,4.430,23040,31278,1568,,-24.17,7.53,-8
Aladfar,20Eta Lyr,Lyr,288.439530,39.145968,425.5319,4.430,94481,180163,7298,,-1.59,-0.61,-8
Keid,40Omi2Eri,Eri,63.818055,-7.652871,4.9845,4.430,19849,26965,1325,Gl 166A,-2239.33,-3419.86,-42.7
,,Pup,113.513265,-22.296067,25.2972,4.440,36795,60532,2906,Gl 279,-40.38,46.84,61
,,Pup,122.839560,-39.618545,520.8333,4.440,40091,68553,3225,,-8.91,3.1,16
,,Pup,124.638870,-36.659288,28.6287,4.440,40706,70060,3270,GJ 1109,-111.27,100.62,5.1
,2    Lyn,Lyn,94.905780,59.010964,48.0077,4.440,30060,43378,2238,,-3.51,24.43,-4
,63Del Psc,Psc,12.170595,7.585079,95.4198,4.440,3786,4656,224,,83.14,-50.48,32
,7    Cet,Cet,3.660075,-18.932866,137.1742,4.440,1170,1038,48,,-27.15,-73.78,-23
,Alp Cae,Cae,70.140585,-41.863752,20.1654,4.440,21770,29875,1502,Gl 174.1A,-141.18,-74.95,0.8
,Eps Ret,Ret,64.121070,-59.302156,18.2382,4.440,19921,27442,1355,Gl 167.3,-47.99,-167.81,29.3
,Sig Lup,Lup,218.154435,-50.457157,176.3668,4.440,71121,127381,5425,,-29.55,-14.85,-2
Anser,6Alp Vul,Vul,292.176405,24.664905,91.1577,4.440,95771,183439,7405,,-126.45,-106.99,-86
,,Vel,135.022575,-41.253605,64.5161,4.450,44191,77258,3591,,-40.67,54.59,-7
,,Car,158.897100,-57.557636,361.0108,4.450,51849,91942,4159,,-15.43,-0.16,10
,106Nu  Psc,Psc,25.357890,5.487613,111.3586,4.450,7884,10380,489,,-22.73,3.61,0.4
,38Mu  Aql,Aql,293.522295,7.378941,32.9924,4.450,96229,184406,7429,GJ 9661,212.76,-155.39,-25.1
,3Iot Lep,Lep,78.074595,-11.869219,71.0732,4.450,24244,33802,1696,,24.95,-31.22,25
,60Tau Dra,Dra,288.888435,73.355468,44.8833,4.450,94648,181984,7352,,-116.6,104.25,-30
,70Xi  Ori,Ori,92.984985,14.208765,186.2197,4.450,29426,42560,2199,,-1.59,-20.23,24
,74Phi Leo,Leo,169.165425,-3.651601,56.4653,4.450,55084,98058,4368,,-108.15,-35.76,-3
,9Ome Oph,Oph,248.034165,-21.466390,51.7063,4.450,80975,148898,6153,,20.21,36.23,3
,Bet For,For,42.272535,-32.405898,52.9381,4.450,13147,17652,841,,86.96,158.96,17
,Del2Cha,Cha,161.446305,-80.540188,107.5269,4.450,52633,93845,4234,,-37.33,6.19,23
Minchir,5Sig Hya,Hya,129.689325,3.341435,114.2857,4.450,42402,73471,3418,,-19.03,-16.29,25
,,Cen,182.021820,-50.661278,134.4086,4.460,59173,105382,4618,,-34.07,-9.85,17
,11Bet Crt,Crt,167.914530,-22.825847,104.2753,4.460,54682,97277,4343,Gl 416.1,4.73,-99.06,6.4
,15    UMa,UMa,137.217945,51.604648,28.8184,4.460,44901,78209,3619,GJ 3534,-137.81,-32.48,-0.1
,17Rho Ori,Ori,78.322845,2.861265,107.2961,4.460,24331,33856,1698,,3.05,4.94,41
,22Gam PsA,PsA,343.131405,-32.875504,66.0502,4.460,112948,216336,8695,GJ 9800A,-33.32,-22.15,16.5
,32    Eri,Eri,58.572930,-2.954730,95.9693,4.460,18255,24554,1211,,26.42,1.49,18
,Eps Nor,Nor,246.796005,-47.554786,162.6016,4.460,80582,147971,6115,,-13.72,-20.63,-12
Huagai,Iot Cas,Cas,37.266555,67.402474,40.7332,4.460,11569,15089,707,,-27.92,37.06,1
,,Ari,50.084835,29.048458,166.3894,4.470,15549,20644,999,,-8.21,-16.42,-2
,,Pup,119.560170,-49.244912,294.1176,4.470,38957,65818,3129,,-7.48,6.91,19
,,Car,136.286775,-72.602705,122.8501,4.470,44599,78791,3643,,-8.44,-4.72,22
,,Cen,177.786285,-45.173470,132.8021,4.470,57803,102964,4546,,-72.42,-8.62,2
,10Pi 6Ori,Ori,74.637090,1.714016,289.8551,4.470,23123,31767,1601,,-1.59,-7.93,14
,13    Mon,Mon,98.225940,7.332965,100000.0000,4.470,31216,46300,2385,,-3.89,-5.8,12
,16    Lib,Lib,224.295825,-4.346462,26.9034,4.470,73165,132052,5570,GJ 9503,-97.83,-154.56,21.7
,1Kap Leo,Leo,141.163590,26.182324,61.7284,4.470,46146,81146,3731,,-31.13,-48.06,28
,1Tau1Eri,Eri,41.275725,-18.572563,14.2207,4.470,12843,17206,818,Gl 111,330.93,36.28,25.6
,26    UMa,UMa,143.706075,52.051477,80.3859,4.470,47006,82621,3799,,-65.07,-37.3,23
,7Del Equ,Equ,318.620055,10.006981,18.4877,4.470,104858,202275,8123,Gl 822A,42.32,-303.43,-15.8
,Lam CMa,CMa,97.042545,-32.580070,129.8701,4.470,30788,45813,2361,,-13.78,24.24,41
,Lam Gru,Gru,331.528710,-39.543353,74.2390,4.470,109111,209688,8411,,-24.16,-125.17,39
Genghe,28Sig Boo,Boo,218.670000,29.745130,15.8328,4.470,71284,128167,5447,Gl 557,188.32,132.72,0.9
,15Alp Sex,Sex,151.984500,-0.371637,86.8810,4.480,49641,87887,3981,,-26.17,-3.65,7
,18    Mon,Mon,101.965200,2.412159,112.8668,4.480,32578,49293,2506,,-12.97,-12.36,11
,22Omi Cas,Cas,11.181300,48.284364,215.5172,4.480,3504,4180,193,,17.79,-7.62,-17
,4Psi Oph,Oph,246.025770,-20.037327,61.1621,4.480,80343,147700,6104,,-21.48,-47.53,0.6
,71    Tau,Tau,66.586410,15.618265,49.0918,4.480,20713,28052,1394,,114.66,-33.3,38
,86    Aqr,Aqr,346.670175,-23.743115,66.3130,4.480,114119,218240,8789,,59.9,0.53,15
,Gam Cir,Cir,230.844375,-59.320787,137.5516,4.480,75323,136415,5704,,-10.29,-36.57,-17
,Gam Ret,Ret,60.224190,-62.159284,143.8849,4.480,18744,25705,1264,,1.8,34.95,-7
Fumalsamakah,4Bet Psc,Psc,345.969225,3.820045,125.1564,4.480,113889,217891,8773,,12.86,-10.13,0.3
,,Pup,108.140250,-46.759305,21.4270,4.490,34834,55892,2740,Gl 268.1,-135.6,106.79,1.1
,,Pup,118.161030,-38.862812,198.8072,4.490,38455,64503,3084,,-9.49,4.02,-31
,105Ome2Aqr,Aqr,355.680585,-14.544905,45.5373,4.490,116971,222661,8988,GJ 9836A,98.35,-66.78,-2.1
,13The Cyg,Cyg,294.110580,50.221103,18.3352,4.490,96441,185395,7469,Gl 765A,-8.15,262.98,-27.3
,18Lam Psc,Psc,355.511685,1.780041,32.6904,4.490,116928,222603,8984,,-129.55,-154.87,12
,21    LMi,LMi,151.857315,35.244693,28.2406,4.490,49593,87696,3974,Gl 378.3,50.97,0.64,-17.6
,24    Cap,Cap,316.781955,-25.005853,139.8601,4.490,104234,200914,8080,,-27.19,-43.37,32
,29Pi 1Boo,Boo,220.181520,16.418324,93.7207,4.490,71762,129174,5475,,9.64,9.46,-1
,30    Gem,Gem,100.997055,13.228017,88.5740,4.490,32249,48433,2478,,-2.29,-51.8,14
,48    Cas,Cas,30.489660,70.907020,35.2609,4.490,9480,12111,575,,-54.46,-10.69,-5
,50Ups1Eri,Eri,68.377350,-29.766492,38.9560,4.490,21248,29085,1453,,-114.35,-271.56,21
,78Mu 1Cyg,Cyg,326.035650,28.742632,22.2370,4.490,107310,206826,8309,Gl 836.6A,260.33,-242.73,15.8
,Eps Tuc,Tuc,359.978910,-65.577132,114.4165,4.490,118322,224686,9076,,48.63,-22.33,11
,,Car,131.677305,-56.769776,185.5288,4.500,43105,75311,3498,,-9.4,8.64,27
,,Vel,155.228355,-56.043220,352.1127,4.500,50676,89890,4074,,-18.15,1.49,10
,,Lac,333.469680,39.714927,147.9290,4.500,109754,211073,8485,,37.65,15.55,-11
,11    Lac,Lac,340.128495,44.276305,102.0408,4.500,111944,214868,8632,,94.18,10,-10
,13Nu  Aqr,Aqr,317.398530,-11.371693,48.8520,4.500,104459,201381,8093,,92.31,-15.76,-12
,14Mu  PsA,PsA,332.095830,-32.988468,41.6493,4.500,109285,210049,8431,,80.05,-28.88,12
,23    Vul,Vul,303.942240,27.814242,103.8422,4.500,99874,192806,7744,,-34.37,5.77,3
,36    Cap,Cap,322.180815,-21.807180,52.4659,4.500,106039,204381,8213,,133.97,-5.47,-22
,47Ome Ori,Ori,84.796440,4.121467,423.7288,4.500,26594,37490,1934,,0.76,0.07,22
,93    Leo,Leo,176.996430,20.218931,71.3267,4.500,57565,102509,4527,,-145.47,-4.04,0.4
,Gam Pic,Pic,87.456765,-56.166663,54.2005,4.500,27530,39523,2042,,81.61,-71.77,16
Tepiamenit,4Tau Boo,Boo,206.815650,17.456906,15.6177,4.500,67275,120136,5185,Gl 527A,-480.33,54.18,-16.1
,,Car,144.837585,-61.328060,69.2042,4.510,47391,83944,3856,,-34.89,18.6,20
,21Iot Ser,Ser,235.387740,19.670401,58.2751,4.510,76852,140159,5842,,-59.86,-43.23,-17
,25Sig And,And,4.581945,36.785224,41.3223,4.510,1473,1404,68,,-66.51,-42.48,-8
,29Tau Aur,Aur,87.293505,39.181071,63.4115,4.510,27483,38656,1995,,-28.42,-25.55,-20
,39Eps Cap,Cap,324.270120,-19.466011,323.6246,4.510,106723,205637,8260,,13.48,0.81,-24
,67Rho Dra,Dra,300.704400,67.873565,131.4060,4.510,98702,190940,7685,,16.43,47.8,-9
,7Rho Cas,Cas,358.595970,57.499382,100000.0000,4.510,117863,224014,9045,,-4.54,-3.45,-43
,83Tau Psc,Psc,17.915130,30.089638,51.7598,4.510,5586,7106,352,,74.29,-37.61,30
,Del Tuc,Tuc,336.832965,-64.966354,76.9231,4.510,110838,212581,8540,,68.68,10.21,12
,Eps Ant,Ant,142.311345,-35.951335,217.8649,4.510,46515,82150,3765,,-24.74,5.07,22
,Eta Ind,Ind,311.009490,-51.920971,24.1721,4.510,102333,197157,7920,GJ 4158,155.49,-53.64,-1.6
,,Cen,200.658165,-60.988393,108.6957,4.520,65271,116087,5035,,-35.5,-15.19,6
,,Cen,201.001920,-64.535668,79.8085,4.520,65387,116243,5041,,29.1,-20.96,12
,,Cep,311.338170,57.579725,27.2926,4.520,102431,198084,7955,GJ 9706,-62.95,-235.56,-32.4
,2    Peg,Peg,322.487055,23.638838,120.7729,4.520,106140,204724,8225,,24.39,3.52,-19
,43Psi Boo,Boo,226.111470,26.947649,75.4148,4.520,73745,133582,5616,,-176.31,-4.52,-26
,46Ups Sgr,Sgr,290.431755,-15.955018,546.4481,4.520,95176,181615,7342,,1.79,-6.27,9
,6    Lac,Lac,337.621920,43.123376,526.3158,4.520,111104,213420,8579,,-2.05,-5.76,-8
,Eps Tel,Tel,272.807355,-45.954418,128.2051,4.520,89112,166063,6783,,-16.28,-37.26,-26
Khambalia,100Lam Vir,Vir,214.777470,-13.371095,57.1755,4.520,69974,125337,5359,,-17.12,29.39,-11
Lilii Borea,39    Ari,Ari,41.977200,29.247118,52.6039,4.520,13061,17361,824,,148.42,-125.76,-15
,,Ori,90.013950,-3.074253,129.0323,4.530,28413,40657,2113,,6.87,-72.71,26
,,Pup,114.342135,-34.968530,110.4972,4.530,37096,61330,2937,,-13.65,16.53,24
,,Oph,261.657840,-5.086596,30.0752,4.530,85365,157950,6493,,-91.53,-42.75,0.4
,17Kap2Boo,Boo,213.370770,51.789965,50.1002,4.530,69483,124675,5329,,61.39,-10.57,-17
,3    Sgr,Sgr,266.890110,-27.830788,302.1148,4.530,87072,161592,6616,,-3.62,-10.67,-13
,35Nu  And,And,12.453510,41.078911,189.3939,4.530,3881,4727,226,,22.68,-18.05,-24
,54Lam Cyg,Cyg,311.852235,36.490717,235.8491,4.530,102589,198183,7963,,14.93,-8.2,-23
,Bet2Tuc,Tuc,7.889190,-62.965561,51.6529,4.530,2487,2885,127,,87.95,-45.79,10
Honores,7    And,And,348.137400,49.406207,24.5881,4.530,114570,219080,8830,Gl 891.1,89.78,95.57,11.2
,10    LMi,LMi,143.555760,36.397558,56.7215,4.540,46952,82635,3800,,6.82,-22.89,-12
,16    Aur,Aur,79.544025,33.371613,71.2251,4.540,24727,34334,1726,,29.86,-160.98,-28
,24    UMa,UMa,143.620545,69.830343,31.9285,4.540,46977,82210,3771,Gl 355.1,-63.9,77.59,-28.1
,24Iot1Lib,Lib,228.055380,-19.791710,116.4144,4.540,74392,134759,5652,,-35.59,-32.55,-12
,32Tau2Hya,Hya,142.995540,-1.184664,158.7302,4.540,46776,82446,3787,,-11.42,-3.87,6
,37Xi  Boo,Boo,222.847395,19.100460,6.7123,4.540,72659,131156,5544,Gl 566A,152.81,-71.28,2.2
,55    Peg,Peg,346.751085,9.409492,100.8065,4.540,114144,218329,8795,,6.73,-12.76,-5
,59    Sgr,Sgr,299.236800,-27.169899,255.1020,4.540,98162,188603,7604,,9.6,-14.95,-16
,5Xi 2CMa,CMa,98.764110,-22.964793,135.3180,4.540,31416,46933,2414,,13.11,16.52,26
,70    Peg,Peg,352.288725,12.760554,53.6193,4.540,115919,221115,8923,,59.62,25.18,-15
,Phi2Lup,Lup,230.788965,-36.858489,159.2357,4.540,75304,136664,5712,,-18.05,-21.53,2
,,Cam,52.478100,58.878750,769.2308,4.550,16281,21389,1040,,-1.94,-1.14,-6
,,Lup,233.971890,-44.958389,131.2336,4.550,76371,138769,5781,,-20.42,-21.48,7
,,Sgr,272.020740,-28.457093,103.9501,4.550,88839,165634,6766,,24.77,-31.59,-5
,11    Cep,Cep,325.479780,71.311417,55.9284,4.550,107119,206952,8317,,119.48,94.49,-37
,19Omi Sco,Sco,245.159085,-24.169320,269.5418,4.550,80079,147084,6081,,-4.23,-14.71,-8
,2    Lac,Lac,335.256420,46.536569,170.0680,4.550,110351,212120,8523,,21.72,1.92,-10
,30Phi UMa,UMa,148.026495,54.064332,156.0062,4.550,48402,85235,3894,,-4.21,19.18,-12
,4    Lac,Lac,336.129135,49.476392,689.6552,4.550,110609,212593,8541,,-5.12,-3.37,-26
,6    CMi,CMi,112.449090,12.006564,175.4386,4.550,36425,59294,2864,,1.26,-19.26,-15
,Gam1Cae,Cae,76.101600,-35.482978,55.5864,4.550,23595,32831,1652,,126.17,-44.36,-3
Hydor,2    Cet,Cet,0.934950,-17.335988,83.4725,4.550,301,225132,9098,,28.57,-7.28,-5
Tonglingxing,,Cam,105.016215,76.977408,56.3380,4.550,33694,49878,2527,,73.18,-13.88,-26
,,Lyn,136.632375,38.452215,250.6266,4.560,44700,77912,3612,,-28.37,-14.34,17
,136    Tau,Tau,88.331850,27.612262,129.7017,4.560,27830,39357,2034,,3.82,-9.58,-16
,17    Per,Per,42.878490,35.059741,143.2665,4.560,13328,17709,843,,9.29,-63.02,14
,1Sig Ara,Ara,263.914980,-46.505684,116.0093,4.560,86092,159217,6537,,-25.13,-38.32,4
,31    Vul,Vul,313.032015,27.096979,57.8035,4.560,103004,198809,7995,GJ 4168,-72.33,-60.95,1
,63    Cyg,Cyg,316.650390,47.648403,316.4557,4.560,104194,201251,8089,,6.51,-0.99,-26
,72    Leo,Leo,168.800955,23.095502,294.1176,4.560,54951,97778,4362,,-22.24,-9.48,16
,Del Ret,Ret,59.686425,-61.400185,161.2903,4.560,18597,25422,1247,,9.79,-14.39,-1
,Tau1Lup,Lup,216.534285,-45.221424,334.4482,4.560,70574,126341,5395,,-13.51,-14.02,-22
,,Eri,54.273660,-40.274545,70.7714,4.570,16870,22663,1106,,2.77,-14.23,12
,113    Her,Her,283.687020,22.645076,144.7178,4.570,92818,175492,7133,,6.4,1.03,-24
,13    Vul,Vul,298.365390,24.079614,102.5641,4.570,97886,188260,7592,,22.78,36.29,-28
,5Rho Oph,Oph,246.396330,-23.447178,110.7420,4.570,80473,147933,6112,,-5.61,-25.04,-10
,Del CrA,CrA,287.087340,-40.496703,54.7345,4.570,94005,177873,7242,,48.05,-26.84,20
Cujam,24Ome Her,Her,246.353970,14.033270,76.6871,4.570,80463,148112,6117,,39.39,-59.89,-6
Dziban,31Psi1Dra,Dra,265.484670,72.148843,22.8363,4.570,86614,162003,6636,Gl 694.1A,26.6,-269.77,-13.7
,,Vel,147.919470,-46.547620,323.6246,4.580,48374,85622,3912,,-24.41,9.8,11
,,Car,160.884585,-60.566619,349.6503,4.580,52468,93070,4200,,-15.22,3.12,9
,,Cen,198.073380,-59.920579,116.1440,4.580,64425,114529,4975,,-28.54,-17.46,12
,10    Dra,Dra,207.858075,64.723272,113.8952,4.580,67627,121130,5226,,1.45,-4.55,-11
,13    Sco,Sco,243.075855,-27.926372,146.8429,4.580,79404,145482,6028,,-10.31,-23.17,10
,42    Ori,Ori,83.846520,-4.838358,271.0027,4.580,26237,37018,1892,,4.29,-7.15,30
,57Mu  Oph,Oph,264.461310,-8.118771,231.4815,4.580,86284,159975,6567,,-11.7,-20.38,-19
Salm,62Tau Peg,Peg,350.159340,23.740337,49.5786,4.580,115250,220061,8880,,30.48,-9.14,16
,,Eri,55.708620,-37.313518,56.4972,4.590,17351,23319,1143,,-90.81,-71.42,10
,,Vel,154.903155,-55.029305,568.1818,4.590,50555,89682,4063,,-14.79,4.03,13
,,Car,168.150075,-60.317625,100000.0000,4.590,54751,97534,4352,,-6.23,2.33,-8
,2    Sco,Sco,238.402995,-25.327142,154.0832,4.590,77840,142114,5904,,-14.42,-25.4,-10
,30Psi2Ori,Ori,81.709290,3.095674,348.4321,4.590,25473,35715,1811,,0.34,-1.11,12
,31Tau1Hya,Hya,142.287075,-2.768964,17.3340,4.590,46509,81997,3759,Gl 348A,100.93,-3.15,10.8
,4Pi 2UMa,UMa,130.053600,64.327936,78.4929,4.590,42527,73108,3403,,-59.42,26.44,15
,52    Sgr,Sgr,294.176790,-24.883623,58.1395,4.590,96465,184707,7440,,68.7,-23.19,-19
,5Eps2Lyr,Lyr,281.094915,39.612721,47.6872,4.590,91926,173607,7053,,5.83,51.83,-24
,Del Scl,Scl,357.231405,-28.130268,42.1408,4.590,117452,223352,9016,,100.03,-104.04,14
,Mu  Phe,Phe,10.331490,-46.085007,75.3580,4.590,3245,3919,180,,-28.92,1.04,19
Matrchakre,10Del CrB,CrB,237.398550,26.068394,52.1376,4.590,77512,141714,5889,,-79.85,-63.78,-19
Shaowei,Gam Cam,Cam,57.589530,71.332266,110.0110,4.590,17959,23401,1148,,18.27,-42,-1
,,Per,64.560840,50.295502,96.1538,4.600,20070,26961,1324,,46.59,-56.43,20
,,Lup,231.334275,-38.733620,120.3369,4.600,75501,137058,5724,,-46.05,-13.35,-3
,1Chi Her,Her,238.168545,42.451518,15.8932,4.600,77760,142373,5914,Gl 602,438.97,629.52,-56.4
,35Omi Boo,Boo,221.310255,16.964280,74.5156,4.600,72125,129972,5502,GJ 9493,-60.87,-50.69,-9
,40Ups2Hya,Hya,151.281120,-13.064626,96.1538,4.600,49402,87504,3970,,-37.48,19.9,28
,58Pi  Dra,Dra,290.167005,65.714531,70.1754,4.600,95081,182564,7371,,14.09,41.61,-29
,Iot Ant,Ant,164.179335,-37.137765,58.2751,4.600,53502,94890,4273,,74.96,-124.5,-0.2
,,Pup,119.966880,-18.399228,73.9645,4.610,39095,65810,3131,,-7.29,-35.07,-12
,111Xi  Psc,Psc,28.388955,3.187536,54.9149,4.610,8833,11559,549,,23.69,23.9,30
,21    Lyn,Lyn,111.678555,49.211527,83.8926,4.610,36145,58142,2818,,-10.79,-48.57,27
,24The And,And,4.272945,38.681636,94.6970,4.610,1366,1280,63,,-50.01,-17.9,1
,28Ome Per,Per,47.822445,39.611582,88.3392,4.610,14817,19656,947,,-26.21,4.78,7
,33    Psc,Psc,1.333920,-5.707618,39.4945,4.610,443,28,3,,-8.29,88.19,-6
,37    Lib,Lib,233.544570,-10.064529,28.9268,4.610,76219,138716,5777,,305.62,-234.12,48
,47    Cyg,Cyg,308.475780,35.250852,847.4576,4.610,101474,196093,7866,,-2.26,-5.35,-4
,,Car,166.635225,-62.424113,122.1001,4.620,54301,96566,4325,Gl 412.1,-36.83,9.57,-2
,,Cen,173.690325,-54.264091,130.7190,4.620,56480,100673,4460,,-55.55,16.64,3
,,Cru,191.594715,-56.488815,117.9245,4.620,62327,110956,4848,,-33.11,-14.62,17
,102Iot Tau,Tau,75.773940,21.589962,52.9661,4.620,23497,32301,1620,,68.94,-40.85,41
,36Tau9Eri,Eri,59.981175,-24.016215,100.4016,4.620,18673,25267,1240,,11.41,17.08,24
,36Ups Ori,Ori,82.982745,-7.301537,877.1930,4.620,25923,36512,1855,,-0.54,-4.44,17
,3Ups Oph,Oph,246.950775,-8.371731,40.9500,4.620,80628,148367,6129,,-67.26,-12.6,-31
,57Zet Ser,Ser,270.120870,-3.690269,23.5516,4.620,88175,164259,6710,Gl 699.2,154.17,-44.43,-42.9
,63Chi Leo,Leo,166.254285,7.336007,28.9939,4.620,54182,96097,4310,,-344.41,-47.4,5
,Kap Pyx,Pyx,137.011995,-25.858536,171.8213,4.620,44824,78541,3628,,35.83,0.49,-45
,Lam Cru,Cru,193.663335,-59.146701,117.6471,4.620,63007,112078,4897,,-33.35,-14.75,12
,The CrA,CrA,278.375745,-42.312510,170.9402,4.620,90982,170845,6951,,32.48,-21.03,-2
Alya,63The1Ser,Ser,284.054925,4.203595,47.4158,4.620,92946,175638,7141,,37.69,26.98,-46
Castula,28Ups2Cas,Cas,14.166480,59.181056,61.2745,4.620,4422,5395,265,,-92.56,-45.33,-47
,,Pup,118.265160,-49.613044,232.5581,4.630,38500,64740,3089,,-8.44,14.65,8
,,Hya,130.918230,-7.233730,235.8491,4.630,42835,74395,3459,,-11.68,-1.05,31
,,Vel,138.937830,-37.413144,50.4796,4.630,45448,79940,3684,Gl 339.3,13.85,-7.26,5.8
,,Cen,189.968910,-39.987302,111.8568,4.630,61789,110073,4817,,-42.01,-24.94,15
,,UMi,224.396145,65.932460,140.8451,4.630,73199,132813,5589,,-78.26,32.48,7
,1    Pup,Pup,115.884945,-28.410885,236.9668,4.630,37648,62576,2993,,-13.62,29.79,33
,1    Sco,Sco,237.744780,-25.751295,151.7451,4.630,77635,141637,5885,,-13.64,-24.91,3
,47Omi Dra,Dra,282.800220,59.388351,104.8218,4.630,92512,175306,7125,,77.56,25.43,-20
,48Eps Ari,Ari,44.803020,21.340429,101.9368,4.630,13914,18519,887,,-13.04,-6.55,-6
,83    UMa,UMa,205.184505,54.681634,160.5136,4.630,66738,119228,5154,,-19.14,-11.37,-17
,84Psi Peg,Peg,359.439705,25.141401,145.9854,4.630,118131,224427,9064,,-36.06,-32.25,-4
,Iot1Nor,Nor,240.883965,-57.775064,39.3856,4.630,78662,143474,5961,,-118.32,-78.34,-14
,Nu  Pav,Pav,277.843440,-62.278302,134.5895,4.630,90797,169978,6916,,-0.96,-45.59,59
,,Cen,206.664060,-51.432766,80.5153,4.640,67234,119834,5172,,10.33,-27.98,-6
,,Lup,235.297575,-44.661205,17.4368,4.640,76829,139664,5825,Gl 594,-168.7,-265.69,-5.4
,20    Oph,Oph,252.458445,-10.783000,31.9795,4.640,82369,151769,6243,,93.7,-81.94,-1
,3    And,And,346.045530,50.052091,54.1712,4.640,113919,218031,8780,,166.7,167.3,-35
,32Nu  Aql,Aql,291.629535,0.338570,869.5652,4.640,95585,182835,7387,,-0.86,-2.3,-1
,33Tau8Eri,Eri,58.427925,-24.612230,115.6069,4.640,18216,24587,1213,,30.93,-7.18,23
,4Zet Del,Del,308.827230,14.674213,67.4764,4.640,101589,196180,7871,,45.08,11.71,-25
,62Chi2Ori,Ori,90.979935,20.138452,552.4862,4.640,28716,41117,2135,,2.19,-2.81,17
,69    Her,Her,259.417755,37.291498,53.7924,4.640,84606,156729,6436,,-42.74,63.76,-10
,71    Oph,Oph,271.826505,8.733867,83.6120,4.640,88765,165760,6770,,9.79,30.24,-3
,7Pi 1Ori,Ori,73.723860,10.150833,35.6633,4.640,22845,31295,1570,,40.08,-128.37,13
,7Zet1CrB,CrB,234.844485,36.635812,145.1379,4.640,76669,139891,5833,,-15.29,-6.51,-19
,9    Lac,Lac,339.343485,51.545123,52.6316,4.640,111674,214454,8613,,-51.31,-103.34,12
,,Dor,88.524870,-63.089627,26.2467,4.650,27890,40409,2102,Gl 224.1,120.11,573.43,25.1
,,Pup,109.576650,-36.733962,246.3054,4.650,35363,57150,2787,,-11.29,1.85,19
,,Pup,112.677510,-30.962281,460.8295,4.650,36514,59890,2881,,-11.74,0.84,14
,,Pup,113.845410,-28.369323,67.9348,4.650,36917,60863,2922,,-66.9,-18.71,3
,,Car,156.851970,-57.638805,100000.0000,4.650,51192,90772,4110,,-6.71,3.72,-1
,,Vel,142.676460,-40.465622,18.5563,4.650,,,,Gl 351B,-187.82,68.73,
,11    Ori,Ori,76.142295,15.404105,111.9821,4.650,23607,32549,1638,,18.4,-30.99,17
,35    Ari,Ari,40.862970,27.707146,105.1525,4.650,12719,16908,801,,3.51,-9.97,13
,86Rho Tau,Tau,68.462145,14.844424,48.5201,4.650,21273,28910,1444,,103.69,-25.94,40
,8Pi  Vir,Vir,180.218295,6.614322,117.7856,4.650,58590,104321,4589,,-0.25,-29.71,-10
,Eta Nor,Nor,240.803685,-49.229695,67.2948,4.650,78639,143546,5962,,41.18,10.39,-0.3
,,CMa,109.145805,-27.881179,124.2236,4.660,35205,56618,2766,,-12.48,38.83,42
,,Car,136.409910,-70.538497,296.7359,4.660,44626,78764,3642,,-4.36,9.89,19
,,Cen,190.647870,-48.813109,58.4454,4.660,62012,110458,4831,,-123.27,-30.36,-12
,,Sgr,274.513290,-27.042641,233.6449,4.660,89678,167818,6842,,4.48,-2.76,-17
,15    Mon,Mon,100.244415,9.895754,281.6901,4.660,31978,47839,2456,,-0.66,-2.51,33
,15    Vul,Vul,300.275190,27.753573,72.4638,4.660,98543,189849,7653,,57.99,3.76,-21
,19Pi  CMa,CMa,103.905960,-20.136497,29.5858,4.660,33302,51199,2590,,51.35,39.75,8
,26Chi Vir,Vir,189.811530,-7.995564,90.0090,4.660,61740,110014,4813,,-77.3,-24.66,-20
,3Psi1Lup,Lup,234.941580,-34.411926,67.3401,4.660,76705,139521,5820,,5.65,-13.7,-23
,45Ome UMa,UMa,163.494720,43.189956,75.5287,4.660,53295,94334,4248,,44.78,-24.43,-17
,53Chi Cet,Cet,27.396270,-10.686410,23.1857,4.660,8497,11171,531,GJ 9061A,-148.9,-94.47,-0.9
,84Chi Psc,Psc,17.863410,21.034650,117.6471,4.660,5571,7087,351,,41.66,-10.55,16
,Gam1Sgr,Sgr,271.255110,-29.580087,266.6667,4.660,88567,164975,6742,,4.03,-4.61,-28
,Zet Sct,Sct,275.914935,-8.934383,63.3714,4.660,90135,169156,6884,,51.89,52.29,-6
Asellus Borealis,43Gam Cnc,Cnc,130.821465,21.468501,55.5556,4.660,42806,74198,3449,,-106.94,-39.25,29
,14Tau UMa,UMa,137.729115,63.513633,38.7297,4.670,45075,78362,3624,,99.16,-60.96,-9
,18The Lep,Lep,91.538850,-14.935254,52.9661,4.670,28910,41695,2155,,-16.87,13.16,32
,34    Per,Per,52.341840,49.508948,165.2893,4.670,16244,21428,1044,,22.16,-29.18,-2
,4Eps1Lyr,Lyr,281.084760,39.670123,49.7760,4.670,91919,173582,7051,,10.55,60.23,-31
,52    Per,Per,63.722145,40.483671,291.5452,4.670,19811,26673,1306,,9.72,-21.58,-2
,85Phi Psc,Psc,18.437280,24.583713,136.7989,4.670,5742,7318,360,,18.58,-21.26,6
,92Sig2Tau,Tau,69.818745,15.917977,47.6872,4.670,21683,29488,1479,,82.4,-19.53,36
,93    Her,Her,270.014235,16.750919,205.7613,4.670,88128,164349,6713,,-7.53,-10.61,-24
,Gam Mic,Mic,315.322755,-32.257767,70.2247,4.670,103738,199951,8039,,-2.09,-0.19,18
,Gam Sct,Sct,277.299390,-14.565813,97.9432,4.670,90595,170296,6930,,3.07,-3.48,-41
Alsafi,61Sig Dra,Dra,293.087235,69.661175,5.7547,4.670,96100,185144,7462,Gl 764,598.43,-1738.81,28.2
Tegmine,16Zet2Cnc,Cnc,123.053025,17.647771,25.0815,4.670,40167,68255,3210,,28.29,-150.94,-11
,,Vel,134.080290,-52.723475,108.3424,4.680,43878,76805,3574,,-16.58,14.6,22
,,Hya,144.613695,4.649293,90.5797,4.680,47310,83425,3834,,-165.45,-49.93,45
,12Phi Cyg,Cyg,294.844185,30.153321,81.6327,4.680,96683,185734,7478,,1.95,36.07,6
,22Pi  Per,Per,44.690280,39.662728,94.9668,4.680,13879,18411,879,,25.88,-40.67,14
,24    CVn,CVn,203.613750,49.015973,55.2792,4.680,66234,118232,5112,,-128.28,27.39,-18
,29Pi  Leo,Leo,150.053355,8.044223,124.5330,4.680,49029,86663,3950,,-30.06,-22.11,23
,37    LMi,LMi,159.680055,31.976237,177.3050,4.680,52098,92125,4166,,0.1,7.18,-7
,39Chi Cas,Cas,23.482920,59.232040,63.8162,4.680,7294,9408,442,,-43.06,-23.18,6
,66    Aqr,Aqr,340.896810,-18.830375,132.8021,4.680,112211,215167,8649,,-31.4,-28.02,22
,Del1Aps,Aps,245.086785,-78.695745,233.6449,4.680,80047,145366,6020,,-9.91,-36.59,-12
,Eta2Hyi,Hyi,28.733580,-67.647303,67.0691,4.680,8928,11977,570,,76,73.17,-16
,Nu  For,For,31.122660,-29.296819,113.7656,4.680,9677,12767,612,,12.56,8.54,19
Apamvatsa,74    Vir,Vir,202.991190,-6.255816,122.5490,4.680,66006,117675,5095,,-103.8,-43.4,18
Bunda,23Xi  Aqr,Aqr,324.437955,-7.854201,54.7645,4.680,106786,205767,8264,,114.29,-24.44,-21
,,Pup,114.575190,-25.364804,189.7533,4.690,37173,61429,2944,,-2.28,-6.7,41
,,Pup,117.084120,-47.077722,71.2251,4.690,38089,63744,3046,,-101.31,-78.38,-1
,,Car,159.687510,-59.182997,719.4245,4.690,52102,92397,4177,,-14.29,0.79,11
,15Lam Aur,Aur,79.784925,40.099051,12.6310,4.690,24813,34411,1729,Gl 197,519.39,-664.79,66.5
,28    Mon,Mon,120.305565,-1.392608,137.9310,4.690,39211,65953,3141,,65.97,-75.73,27
,73Pi  Tau,Tau,66.651555,14.713782,127.7139,4.690,20732,28100,1396,,-7.57,-31.15,32
,Eps Ind,Ind,330.832290,-56.785977,3.6224,4.690,108870,209100,8387,Gl 845,3959.97,-2538.84,-40.4
,Iot Cru,Cru,191.408250,-60.981318,36.8053,4.690,62268,110829,4842,,112.51,-64.86,7
,Iot Phe,Phe,353.768985,-42.615075,76.2777,4.690,116389,221760,8949,,42.18,10.78,19
Azelfafage,80Pi 1Cyg,Cyg,325.523595,51.189622,529.1005,4.690,107136,206672,8301,,5.25,-2.11,-8
,,Lep,80.112165,-21.239763,127.5510,4.700,24927,34968,1762,,10.78,-9.91,30
,,Cep,343.601835,84.346177,109.0513,4.700,113116,217382,8748,,98.45,23.89,3
,101    Aqr,Aqr,353.319270,-20.914504,90.0090,4.700,116247,221565,8939,,-2.55,8.64,15
,21The Crt,Crt,174.170475,-9.802247,85.9845,4.700,56633,100889,4468,,-59.32,2.82,1
,5Gam Equ,Equ,317.585415,10.131579,36.2976,4.700,104521,201601,8097,,49.07,-151.85,-17
,Del Sct,Sct,280.568445,-9.052549,62.0732,4.700,91726,172748,7020,,7.87,2.02,-45
,Omi Hya,Hya,175.053315,-34.744660,137.5516,4.700,56922,101431,4494,,-44.04,-1.84,6
,Zet1Sco,Sco,253.498860,-42.362025,787.4016,4.700,82671,152236,6262,,-0.48,-2.17,-26
Terebellum,58Ome Sgr,Sgr,298.959765,-26.299506,25.9875,4.700,98066,188376,7597,,203.96,74.4,-21
,,Cen,196.569630,-48.463289,119.6172,4.710,63945,113703,4940,,-29.72,-14.68,6
,,Cen,209.412135,-63.686696,64.2674,4.710,68191,121474,5241,,-40.45,-32.83,22
,25Chi Aur,Aur,83.181975,32.192022,100000.0000,4.710,25984,36371,1843,,-1.81,-4,-0.2
,27Zet Crt,Crt,176.190735,-18.350674,108.2251,4.710,57283,102070,4514,,27.15,-24.56,-5
,31    Ori,Ori,82.433250,-1.092239,155.7632,4.710,25737,36167,1834,,0.19,-26.08,8
,4Omi1Ori,Ori,73.133175,14.250642,199.6008,4.710,22667,30959,1556,,-2.62,-56.13,-8
,89    Aqr,Aqr,347.478735,-22.457611,154.5595,4.710,114375,218640,8817,GJ 9812A,35.92,-7.79,-1
,91Lam Cet,Cet,44.928750,8.907365,176.6784,4.710,13954,18604,896,,9.22,-14.92,10
,Eps Mic,Mic,319.484490,-32.172539,55.8659,4.710,105140,202627,8135,,55.46,-22.12,-1
,Kap Ret,Ret,52.343370,-62.937527,21.6826,4.710,16245,22001,1083,Gl 143.2A,383.05,373.11,12
,Lam Pyx,Pyx,140.801085,-28.833873,58.8928,4.710,46026,81169,3733,,-128.65,20.58,10
,The Pyx,Pyx,140.373300,-25.965439,154.0832,4.710,45902,80874,3718,,-12.28,-9.2,20
,Zet Dor,Dor,76.377795,-57.472704,11.6455,4.710,23693,33262,1674,Gl 189,-31.87,117.42,-2.4
Libertas,59Xi  Aql,Aql,298.562010,8.461453,56.2746,4.710,97938,188310,7595,,101.43,-81.28,-42
,,Hya,141.826650,-22.343783,48.0077,4.720,46371,81799,3749,,171.66,-150.17,29
,,Car,157.583715,-71.992793,79.8722,4.720,51438,91375,4138,,27.94,-30.04,8
,,UMa,158.307975,40.425560,34.6260,4.720,51658,91312,4132,,-142.04,8,9
,11    Com,Com,185.179290,17.792868,88.8889,4.720,60202,107383,4697,,-109.67,88.5,42
,19    Pup,Pup,122.817945,-12.926999,54.1712,4.720,40084,68290,3211,,-26.04,8.08,36
,20    CVn,CVn,199.385685,40.572608,81.0373,4.720,64844,115604,5017,,-125.67,18.45,8
,22    Ori,Ori,80.440620,-0.382465,284.9003,4.720,25044,35039,1765,,0.45,1.67,29
,30    LMi,LMi,156.478425,33.796120,71.5308,4.720,51056,90277,4090,,-75.28,-59,14
,31Ups Aur,Aur,87.760125,37.305573,160.2564,4.720,27639,38944,2011,,36.96,-44.76,38
,36Psi Cas,Cas,21.483120,68.130012,59.8086,4.720,6692,8491,399,,75.07,26.82,-12
,41    Oph,Oph,259.152855,-0.445297,63.0915,4.720,84514,156266,6415,,-33.09,-63.92,-2
,43Kap Cap,Cap,325.664595,-18.866323,90.1713,4.720,107188,206453,8288,,145.9,-9.05,-3
,6Ups Her,Her,240.699510,46.036705,113.8952,4.720,78592,144206,5982,,56.01,-61.25,3
,Del Pic,Pic,92.574630,-54.968645,398.4064,4.720,29276,42933,2212,,-4.11,6.53,31
,The2Cru,Cru,181.080120,-63.165711,261.7801,4.720,58867,104841,4603,,-17.19,-0.01,16
,,Pup,122.857890,-42.987278,100000.0000,4.730,40096,68601,3226,,-5.33,4.6,19
,16Tau CrB,CrB,242.242935,36.490944,35.7782,4.730,79119,145328,6018,,-40.71,343.47,-19
,38    Gem,Gem,103.660980,13.177827,25.6279,4.730,33202,50635,2564,GJ 9220A,70.19,-77.79,14.8
,61    Leo,Leo,165.456975,-2.484585,179.2115,4.730,53907,95578,4299,,9.58,-36.11,-14
,65    And,And,36.405900,50.278631,113.2503,4.730,11313,14872,699,,23.79,-14.35,-5
,6Mu  Aqr,Aqr,313.163475,-8.983318,48.2160,4.730,103045,198743,7990,,47.06,-32.91,-9
,Del Nor,Nor,241.622640,-45.173185,37.5094,4.730,78914,144197,5980,GJ 3938,17.47,37.03,-15.5
,,Eri,39.949890,-42.891670,35.6888,4.740,12413,16754,789,,92.11,-15.07,18
,,Cam,49.996935,65.652292,233.6449,4.740,15520,20336,985,,11.27,-14.32,-3
,,Car,122.253195,-61.302429,19.9800,4.740,39903,68456,3220,Gl 297.1,-155.04,-297.69,25
,,Vel,130.304730,-47.317125,781.2500,4.740,42624,74272,3452,,-10.53,6.87,17
,,Cen,212.478630,-53.438946,55.9284,4.740,69191,123569,5297,,-144.17,-90.54,-16
,,Phe,354.462405,-45.492351,61.3874,4.740,116602,222095,8959,,71.36,-12.34,10
,14Lam Cas,Cas,7.943085,54.522289,115.7407,4.740,2505,2772,123,,40.78,-14.81,-12
,17    Eri,Eri,52.654410,-5.075145,123.9157,4.740,16341,21790,1070,,13.31,7.34,15
,31Omi Aqr,Aqr,330.828510,-2.155363,133.5113,4.740,108874,209409,8402,,24.81,-11.14,12
,38Rho Ser,Ser,237.816300,20.977919,114.9425,4.740,77661,141992,5899,,-54.7,17.99,-62
,4    Sgr,Sgr,269.948145,-23.816133,127.3885,4.740,88116,163955,6700,,-5.4,-50.3,-18
,59    Cyg,Cyg,314.956470,47.520951,434.7826,4.740,103632,200120,8047,,7.25,2.47,1
,61    Vir,Vir,199.601445,-18.311196,8.5551,4.740,64924,115617,5019,Gl 506,-1069.9,-1063.78,-8.4
,76Sig Cet,Cet,38.021790,-15.244677,26.6951,4.740,11783,15798,740,,-80.92,-146.84,-29
,8    Cyg,Cyg,292.943010,34.452968,263.8522,4.740,96052,184171,7426,,1.06,-3.58,-22
,8Rho UMa,UMa,135.636300,67.629619,96.4320,4.740,44390,76827,3576,,-22.08,18.15,5
,90Ups Psc,Psc,19.866645,27.264059,94.4287,4.740,6193,7964,383,,26.21,-11.62,8
,Zet CrA,CrA,285.778605,-42.095105,59.2066,4.740,93542,176638,7188,,55.74,-45.33,-13
,,Pup,108.658920,-48.271927,115.4734,4.750,35020,56456,2762,,-4.18,0.63,39
,21Iot Boo,Boo,214.041585,51.367231,29.0698,4.750,69713,125161,5350,GJ 9474A,-149.98,89.42,-18.7
,34Omi Cep,Cep,349.656000,68.111445,62.2665,4.750,115088,219916,8872,,54.88,10.91,-18
,4    Cen,Cen,208.302255,-31.927612,195.3125,4.750,67786,120955,5221,,-13.53,-10.74,5
,43Kap Lib,Lib,235.486665,-19.678828,94.6074,4.750,76880,139997,5838,,-33.21,-104.33,-4
,4Psi2Lup,Lup,235.670925,-34.710407,111.4827,4.750,76945,140008,5839,,-23.96,-30.43,4
,Mu  Mus,Mus,177.060450,-66.814910,131.7523,4.750,57581,102584,4530,,30.77,-16.25,37
,Phi1Pav,Pav,308.895045,-60.581749,27.7932,4.750,101612,195627,7848,,70.15,-185.58,-20
,,Pup,119.417115,-30.334570,371.7472,4.760,38901,65456,3113,,-8.11,7.14,28
,,Hya,145.320870,-23.591514,155.2795,4.760,47522,83953,3858,,-29.14,3.02,26
,,Car,160.558890,-64.466426,139.0821,4.760,52370,92938,4196,,-17.75,11.27,24
,,CVn,207.947820,34.444240,184.1621,4.760,67665,120933,5219,,-20.49,-31.82,-44
,,Cen,215.654565,-58.459117,117.5088,4.760,70264,125628,5371,,-47.03,17.03,15
,1    Vul,Vul,289.054335,21.390428,248.7562,4.760,94703,180554,7306,,0.73,-6.12,-17
,36    Com,Com,194.731020,17.409446,99.4036,4.760,63355,112769,4920,,-38.66,34.95,-2
,5    CVn,CVn,186.006210,51.562257,118.4834,4.760,60485,107950,4716,,13.15,11.32,-12
,55    UMa,UMa,169.782960,38.185557,58.8235,4.760,55266,98353,4380,,-57.15,-68.1,-3
,56    Ori,Ori,88.110165,1.855134,386.1004,4.760,27750,39400,2037,,-7.09,-9.91,10
,56    Peg,Peg,346.778085,25.468259,181.4882,4.760,114155,218356,8796,,0.26,-33.31,-27
,69    Vir,Vir,201.863190,-15.973578,85.9107,4.760,65639,116976,5068,Gl 511.2,-122.13,21.61,-12.4
,9    Cep,Cep,324.480105,62.081940,100000.0000,4.760,106801,206165,8279,,-1.9,-2.84,-13
,Lam Ara,Ara,265.099140,-49.415587,21.4500,4.760,86486,160032,6569,Gl 686.2,104.28,-177.67,3.7
,Lam1Phe,Phe,7.853910,-48.803514,52.9661,4.760,2472,2834,125,,140.74,19.47,-2
,Nu  Hyi,Hyi,42.618825,-75.066947,104.0583,4.760,13244,18293,872,,-33.95,-27.18,5
,Zet Aps,Aps,260.497965,-67.770668,91.1577,4.760,84969,156277,6417,,-37.1,-7.78,13
Angetenar,2Tau2Eri,Eri,42.759675,-21.004019,57.3066,4.760,13288,17824,850,,-39,-16.63,-9
Shangwei,,Cam,94.711575,69.319787,53.6481,4.760,29997,42818,2209,,-1.64,-101.65,-7
,,Per,46.385070,56.705719,64.7249,4.770,14382,18970,918,,-13.49,70.34,-45
,,Sgr,300.889365,-37.940699,112.3596,4.770,98761,189831,7652,,64.71,-85.44,-38
,,Cep,341.870670,83.153830,96.0615,4.770,112519,216446,8702,,23.65,47.21,-31
,11Rho Cap,Cap,307.215060,-17.813687,30.2663,4.770,101027,194943,7822,Gl 791.1A,-15.79,-7.66,18.4
,17    Mon,Mon,101.832630,8.037254,151.0574,4.770,32533,49161,2503,,-23.34,-11.84,47
,17Phi1Cet,Cet,11.047500,-10.609550,71.6332,4.770,3455,4188,194,,-6.96,-113.88,1
,26    Hya,Hya,139.943265,-11.974853,103.3058,4.770,45751,80499,3706,,-27.92,12.16,-2
,28Ome Dra,Dra,264.237885,68.757970,23.1642,4.770,86201,160922,6596,GJ 4017,1.34,321.05,-14.4
,34    Cyg,Cyg,304.446675,38.032930,100000.0000,4.770,100044,193237,7763,,-3.53,-6.88,-9
,40Psi Vir,Vir,193.588185,-9.538994,166.9449,4.770,62985,112142,4902,,-18.26,-19.72,18
,45    Dra,Dra,278.143845,57.045599,649.3506,4.770,90905,171635,6978,,0.32,-7.09,-12
,49    Ori,Ori,84.721185,-7.212829,44.6030,4.770,26563,37507,1937,GJ 9187,-15,-49.55,-1.3
,69Tau Oph,Oph,270.770505,-8.180349,51.3347,4.770,88404,164764,6733,Gl 700.1B,15.11,-37.61,-35.1
,87    Leo,Leo,172.578720,-3.003501,185.1852,4.770,56127,99998,4432,,19.78,-17.14,19
Alshat,8Nu  Cap,Cap,305.165895,-12.759080,77.6398,4.770,100310,193432,7773,,15.71,-14.63,-2
,,Cam,56.509710,63.345047,303.9514,4.780,17587,23089,1129,,-0.94,-8.41,-2
,,Tau,67.640130,16.194014,43.1965,4.780,21029,28527,1427,Gl 170.1,104.98,-25.14,41
,,Ori,83.761170,-6.002027,495.0495,4.780,26199,36960,1887,,0.59,0.68,28
,,Pup,123.372990,-35.899518,284.9003,4.780,40274,68980,3237,,-7.3,10.07,35
,,Lup,215.177385,-45.187060,43.5540,4.780,70104,125442,5364,,37.17,-73.61,
,,Pav,281.361975,-64.871259,28.5470,4.780,92024,172555,7012,,32.67,-148.72,2
,12    Com,Com,185.626305,25.846160,90.3342,4.780,60351,107700,4707,,-10.75,-8.85,1
,20    Cet,Cet,13.252065,-1.144260,179.8561,4.780,4147,5112,248,,6.49,-16.29,16
,27    Lyn,Lyn,122.114445,51.506670,76.6871,4.780,39847,67006,3173,,-60.1,-2.15,11
,32    Peg,Peg,335.330580,28.330529,213.2196,4.780,110371,212097,8522,,17.42,5.6,8
,35    Peg,Peg,336.964680,4.695664,45.4752,4.780,110882,212943,8551,,77.29,-307.36,54
,40    Leo,Leo,154.934070,19.470914,21.3675,4.780,50564,89449,4054,Gl 388.1,-229.99,-214.66,6.1
,51    Hya,Hya,215.774130,-27.754017,48.2625,4.780,70306,125932,5381,,-201.57,-116.63,20
,51    Oph,Oph,262.853970,-23.962643,124.3781,4.780,85755,158643,6519,,4.91,-25.9,-12
,58    And,And,32.121810,37.859077,58.6854,4.780,9977,13041,620,,154.22,-43.64,8
,60Sig Vir,Vir,199.401180,5.469869,207.0393,4.780,64852,115521,5015,,-7.16,10,-27
,64    Eri,Eri,74.982240,-12.537416,88.9680,4.780,23231,32045,1611,,40.37,-86.89,-9
,Iot2Sco,Sco,267.546300,-40.090435,781.2500,4.780,87294,161912,6631,,3.63,-2.73,-10
,The Ant,Ant,146.050410,-27.769471,104.0583,4.780,47758,84367,3871,Gl 366.1A,-53.06,37.76,24
,The Oct,Oct,0.399240,-77.065724,66.5779,4.780,122,224889,9084,,-56.52,-176.95,24
,,Vel,125.632065,-48.490381,526.3158,4.790,41039,70930,3294,,-6.28,6.81,27
,,Car,140.236755,-62.404632,71.6332,4.790,45856,81101,3728,,-14.29,0.2,51
,,Sco,267.293655,-31.703203,170.6485,4.790,87220,161840,6628,,4.22,-7.89,-13
,,Vul,303.816225,25.591957,303.9514,4.790,99824,192685,7739,,6.9,-5.02,-7
,11Kap CrB,CrB,237.808050,35.657382,30.4971,4.790,77655,142091,5901,,-8.07,-347.41,-24
,2    Aur,Aur,73.158270,36.703187,184.5018,4.790,22678,30834,1551,,-25.97,-3.89,-17
,22    Sco,Sco,247.551990,-25.115224,126.7427,4.790,80815,148605,6141,,-3.42,-26.52,4
,24    Cep,Cep,332.451615,72.341207,120.9190,4.790,109400,210807,8468,,33.39,3.09,-15
,66    Oph,Oph,270.065820,4.368615,199.6008,4.790,88149,164284,6712,,1.78,-12.95,-13
,89Chi Peg,Peg,3.650670,20.206702,112.8668,4.790,1168,1013,45,,90.66,1.88,-46
,9Lam Ari,Ari,29.482170,23.596061,39.4945,4.790,9153,11973,569,,-91.51,-14.45,-1
,Eta Mus,Mus,198.812400,-67.894589,117.3709,4.790,64661,114911,4993,,-36.92,-10.63,-8
,Mu 1Gru,Gru,333.903795,-41.346700,84.2460,4.790,109908,211088,8486,,46.04,20.45,-7
,,Cas,13.267665,61.123970,18.7441,4.800,4151,5015,244,Gl 41,-68.45,169.72,20.8
,,Car,161.028870,-63.961072,150.8296,4.800,52502,93194,4205,,-17.06,11.97,26
,,Boo,214.499250,35.509505,71.5820,4.800,69879,125351,5361,,4.92,14.18,-26
,,Sco,244.574595,-28.614020,41.2882,4.800,79881,146624,6070,,-33.79,-100.59,-13
,13Sig2UMa,UMa,137.598060,67.134018,20.3791,4.800,45038,78154,3616,Gl 335A,12.88,-90.85,-2.9
,18    UMa,UMa,139.047120,54.021857,35.8423,4.800,45493,79439,3662,GJ 3541,49.14,59.79,-18.7
,19Xi  Cas,Cas,10.516215,50.512526,438.5965,4.800,3300,3901,179,,12.32,-6.48,-10
,27    Hya,Hya,140.120910,-9.555695,68.2128,4.800,45811,80586,3709,,-13.42,-26.8,25
,30    Cyg,Cyg,303.325200,46.815675,187.2659,4.800,99639,192514,7730,,13.39,1.93,-26
,4    UMi,UMi,212.212470,77.547514,140.0560,4.800,69112,124547,5321,,-30.36,33.39,6
,41    Com,Com,196.794690,27.624741,101.6260,4.800,64022,113996,4954,,33.27,-68.21,-16
,41Ome Boo,Boo,225.527115,25.008138,113.8952,4.800,73568,133124,5600,,-5.88,-48.6,14
,43Omi Peg,Peg,340.439205,29.307641,91.5751,4.800,112051,214994,8641,,-2.03,-19.96,9
,50Psi2Aur,Aur,99.832605,42.488877,127.5510,4.800,31832,47174,2427,,-0.97,-55.65,17
,52Pi  Aqr,Aqr,336.319260,1.377401,239.8082,4.800,110672,212571,8539,,18.38,3.35,4
,53    Per,Per,65.388165,46.498878,155.5210,4.800,20354,27396,1350,,21.41,-34.97,1
,57    Cyg,Cyg,313.311465,44.387260,161.0306,4.800,103089,199081,8001,,11.27,-2.44,-20
,64Del2Tau,Tau,66.023985,17.444130,49.4805,4.800,20542,27819,1380,,109.99,-33.47,39
,65Psi Eri,Eri,75.359775,-7.173965,226.7574,4.800,23364,32249,1617,,-0.23,5.16,25
,68    Her,Her,259.331535,33.100100,204.0816,4.800,84573,156633,6431,,-3.68,-5.74,-21
,The1Mic,Mic,320.190120,-40.809465,60.4595,4.800,105382,203006,8151,,76.18,17.66,2
Alrumh,34    Boo,Boo,220.855680,26.527850,215.9827,4.800,71995,129712,5490,,-13.29,-16.68,6
Alula Australis B,53Xi  UMa,UMa,169.546770,31.528783,10.4167,4.800,,98230,4374,Gl 423B,-425.24,-581.01,-13.6
Phyllon Kissinou,23    Com,Com,188.712855,22.629259,95.0570,4.800,61394,109485,4789,,-57.42,28.53,-16
Zibal,13Zet Eri,Eri,48.958440,-8.819730,33.6474,4.800,15197,20320,984,,-3.82,45.52,-4
,,Car,120.083205,-63.567456,153.1394,4.810,39138,66591,3159,,-1.88,19.31,22
,,Lyn,143.765985,39.621493,66.0502,4.810,47029,82741,3809,,-29.64,20.67,-12
,139    Tau,Tau,89.498565,25.953912,476.1905,4.810,28237,40111,2084,,-2.85,-1.69,8
,14Eps Crt,Crt,171.152460,-10.859323,115.3403,4.810,55687,99167,4402,,-24.14,24.46,3
,15    Ori,Ori,77.424810,15.597232,165.0165,4.810,24010,33276,1676,,-7.12,-16.14,30
,21    Sgr,Sgr,276.337665,-20.541679,125.7862,4.810,90289,169420,6896,,8.26,-28.72,-12
,29    Vul,Vul,309.630570,21.201174,71.3776,4.810,101867,196724,7891,,74.38,-2.48,-18
,55    Cyg,Cyg,312.234555,46.114134,714.2857,4.810,102724,198478,7977,,-2.92,-2.62,-7
,Omi Col,Col,79.371165,-34.895207,32.4465,4.810,24659,34642,1743,,93.71,-336.53,21
,The Dor,Dor,78.439320,-67.185255,150.6024,4.810,24372,34649,1744,,18.18,38.96,11
Elgafar,105Phi Vir,Vir,217.050570,-2.227957,36.2582,4.810,70755,126868,5409,Gl 550.2A,-140.94,-2.92,-10.1
,,Phe,29.291880,-47.385277,76.1035,4.820,9095,12055,574,,101.65,8.79,12
,,CMa,99.819660,-14.145764,303.0303,4.820,31827,47667,2450,,4.58,-7,29
,,Pup,113.449845,-14.523892,471.6981,4.820,36773,60414,2902,,-7.73,3.62,22
,,Vel,155.581620,-41.649960,62.5000,4.820,50799,89998,4080,,-27.23,60.77,21
,,Cen,186.632370,-51.450635,137.3626,4.820,60710,108257,4732,,-31.04,-9.83,5
,104    Aqr,Aqr,355.440855,-17.816533,257.0694,4.820,116901,222574,8982,,13.93,0.11,3
,11Mu  Aur,Aur,78.357165,38.484498,46.9043,4.820,24340,33641,1689,,-18.66,-72.41,21
,12    Boo,Boo,212.599725,25.091677,37.4251,4.820,69226,123999,5304,GJ 9470,-23.02,-60.07,10.8
,15    CMa,CMa,103.387110,-20.224254,373.1343,4.820,33092,50707,2571,,-5.14,4.07,28
,22Eta Cap,Cap,316.101255,-19.854991,49.5050,4.820,104019,200499,8060,Gl 816.2A,-39.01,-24.45,23.8
,25    CVn,CVn,204.365175,36.294898,60.9013,4.820,66458,118623,5127,,-94.78,23.63,-6
,30    Oph,Oph,255.265005,-4.222644,124.2236,4.820,83262,153687,6318,,-40.28,-77.92,-7
,31    Peg,Peg,335.379480,12.205186,497.5124,4.820,110386,212076,8520,,6.21,5.54,10
,36    UMa,UMa,157.656915,55.980536,12.7796,4.820,51459,90839,4112,Gl 395,-177.02,-33.45,8.6
,44Pi  Ser,Ser,240.573720,22.804454,54.8847,4.820,78554,143894,5972,,4.57,24.04,-28
,50Sig Ser,Ser,245.518125,1.029039,27.2702,4.820,80179,147449,6093,GJ 3952,-156.01,48.09,-45.5
,52    Her,Her,252.309225,45.983323,55.2486,4.820,82321,152107,6254,,22.78,-51.37,-1
,52Ups Dra,Dra,283.599150,71.297192,105.4852,4.820,92782,176524,7180,,48.59,42.11,-7
,57Sig Aqr,Aqr,337.661730,-10.677950,88.8099,4.820,111123,213320,8573,,1.79,-26.26,11
,8    And,And,349.435980,49.015300,172.7116,4.820,115022,219734,8860,,34.48,6.74,-8
Fafnir,42    Dra,Dra,276.496035,65.563480,96.5251,4.820,90344,170693,6945,,106.52,-27.07,32
,,Pup,107.212785,-39.655657,223.2143,4.830,34495,54893,2702,,-10.97,7.01,20
,,CMa,109.153470,-23.315594,434.7826,4.830,35210,56577,2764,,-4.91,3.01,28
,,Pup,125.345955,-33.054366,308.6420,4.830,40945,70555,3282,,-11.31,2.38,33
,,Vel,130.605810,-53.113984,148.5884,4.830,42726,74560,3467,,-24.88,23.21,22
,,Lup,228.206640,-44.500414,154.5595,4.830,74449,134687,5651,,-20.49,-22.2,14
,,Sco,256.205640,-34.122930,100000.0000,4.830,83574,154090,6334,,1.98,-3.2,4
,,Lyr,281.518665,26.662130,78.1250,4.830,92088,173780,7064,,18.68,24.39,-17
,26Ups1Cas,Cas,13.750725,58.972698,100.7049,4.830,4292,5234,253,,-32.24,-40.69,-23
,30    Her,Her,247.160595,41.881677,108.5776,4.830,80704,148783,6146,,29.15,-5.51,3
,48Ome And,And,21.913725,45.406687,28.6205,4.830,6813,8799,417,,356.99,-109.32,11
,83Eps Cet,Cet,39.890970,-11.872156,21.4823,4.830,12390,16620,781,Gl 105.4A,172.01,-236.31,15.7
,Eps CrA,CrA,284.680815,-37.107357,30.1841,4.830,93174,175813,7152,,-132.25,-110.45,54
,Eta Sct,Sct,284.265285,-5.846314,62.0347,4.830,93026,175751,7149,,60.77,-40.9,-93
,Xi 1Cen,Cen,195.888840,-49.527264,67.6133,4.830,63724,113314,4933,,-46.58,-11.24,
,Zet Hyi,Hyi,41.385720,-67.616617,87.1840,4.830,12876,17566,837,,66.5,44.02,4
Quadrans,44    Boo,Boo,225.947610,47.654060,12.5078,4.830,73695,133640,5618,Gl 575A,-436.24,18.94,-29.7
,,Pup,114.863925,-38.308021,170.3578,4.840,37297,61831,2961,,-21.35,16.03,26
,,Car,128.832000,-58.009228,68.0735,4.840,42134,73389,3414,,53.8,27.3,24
,,Dra,251.324190,56.781857,26.1097,4.840,82020,151613,6237,GJ 9578,26.31,69.96,-3.6
,1    Cas,Cas,346.653390,59.419760,346.0208,4.840,114104,218376,8797,,6.77,-1.97,-9
,126    Tau,Tau,85.323825,16.534148,194.9318,4.840,26777,37711,1946,,5.42,-14.54,21
,18    Dra,Dra,250.229670,64.589046,225.7336,4.840,81660,151101,6223,,-0.04,-16.18,0.3
,20    Boo,Boo,214.938495,16.306948,57.3394,4.840,70027,125560,5370,,-140.91,60.31,-8
,29    Her,Her,248.151225,11.488041,107.6426,4.840,81008,149161,6159,,-178.38,-79.16,3
,2Xi  Vir,Vir,176.320995,8.258119,37.4111,4.840,57328,102124,4515,,59.66,-22.8,-1
,47    Tau,Tau,63.484935,9.263824,101.7294,4.840,19740,26722,1311,,-9.42,-30.6,-7
,58    Leo,Leo,165.140205,3.617494,110.4972,4.840,53807,95345,4291,,15.66,-16.24,6
,60    And,And,33.305535,44.231652,162.6016,4.840,10340,13520,643,,-20.58,-15.25,-46
,60    Sgr,Sgr,299.738325,-26.195767,96.0615,4.840,98353,189005,7618,,34.5,24.74,-49
,96Kap1Cet,Cet,49.840395,3.370198,9.1399,4.840,15457,20630,996,Gl 137,268.88,93.53,18.9
,98Mu  Psc,Psc,22.546305,6.143820,93.1966,4.840,7007,9138,434,,293.23,-46.36,34
,Eta Gru,Gru,341.407785,-53.500121,127.2265,4.840,112374,215369,8655,,30.62,17.34,28
,Rho Gru,Gru,340.874895,-41.414347,70.6215,4.840,112203,215104,8644,,10.23,-93.95,29
Deltoton,8Del Tri,Tri,34.262865,34.224231,10.7840,4.840,10644,13974,660,Gl 92,1151.61,-246.32,-6.6
Graffias,Xi  Sco,Sco,241.091610,-11.374611,24.3309,4.840,,144070,5978,GJ 9540A,-61.63,-33.19,-32.2
,,Per,49.682610,34.222653,361.0108,4.850,15416,20468,991,,1.29,-8.68,2
,,Pup,112.464225,-23.024287,952.3810,4.850,36431,59612,2874,,-2.65,4.94,37
,,Vel,152.234355,-51.811261,408.1633,4.850,49712,88206,3990,,-14.6,0.51,14
,,Cen,198.013515,-37.803022,20.6697,4.850,64408,114613,4979,Gl 501.2,-382.44,47.01,-15
,,Sco,269.197605,-44.342246,88.8889,4.850,87846,163145,6675,,-3.19,-19.5,45
,74    Oph,Oph,275.216925,3.377165,79.8722,4.850,89918,168656,6866,,1.71,8.45,5
,Eps Cir,Cir,229.412040,-63.610465,125.0000,4.850,74837,135291,5666,,2.12,8.66,-5
,Lam Tel,Tel,284.615670,-52.938629,187.6173,4.850,93148,175510,7134,,11.53,-8.81,-2
Shangcheng,,Cas,47.984355,74.393659,50.7099,4.850,14862,19275,932,,14.46,-86.21,10
,,Dra,158.773170,75.712948,75.8150,4.860,51808,91190,4126,,-45.58,-14.96,17
,,Mus,199.304280,-66.783438,366.3004,4.860,64820,115211,5002,,-15.27,-6.34,-10
,,Boo,215.844570,8.446617,65.9196,4.860,70327,126128,5385,,-75.28,-9.56,-18
,,Sgr,281.080665,-35.641987,143.0615,4.860,91918,172910,7029,,1.21,-26.98,4
,12    Lyn,Lyn,101.558925,59.441670,65.8328,4.860,32438,48250,2470,,-18.11,-8.67,-3
,15    Eri,Eri,49.592100,-22.511118,78.3085,4.860,15382,20610,994,,12.55,13.07,24
,19Xi  CrB,CrB,245.524305,30.891996,56.2430,4.860,80181,147677,6103,,-97.35,107.68,-29
,22Nu  Peg,Peg,331.419795,5.058530,83.2639,4.860,109068,209747,8413,,101.6,101.19,-16
,25Nu 2Dra,Dra,263.066505,55.172958,30.4878,4.860,85829,159560,6555,,143.71,62.46,-16
,31    Boo,Boo,220.411455,8.161764,164.7446,4.860,71832,129312,5480,,-10.21,3.25,-22
,42    Her,Her,249.686910,48.928342,127.0648,4.860,81497,150450,6200,,-48.1,26.81,-55
,42Psi Sgr,Sgr,288.885105,-25.256682,91.4913,4.860,94643,179950,7292,,47.56,-31.16,-33
,58    Oph,Oph,265.857495,-21.683194,17.6523,4.860,86736,160915,6595,Gl 692,-97.93,-44.57,10.2
,Eta Scl,Scl,6.982080,-33.007167,138.5042,4.860,2210,2429,105,,-20.48,-50.39,11
,Mu  Nor,Nor,248.520915,-44.045315,100000.0000,4.860,81122,149038,6155,,0.52,-2.53,9
,Rho Pav,Pav,309.396975,-61.529918,58.1395,4.860,101773,195961,7859,,59.15,-71.7,8
,Zet Pyx,Pyx,129.926985,-29.561084,74.9064,4.860,42483,73898,3433,,-25.41,-91.25,-32
Ainalrami,32Nu 1Sgr,Sgr,283.542405,-22.744834,344.8276,4.860,92761,174974,7116,,2.95,-5.7,-12
,,Pup,108.305655,-45.182739,56.5291,4.870,34899,56022,2746,,-24.84,-88.24,4
,,Hya,148.551375,-25.932345,104.8218,4.870,48559,85859,3919,,-183.95,56.56,51
,,Hya,159.307215,-27.412634,149.4768,4.870,51979,92036,4162,,-112.98,21.52,17
,,Car,161.713470,-64.383474,147.2754,4.870,52736,93607,4222,,-18.61,9.33,16
,39    Eri,Eri,63.598710,-10.256283,74.2942,4.870,19777,26846,1318,,-7.61,-162.11,7
,56    Sgr,Sgr,296.590605,-19.761113,63.6537,4.870,97290,186648,7515,,-128.89,-89.81,20
,58Zet Ari,Ari,48.725400,21.044441,80.3859,4.870,15110,20150,972,,-29.83,-77.15,7
,72    Cyg,Cyg,323.693940,38.534054,70.9723,4.870,106551,205512,8255,,116.8,93.3,-66
,78Nu  Cet,Cet,38.968635,5.593246,104.2753,4.870,12093,16161,754,,-28.89,-22.76,5
,9    Hya,Hya,130.430565,-15.943384,64.9351,4.870,42662,74137,3441,,3.54,-96.82,-2
,Del Pyx,Pyx,133.881510,-27.681871,75.8150,4.870,43825,76483,3556,,83,-100.92,5
Adhil,46Xi  And,And,20.585055,45.528778,65.7462,4.870,6411,8207,390,,32.21,8.73,-13
,,Sco,269.449185,-41.716295,138.5042,4.880,87936,163376,6682,,-1.71,-15.14,4
,114    Tau,Tau,81.908685,21.936965,191.5709,4.880,25539,35708,1810,,1.75,-6.96,13
,132    Tau,Tau,87.254025,24.567535,111.4827,4.880,27468,38751,2002,,12.07,-8.16,16
,19    Dra,Dra,254.006250,65.134796,15.2579,4.880,82860,153597,6315,Gl 648,238.05,50.84,-20.9
,27    Psc,Psc,359.668245,-3.555983,71.8907,4.880,118209,224533,9067,,-56.52,-72.34,-0.2
,29    CMa,CMa,109.668240,-24.558701,584.7953,4.880,35412,57060,2781,,-2.84,2.68,-11
,30Rho Vir,Vir,190.471065,10.235625,36.2713,4.880,61960,110411,4828,,82.62,-89.51,2
,37    Com,Com,195.068640,30.785021,202.4291,4.880,63462,112989,4924,,-21.59,-6.38,-13
,43    Sgr,Sgr,289.408665,-18.952908,147.7105,4.880,94820,180540,7304,,-10.05,-10.64,15
,5Tau Cas,Cas,356.764260,58.651989,53.3333,4.880,117301,223165,9008,,60.7,56.69,-21
,72Rho Cet,Cet,36.487515,-12.290480,139.8601,4.880,11345,15130,708,,-11.71,-11.37,10
,8Sig Cas,Cas,359.752230,55.754928,100000.0000,4.880,118243,224572,9071,,9.26,-5.09,-13
,Eps Cha,Cha,179.906940,-78.221839,110.8647,4.880,58484,104174,4583,,-41.24,-8.48,13
,Eps Sct,Sct,280.880220,-8.275215,165.0165,4.880,91845,173009,7032,,21.29,11.58,-11
,Iot Tel,Tel,293.804130,-48.099202,113.6364,4.880,96341,184127,7424,,-7.04,-37.43,22
,Lam Col,Col,88.278675,-33.801361,102.5641,4.880,27810,39764,2056,,-4.52,32.4,30
,,Per,72.477690,37.488275,154.3210,4.890,22453,30504,1533,,-38.4,38.48,-23
,,Vel,157.841625,-53.715484,21.8103,4.890,51523,91324,4134,Gl 397.2,-418.76,209.46,21
,,Hya,159.388635,-13.384543,208.3333,4.890,52009,92055,4163,,41.74,-37.83,-25
,,Cen,176.630640,-40.500354,9.2208,4.890,57443,102365,4523,Gl 442A,-1531.69,403.41,15.3
,,Mus,177.963555,-65.205910,111.1111,4.890,57851,103079,4549,,-34.37,-6.55,21
,,Cas,352.508040,58.548920,190.4762,4.890,115990,221253,8926,,18.67,4.22,-13
,10    Lac,Lac,339.815325,39.050269,529.1005,4.890,111841,214680,8622,,-0.29,-5.7,-10
,134    Tau,Tau,87.387210,12.651324,76.2777,4.890,27511,38899,2010,,-21.63,-17.35,18
,15    Cyg,Cyg,296.069145,37.354355,88.6525,4.890,97118,186675,7517,,72.58,35.14,-24
,24Nu 1Dra,Dra,263.043765,55.184243,30.2480,4.890,85819,159541,6554,,148.53,54.24,-15
,25Psi1Ori,Ori,81.186780,1.846445,318.4713,4.890,25302,35439,1789,,0.12,-0.6,19
,35    Com,Com,193.323945,21.244943,86.8056,4.890,62886,112033,4894,,-42.48,-32,-7
,6    Cet,Cet,2.816085,-15.467977,18.7477,4.890,910,693,33,Gl 10,-84.2,-269.31,14.6
,60    Her,Her,256.344540,12.740828,40.8664,4.890,83613,154494,6355,,50.63,-11.02,-4
,81    Gem,Gem,116.531040,18.510043,104.0583,4.890,37908,62721,3003,,-75.55,-51.53,81
,Alp Mic,Mic,312.492000,-33.779722,116.0093,4.890,102831,198232,7965,,3.71,-20.19,-15
,Eta Aps,Aps,214.558155,-81.007760,42.3370,4.890,69896,123998,5303,,-19.95,-65.39,-9
Jishui,71Omi Gem,Gem,114.791400,34.584346,50.9944,4.890,37265,61110,2930,,-35.97,-118.03,7
,,Cen,192.671535,-33.999302,122.6994,4.900,62683,111597,4874,,-29.11,-14.29,4
,,Cen,198.563670,-59.103235,18.1984,4.900,64583,114837,4989,Gl 503A,-249.62,-154.6,-64.8
,,Lup,240.850800,-38.602541,122.5490,4.900,78655,143699,5967,,-17.68,-28.54,-2
,12    Vul,Vul,297.767115,22.610046,193.0502,4.900,97679,187811,7565,,23.35,-16.65,-31
,16    Lyn,Lyn,104.404635,45.094094,73.8552,4.900,33485,50973,2585,,-21.67,-3.18,-8
,25Nu  Cas,Cas,12.208380,50.968168,126.2626,4.900,3801,4636,223,,30.28,-9.82,9
,46    Cet,Cet,21.405135,-14.598796,88.1834,4.900,6670,8705,412,,42.54,-17.25,-23
,51    Ori,Ori,85.619295,1.474629,90.0090,4.900,26885,37984,1963,,-55.34,-14.85,88
,Zet Ind,Ind,312.370635,-46.226826,126.5823,4.900,102790,198048,7952,,37.85,27.28,-5
,Zet TrA,TrA,247.116330,-70.084401,12.1168,4.900,80686,147584,6098,Gl 624,199.89,110.77,7.6
Acrab B,8Bet2Sco,Sco,241.360650,-19.801860,122.1001,4.900,78821,144218,5985,,-34.59,-7.47,-4
,,Lep,75.356580,-20.051918,60.6796,4.910,23362,32309,1621,,36.68,-15.47,24
,,Ori,94.998330,-2.944493,142.4501,4.910,30093,44131,2275,,-7.31,-1,47
,,CVn,203.699145,37.182415,45.6621,4.910,66257,118216,5110,,84.7,-9.81,7
,,Oph,250.393260,-17.742167,126.4223,4.910,81724,150416,6196,GJ 9574,-21.66,-0.92,-22.1
,1    Lup,Lup,228.655500,-31.519121,598.8024,4.910,74604,135153,5660,,-9.72,1.83,-23
,104    Tau,Tau,76.862460,18.645052,15.4345,4.910,23835,32923,1656,Gl 188A,536.05,18.51,20.6
,12    Per,Per,40.562160,40.193944,24.1896,4.910,12623,16739,788,Gl 105.6,-16.84,-182.29,-22.8
,19Del Lib,Lib,225.243120,-8.518943,90.0090,4.910,73473,132742,5586,,-66.2,-3.4,-39
,20    Mon,Mon,107.557005,-4.237106,62.1891,4.910,34622,54810,2701,,,217.85,79
,21Mu  Dra,Dra,256.333935,54.470042,27.4348,4.910,83608,154905,6369,GJ 9584B,-66,73.86,-16.5
,24Psi Cyg,Cyg,298.907505,52.438948,86.2813,4.910,98055,189037,7619,,-36.62,-31.02,-10
,45    Eri,Eri,67.969440,-0.044011,201.2072,4.910,21139,28749,1437,,-3.76,-8.17,17
,50Rho Peg,Peg,343.806960,8.816166,95.6938,4.910,113186,216735,8717,,81.88,29.03,-10
,63    Aur,Aur,107.913825,39.320549,148.8095,4.910,34752,54716,2696,,44.17,2.09,-27
,69    Aql,Aql,307.412505,-2.885531,61.2745,4.910,101101,195135,7831,,71.88,-22.39,-23
,70    Aql,Aql,309.181800,-2.549957,398.4064,4.910,101692,196321,7873,,9.09,-16.05,-10
,Nu  Tuc,Tuc,338.250150,-61.982122,88.9680,4.910,111310,213442,8582,,40.82,-20.14,-3
,Phi3Hya,Hya,159.645645,-16.876572,64.5578,4.910,52085,92214,4171,,-98.57,26.75,18
Lumbung,,Cru,190.485765,-59.685819,293.2551,4.910,61966,110335,4823,,-24.7,-3.57,13
,,Pup,105.973440,-49.583920,60.5694,4.920,34059,53811,2672,,-53.69,139,27
,,Cam,112.768665,82.411466,153.1394,4.920,36547,55966,2742,,-3.71,-42.31,14
,,Vel,138.903000,-38.569942,68.8705,4.920,45439,79917,3682,,-71.22,-10.06,2
,,Cen,221.246670,-35.191826,65.7030,4.920,72104,129685,5489,,10.04,-2.03,-5
,,CrA,271.707870,-43.425216,41.8410,4.920,88726,165189,6749,,9.49,-104.72,-6
,,Dra,283.306440,50.708221,139.8601,4.920,92689,175535,7137,,4.54,-27.75,8
,106    Her,Her,275.074635,21.961297,120.1923,4.920,89861,168720,6868,,17.51,-59.29,-33
,14    Com,Com,186.600270,27.268237,84.6024,4.920,60697,108283,4733,,-14.8,-10.4,-4
,17    Lep,Lep,91.246365,-16.484435,278.5515,4.920,28816,41511,2148,,-5.57,-3.17,20
,3    Mon,Mon,90.460095,-10.597930,240.3846,4.920,28574,40967,2128,,-6.88,3.59,39
,30    Vul,Vul,311.218785,25.270617,99.6016,4.920,102388,197752,7939,,-27.74,-177.6,31
,31Eps Lib,Lib,231.049545,-10.322266,31.2305,4.920,75379,137052,5723,,-68.52,-152.65,-10
,46Psi1Aur,Aur,96.224595,49.287893,100000.0000,4.920,30520,44537,2289,,0.82,-2.48,5
,56    Cet,Cet,29.167485,-22.526785,108.2251,4.920,9061,11930,565,,62.22,-30.19,27
,6    Boo,Boo,207.428460,21.264105,123.0012,4.920,67480,120539,5201,,21.09,17,-3
,78    Vir,Vir,203.533050,3.658967,56.6572,4.920,66200,118022,5105,,43.89,-24.03,-12
,Chi1Hya,Hya,166.333005,-27.293612,43.2339,4.920,54204,96202,4314,GJ 3642A,-190.74,-6.87,19.1
,Del1Tel,Tel,277.939305,-45.914814,216.9197,4.920,90830,170465,6934,,-3.77,-28.8,7
,,Car,113.915475,-52.533836,120.3369,4.930,36942,61248,2934,,23.44,-11.57,62
,,Car,134.243430,-59.229338,206.6116,4.930,43937,77002,3582,,-8.43,8.65,27
,,Hya,145.560165,-23.915569,15.0128,4.930,47592,84117,3862,Gl 364,-399.23,263.18,35.2
,,Hya,173.068350,-29.261022,26.2950,4.930,56280,100286,4443,,-20.32,144.4,10
,,Cen,175.223520,-62.090101,272.4796,4.930,56986,101570,4499,,-15,1.08,14
,,Vir,212.710350,-16.302030,141.2429,4.930,69269,123934,5301,,3.82,-10.87,18
,,Cyg,311.794785,34.374123,136.4256,4.930,102571,198134,7956,,39.26,8.24,-23
,11    Lib,Lib,222.754470,-2.299150,67.0241,4.930,72631,130952,5535,,87.63,-123.64,83
,15Psi Sco,Sco,242.999955,-10.064253,47.7099,4.930,79375,145570,6031,,-21.92,-27.95,-6
,24    Lyn,Lyn,115.751820,58.710360,81.8331,4.930,37609,61497,2946,,-36.99,-52.11,9
,27    Mon,Mon,119.933970,-3.679583,84.2460,4.930,39079,65695,3122,,-55.17,-1.84,-29
,28    Cyg,Cyg,302.356740,36.839621,317.4603,4.930,99303,191610,7708,,3.15,12.96,-14
,29    Cyg,Cyg,303.633435,36.806302,42.6985,4.930,99770,192640,7736,,69.22,68.67,-17
,31    Com,Com,192.924675,27.540712,89.1266,4.930,62763,111812,4883,,-9.5,-8.82,-1
,39Kap Aql,Aql,294.222705,-7.027477,515.4639,4.930,96483,184915,7446,,1.29,-2.69,-19
,45    Boo,Boo,226.825230,24.869195,19.5542,4.930,73996,134083,5634,Gl 578,184.81,-163.51,-9.8
,4Ome Aur,Aur,74.814180,37.890245,52.2739,4.930,23179,31647,1592,,46.26,-97.81,5
,50Ome2Tau,Tau,64.315260,20.578591,28.9436,4.930,19990,27045,1329,,-40.88,-61.45,16
,54    Per,Per,65.102670,34.566725,66.9344,4.930,20252,27348,1343,,-24.95,-7,-27
,7    Com,Com,184.085580,23.945409,76.4526,4.930,59847,106714,4667,,-26.85,-5.91,-28
,78    Peg,Peg,355.997835,29.361454,68.7758,4.930,117073,222842,8997,,71.44,-40.78,-7
,78    UMa,UMa,195.181875,56.366338,25.4453,4.930,63503,113139,4931,,108.36,2.67,-10
,92Chi Aqr,Aqr,349.212255,-7.726504,187.9699,4.930,114939,219576,8850,,-18.66,-15.43,-15
,Del Hor,Hor,62.710620,-41.993573,54.8246,4.930,19515,26612,1302,,199.09,69.1,37
,Xi  Tel,Tel,301.846500,-52.880793,331.1258,4.930,99120,190421,7673,,-12.72,6.88,36
,,Pup,104.066625,-48.721144,263.8522,4.940,33357,51799,2608,,1.57,8.4,22
,,CMa,110.556375,-19.016600,147.4926,4.940,35727,57821,2812,,-1.66,-6.43,27
,,Vel,132.448500,-45.307875,340.1361,4.940,43347,75710,3520,,-12.39,14.42,5
,,UMa,156.032730,65.566423,104.0583,4.940,50933,89822,4072,GJ 9327,-8.93,-20.83,-2.6
,,Car,157.758630,-73.221490,316.4557,4.940,51495,91496,4142,,-7.45,7.64,11
,,CVn,198.428955,40.152885,140.8451,4.940,64540,115004,4997,,-52.19,15.5,-21
,15    Dra,Dra,246.996000,68.768137,149.2537,4.940,80650,149212,6161,,-24.53,33.82,-7
,15Lam Lyr,Lyr,285.003435,32.145514,338.9831,4.940,93279,176670,7192,,6.13,9.75,-16
,15Tau PsA,PsA,332.536395,-32.548407,18.2782,4.940,109422,210302,8447,Gl 849.1,428.62,13.83,-14.6
,24    Per,Per,44.765340,35.183128,112.8668,4.940,13905,18449,882,,-46.49,5.81,-36
,45Ome1Cyg,Cyg,307.514745,48.951569,278.5515,4.940,101138,195556,7844,,10.01,7.64,-22
,45Psi Hya,Hya,197.263635,-23.118070,70.9723,4.940,64166,114149,4958,,-19.97,-39.9,-19
,67Rho Aql,Aql,303.569235,15.197609,45.9770,4.940,99742,192425,7724,,55.69,57.98,-23
,Chi Gem,Gem,120.879510,27.794332,78.5546,4.940,39424,66216,3149,,-28.53,-35.25,-11
Felis,,Hya,148.717545,-19.009360,188.3239,4.940,48615,85951,3923,,-46.09,-37.04,50
Triminus,6    Tri,Tri,33.092865,30.303067,89.1266,4.940,10280,13480,642,,-64.59,-61.07,-18
,,Cam,59.356005,63.072264,110.6195,4.950,18505,24479,1204,,7.58,6.01,5
,,Ori,85.211310,-1.128787,275.4821,4.950,26736,37756,1952,,-1.85,-0.68,26
,,Pav,300.436395,-59.375893,145.7726,4.950,98608,189124,7625,,19.73,-26.89,-10
,15    Lac,Lac,343.008375,43.312417,99.7009,4.950,112917,216397,8699,,109.36,21.54,-17
,19    Psc,Psc,356.597985,3.486811,275.4821,4.950,117245,223075,9004,,-35,-25,11
,20Pi  Cas,Cas,10.866990,47.024546,53.6769,4.950,3414,4058,184,,-24.52,-37.16,13
,21Eta UMi,UMi,244.376865,75.755330,29.7354,4.950,79822,148048,6116,GJ 3950A,-89.94,257.8,-9.5
,22    Cyg,Cyg,298.965675,38.486705,442.4779,4.950,98068,188892,7613,,1.46,0.6,-30
,34Phi Cas,Cas,20.020485,58.231611,100000.0000,4.950,6242,7927,382,,-1.31,-2.19,-24
,48    Lib,Lib,239.547375,-14.279358,143.4720,4.950,78207,142983,5941,,-12.29,-16.77,-6
,6    Dra,Dra,188.683530,70.021770,184.5018,4.950,61384,109551,4795,,-30.4,-1.36,5
,69    Ori,Ori,93.013665,16.130406,162.0746,4.950,29434,42545,2198,,5.57,-16.77,22
,84Tau Leo,Leo,171.984330,2.856265,172.4138,4.950,55945,99648,4418,,17.32,-10.41,-9
,8Kap Psc,Psc,351.733140,1.255608,47.0588,4.950,115738,220825,8911,,85.6,-94.43,-3
,Kap Nor,Nor,243.369720,-54.630467,131.2336,4.950,79509,145397,6024,,-5.33,-22.48,-14
,,And,25.445745,42.613369,12.7389,4.960,7918,10307,483,Gl 67,791.35,-180.16,3.1
,,Dra,239.447940,54.749762,33.5796,4.960,78180,143466,5960,,-150.18,106.47,-11
,,Sco,240.835950,-25.865240,63.6537,4.960,78650,143787,5969,,-67.89,-37.57,-39
,104    Her,Her,272.975655,31.405350,166.9449,4.960,89172,167006,6815,,-14.46,25.21,-0.3
,109    Tau,Tau,79.819170,22.096494,75.8150,4.960,24822,34559,1739,,19.62,-81.08,19
,11    Sgr,Sgr,272.930550,-23.701235,78.4929,4.960,89153,166464,6801,,7.82,-27.75,4
,30Xi  Aur,Aur,88.711605,55.706947,73.0460,4.960,27949,39283,2029,,-3.65,17.2,-12
,32    Per,Per,50.360715,43.329651,46.1681,4.960,15648,20677,1002,,-60.43,-0.38,-7
,4    Cas,Cas,351.209385,62.282806,240.9639,4.960,115590,220652,8904,,12.24,-13.25,-37
,53Tau And,And,25.145055,40.577049,218.3406,4.960,7818,10205,477,,16.67,-23.5,-14
,89    Vir,Vir,207.467865,-18.134168,74.9064,4.960,67494,120452,5196,,-99.34,-37.71,-40
,98    Her,Her,271.507920,22.218879,226.2443,4.960,88657,165625,6765,,-13.33,-5.26,-20
,Ome For,For,38.461275,-28.232343,148.3680,4.960,11918,16046,749,,-12.69,-1.4,10
Shakata,75    Tau,Tau,67.109880,16.359672,57.2410,4.960,20877,28292,1407,,8.12,17.79,18
,,Car,155.742360,-66.901498,123.1527,4.970,50847,90264,4089,,-22.84,11.04,12
,,Her,255.782790,14.091947,121.0654,4.970,83430,154143,6337,,25.96,-63.21,43
,102Ome1Aqr,Aqr,354.946110,-14.222178,43.5920,4.970,116758,222345,8968,,51.8,-55.58,-2
,16    Vir,Vir,185.087415,3.312574,94.4287,4.970,60172,107328,4695,,-293.82,-62.85,36
,20Psi And,And,356.508510,46.420276,307.6923,4.970,117221,223047,9003,,9.05,-6.25,-25
,40    Per,Per,55.594365,33.965026,323.6246,4.970,17313,22951,1123,,4.39,-5.21,20
,42    Lib,Lib,235.070400,-23.818078,117.2333,4.970,76742,139663,5824,,-15.62,-8.18,-22
,46Ome Cas,Cas,29.000055,68.685242,215.0538,4.970,9009,11529,548,,13.82,-9.73,-24
,52    Hya,Hya,217.043460,-29.491638,120.6273,4.970,70753,126769,5407,,-24.87,-23.81,16
,52Phi Tau,Tau,65.088405,27.350754,98.4252,4.970,20250,27382,1348,,-29.04,-76.97,3
,70    Vir,Vir,202.107555,13.778787,17.9856,4.970,65721,117176,5072,Gl 512.1,-234.81,-576.19,5.3
,72    Peg,Peg,353.488260,31.325277,168.3502,4.970,116310,221673,8943,,50.22,-18.45,-24
,83Phi Gem,Gem,118.374240,26.765783,68.2128,4.970,38538,64145,3067,,-34.02,-31.17,8
,Gam1Nor,Nor,244.253895,-50.068122,450.4505,4.970,79790,146143,6058,,-2.24,-3.96,-17
,Iot Ret,Ret,60.325455,-61.078822,97.8474,4.970,18772,25728,1266,,66.66,94.51,61
,Nu  Phe,Phe,18.795645,-45.531664,15.1149,4.970,5862,7570,370,Gl 55,664.47,178.12,11.6
,Xi  Col,Col,88.874625,-37.120668,102.0408,4.970,28010,40176,2087,,36.65,-24.08,60
,,Cet,25.681290,-3.690200,364.9635,4.980,7999,10550,500,,-11.67,-34.38,-34
,,Pup,115.096710,-15.263920,213.2196,4.980,37379,61772,2959,,-2.27,-28.04,-0.6
,,Mus,177.485925,-70.225790,290.6977,4.980,57696,102839,4538,,-7.61,-1.96,18
,,Cyg,298.980765,58.845969,280.8989,4.980,98073,189276,7633,,-9,-20.86,5
,14    Ari,Ari,32.355540,25.939892,88.4956,4.980,10053,13174,623,,77.5,-33.1,1
,16    Com,Com,186.747075,26.825699,85.1789,4.980,60746,108382,4738,,-11.58,-9.23,2
,26    Aql,Aql,290.137095,-5.415766,47.2813,4.980,95066,181391,7333,,113.42,44.83,-19
,39    Dra,Dra,275.977605,58.800736,56.4653,4.980,90156,170073,6923,,-37.64,62.08,-15
,41The1Ori,Ori,83.815920,-5.387315,100000.0000,4.980,26220,37020,1893,,-0.92,0.13,32
,43The2Ori,Ori,83.845425,-5.416060,473.9336,4.980,26235,37041,1897,,1.68,1.5,36
,53Nu 2Boo,Boo,232.945770,40.899332,119.0476,4.980,76041,138629,5774,,-13.73,-14.92,-17
,59    Leo,Leo,165.186675,6.101449,46.3607,4.980,53824,95382,4294,,-51.03,-22.24,-12
,6    Hya,Hya,130.006140,-12.475372,119.0476,4.980,42509,73840,3431,,-79.88,0.93,-11
,9    Aur,Aur,76.669335,51.597720,26.2881,4.980,23783,32537,1637,Gl 187.2A,-29.31,-173.95,0.6
,Bet Hor,Hor,44.699085,-64.071284,90.3342,4.980,13884,18866,909,,22.96,5.39,24
Alya B,63The2Ser,Ser,284.061015,4.202132,51.9481,4.980,92951,175639,7142,,52.42,31.17,-53
Aurwandilsta,14Iot CrB,CrB,240.360705,29.851061,95.6023,4.980,78493,143807,5971,,-38.2,-6.9,-19
,,Per,52.012755,49.062866,160.7717,4.990,16147,21278,1034,,21.94,-26.83,2
,,Cam,59.284545,61.108883,448.4305,4.990,18488,24480,1205,,-3.4,-14.06,-2
,,Eri,69.723150,-12.123121,71.3267,4.990,21644,29573,1483,,-65.1,-17.68,7
,,Pup,102.718140,-34.367318,250.0000,4.990,32855,50235,2549,,4.52,0.85,30
,,Vel,137.768340,-44.867902,100000.0000,4.990,45085,79186,3654,,-4.42,4.32,34
,,Com,184.125600,33.061527,96.9932,4.990,59856,106760,4668,,-54.87,-111.87,-42
,,Cen,205.436625,-54.559425,83.1947,4.990,66821,118991,5141,,-43.65,-24.58,10
,,Vir,213.065850,2.409433,79.1766,4.990,69389,124224,5313,,-44.67,-26.1,-2
,,Lup,239.876145,-41.744436,133.6898,4.990,78323,143009,5943,,-37.76,-16.51,-27
,,Sgr,301.081620,-32.056296,89.1266,4.990,98842,190056,7659,,43.01,-10.78,-12
,18Ome Hya,Hya,136.493190,5.092316,274.7253,4.990,44659,77996,3613,,-18.97,-11.01,25
,19    Mon,Mon,105.728235,-4.239231,373.1343,4.990,33971,52918,2648,,-4.73,2.81,25
,2    Cyg,Cyg,291.031575,29.621338,258.3979,4.990,95372,182568,7372,,10.57,10.85,-21
,20    Pup,Pup,123.333195,-15.788221,266.6667,4.990,40259,68752,3229,,-11.52,-2.85,17
,23    Ori,Ori,80.708340,3.544452,476.1905,4.990,25142,35149,1770,,-2,1.8,18
,2Eps CMi,CMi,111.412065,9.276097,319.4888,4.990,36041,58367,2828,,-2.95,-8.65,-8
,2Eta CrB,CrB,230.801250,30.287812,17.8635,4.990,75312,137107,5727,Gl 584A,125.77,-176.48,-7.3
,3    Cet,Cet,1.125495,-10.509523,641.0256,4.990,355,225212,9103,,-6.49,-11.88,-42
,36    Dra,Dra,273.473175,64.397287,22.9200,4.990,89348,168151,6850,Gl 708.1,351.62,36.05,-36.1
,4    Per,Per,30.575385,54.487541,223.2143,4.990,9505,12303,590,,33.79,-3.4,-2
,56    UMa,UMa,170.706630,43.482703,163.3987,4.990,55560,98839,4392,,-36.87,-13.85,3
,58Psi7Aur,Aur,102.691455,41.781230,116.1440,4.990,32844,49520,2516,,-23.94,-138.02,61
,5Xi  Leo,Leo,142.986420,11.299827,66.0939,4.990,46771,82395,3782,,-89.92,-84,29
,95Psi3Aqr,Aqr,349.740315,-9.610750,80.1925,4.990,115115,219832,8865,,43.47,-7.8,-10
,Del For,For,55.562085,-31.938361,259.7403,4.990,17304,23227,1134,,5.16,14.23,26
,Nu 1Lup,Lup,230.534625,-47.927792,35.8551,4.990,75206,136351,5698,GJ 3901,-141.44,-132.58,-11.2
,Ups PsA,PsA,332.108055,-34.043841,130.0390,4.990,109289,210066,8433,,5.98,-49.37,20
Tengshe,,Lac,344.108325,49.733544,490.1961,4.990,113288,216946,8726,,0.05,-2.87,-10
,,Cam,61.113180,59.155507,625.0000,5.000,19018,25291,1242,,-1.79,-0.38,-20
,,CMa,93.937020,-13.718414,125.0000,5.000,29735,43445,2244,,12.26,-11.08,38
,,Lyn,109.633245,49.464756,106.9519,5.000,35384,56169,2751,,-1.36,3.91,-12
,,Cen,170.802855,-36.164769,323.6246,5.000,55588,98993,4396,,-26.52,-0.63,-5
,,Cen,175.879980,-62.489396,100000.0000,5.000,57175,101947,4511,,-5.85,1.14,10
,,Sgr,269.772000,-30.253025,310.5590,5.000,88060,163755,6693,,2.51,-8.3,-20
,,Her,271.869750,43.461891,125.6281,5.000,88788,166208,6791,,1.94,-58,-16
,,Vel,131.174100,-54.708074,24.4499,5.000,,,,Gl 321.3B,21.24,-77.13,
,10    Leo,Leo,144.302775,6.835802,75.3012,5.000,47205,83240,3827,,-70.26,11.03,20
,111    Tau,Tau,81.106065,17.383534,14.3864,5.000,25278,35296,1780,Gl 202,250.4,-7.42,38.1
,15The UMi,UMi,232.854285,77.349352,262.4672,5.000,76008,139669,5826,,-46.89,5.31,-25
,16    Lyr,Lyr,285.359865,46.934812,37.4392,5.000,93408,177196,7215,,13.58,-86.1,8
,17    Cyg,Cyg,296.606655,33.727598,21.2314,5.000,97295,187013,7534,Gl 767.1A,23.05,-448.66,4.2
,18Mu  CMa,CMa,104.027685,-14.043430,381.6794,5.000,33345,51250,2593,,-1.7,6.89,19
,35Nu 2Sgr,Sgr,283.779735,-22.671328,83.9631,5.000,92845,175190,7120,GJ 9637,110.34,-30.79,104.2
,54    Dra,Dra,288.479805,57.705102,50.6586,5.000,94490,180610,7309,,-17.1,-63.15,-27
,9    Vul,Vul,293.645400,19.773403,169.4915,5.000,96275,184606,7437,,13.41,2.22,5
,Eta Tuc,Tuc,359.395905,-64.298231,47.4383,5.000,118121,224392,9062,,78.86,-61.1,33
,Gam CrA,CrA,286.602705,-37.064740,17.8923,5.000,,177475,7227,Gl 743.1B,91.62,-264.58,-51.3
,Xi  Sco,Sco,241.091610,-11.374611,24.3309,5.000,,144069,5977,GJ 9540B,-61.63,-33.19,-29.4
Elkurud,The Col,Col,91.881795,-37.252920,221.2389,5.000,29034,42167,2177,,0.9,0.3,45
Marsic,7Kap Her,Her,242.018865,17.046980,112.7396,5.000,79043,145001,6008,,-34.29,-5.46,-11
,,Lep,75.540900,-26.275029,71.4796,5.010,23430,32436,1628,,85.79,-76.63,27
,,Pup,118.065360,-34.705442,17.9437,5.010,38423,64379,3079,Gl 292A,-198.24,238.13,26.7
,,Vel,128.681670,-49.944203,260.4167,5.010,42088,73155,3407,,-12.56,17.66,4
,,Vel,143.536650,-51.255266,277.0083,5.010,46950,83058,3819,,-8.5,6.39,35
,,UMa,160.766835,69.076214,128.0410,5.010,52425,92523,4181,,0.28,-12.86,-0.4
,,Mus,174.873405,-65.397766,153.8462,5.010,56862,101379,4492,,-28.52,-7.01,14
,,Cen,184.749120,-55.143002,151.5152,5.010,60059,107079,4682,,-70.44,-11.06,-7
,,Her,260.078625,18.057081,147.0588,5.010,84833,157049,6452,,8.99,-55.69,-46
,1    Lyn,Lyn,94.478445,61.515286,195.6947,5.010,29919,42973,2215,,-9.61,-2.37,11
,14    Aur,Aur,78.851655,32.687600,87.5657,5.010,24504,33959,1706,,-27.05,12.47,-10
,22    And,And,2.580180,46.072272,377.3585,5.010,841,571,27,,4.51,0.21,-5
,4    Dra,Dra,187.528020,69.201123,190.4762,5.010,60998,108907,4765,,-63.12,-56.48,-13
,47    Psc,Psc,7.012125,17.893125,162.0746,5.010,2219,2411,103,,114.91,20.48,6
,52Chi And,And,24.837525,44.386165,76.7460,5.010,7719,10072,469,,-20.49,14.95,7
,6    CVn,CVn,186.462300,39.018616,80.1925,5.010,60646,108225,4728,,-78.1,-34,-4
,61    Sgr,Sgr,299.487630,-15.491490,81.4332,5.010,98258,188899,7614,,17.83,-93.66,3
,65    Gem,Gem,112.453200,27.916146,148.3680,5.010,36429,59148,2861,,-23.96,-21.67,36
,8Zet Sge,Sge,297.244410,19.142042,78.1861,5.010,97496,187362,7546,,17.91,26.47,-14
,Eta2Dor,Dor,92.812500,-65.589417,196.4637,5.010,29353,43455,2245,,-22.98,118.34,35
,,Hya,143.301915,-21.115722,111.1111,5.020,46880,82734,3808,Gl 355.2,-20.19,15.09,16.3
,,Vel,158.236950,-47.003353,401.6064,5.020,51635,91504,4143,,-24.04,6.83,4
,,Cen,223.212825,-37.803160,150.8296,5.020,72800,131120,5543,,-20.6,-17.96,6
,,Dra,275.386125,49.121593,198.8072,5.020,89981,169305,6891,,-24.18,51.06,14
,10The PsA,PsA,326.933970,-30.898304,98.4252,5.020,107608,207155,8326,,-34.53,0.64,14
,21Sig Aur,Aur,81.163095,37.385346,143.2665,5.020,25292,35186,1773,,-0.27,-12.13,-19
,30    Dra,Dra,267.267930,50.781075,66.5336,5.020,87212,162579,6656,,-51.89,218.15,-55
,35    Dra,Dra,267.362325,76.962881,31.7561,5.020,87234,163989,6701,,37.33,247.98,-23
,36Xi 1Sgr,Sgr,284.335320,-20.656346,632.9114,5.020,93057,175687,7145,,-1.58,-4.75,2
,4    Aql,Aql,281.208075,2.060038,142.6534,5.020,91975,173370,7040,,8.8,-15.06,-13
,46    UMa,UMa,163.934985,33.506929,72.6216,5.020,53426,94600,4258,,-111.67,-27.59,-22
,47Chi1Sgr,Sgr,291.318705,-24.508575,77.2201,5.020,95477,182369,7362,,63.61,-51.9,-42
,79    Tau,Tau,67.209015,13.047602,48.8520,5.020,20901,28355,1414,,105.17,-15.08,33
,9    Boo,Boo,209.142405,27.492082,178.2531,5.020,68103,121710,5247,,28.19,-47.76,-40
Pherkad Minor,11    UMi,UMi,229.274520,71.823901,122.1001,5.020,74793,136726,5714,,3.73,9.37,-16
,,Lep,90.814995,-26.284544,124.6883,5.030,28675,41312,2140,,66.18,84.77,182
,,Pup,109.205880,-36.592633,230.9469,5.030,35226,56779,2770,,-10.39,6.21,9
,,Vel,127.364520,-44.724812,800.0000,5.030,41639,72127,3359,,-5.85,6.41,22
,,Cen,213.738120,-57.086126,147.7105,5.030,69618,124367,5316,,-23.97,-20.97,7
,,Sco,255.469350,-32.143519,137.1742,5.030,83336,153613,6316,,-9.64,-48.35,5
,,Oph,259.654125,10.864475,151.0574,5.030,84671,156681,6433,,8.08,-97.65,40
,12Kap Ari,Ari,31.641345,22.648317,55.6793,5.030,9836,12869,613,,20.62,-35.84,12
,20    Cyg,Cyg,297.657195,52.988001,62.0732,5.030,97635,188056,7576,,-10.28,-67.99,-20
,24    Com,Com,188.782335,18.377058,138.1215,5.030,61418,109511,4792,,-4.58,23.3,4
,32    Vul,Vul,313.640160,28.057621,178.5714,5.030,103200,199169,8008,,0.12,-4.17,8
,36    Aql,Aql,292.665990,-2.788887,162.0746,5.030,95937,183630,7414,,23.06,-10.53,-11
,4    Pup,Pup,116.486955,-14.563805,72.0981,5.030,37891,62952,3015,,-11.17,6.28,-2
,46    Dra,Dra,280.658145,55.539457,104.3841,5.030,91755,173524,7049,,-2.65,23.36,-30
,51    Her,Her,252.938595,24.656433,214.1328,5.030,82504,152326,6270,,10.3,5.45,-16
,60    Eri,Eri,72.548400,-16.217159,72.3066,5.030,22479,30814,1549,,44.95,51.26,37
,82    Vir,Vir,205.403235,-8.702984,156.2500,5.030,66803,119149,5150,,-91.65,40.28,-37
,Eta Tel,Tel,290.713320,-54.423931,48.2160,5.030,95261,181296,7329,,25.57,-83.03,13
Chalawan,47    UMa,UMa,164.866800,40.430257,14.0627,5.030,53721,95128,4277,Gl 407,-315.92,55.15,11.6
,,Eri,26.525880,-53.522037,62.0347,5.040,8241,10939,520,,126.45,59.04,10
,,Per,49.050855,50.937664,242.1308,5.040,15219,20123,969,,-1.31,-19.23,2
,,Pic,91.764060,-62.154581,110.8647,5.040,28991,42540,2196,,21.44,-69.66,22
,,Pup,115.737975,-45.173118,24.6731,5.040,37606,62644,2998,Gl 284,-77.76,-553.41,28
,,Vel,121.668090,-45.266015,427.3504,5.040,39690,67582,3187,,-5.28,11,25
,,Cen,202.355220,-51.165134,155.5210,5.040,65810,117150,5071,,-1.5,-7.79,-2
,16    Cep,Cep,329.812770,73.179896,36.7242,5.040,108535,209369,8400,,-68.28,-159.81,-21
,2    Mon,Mon,89.767965,-9.558250,87.7963,5.040,28325,40536,2108,,8.45,-45.52,22
,41    And,And,17.003385,43.942092,58.9623,5.040,5317,6658,324,,160.96,-61.32,9
,45Lam Lib,Lib,238.333575,-20.167040,94.8767,5.040,77811,142096,5902,,-3.61,-19,6
,5    Ser,Ser,229.828320,1.765408,25.3807,5.040,74975,136202,5694,,373.24,-513.64,54
,52Nu 1Boo,Boo,232.732320,40.833047,257.0694,5.040,75973,138481,5763,,11.02,-8.81,-10
,53    Vir,Vir,198.014760,-16.198601,33.9098,5.040,64407,114642,4981,,96.17,-287.23,-14
,55Psi4Aur,Aur,100.770765,44.524450,99.2063,5.040,32173,47914,2459,,-45.05,-30.28,-73
,57    Gem,Gem,110.868810,25.050531,48.7329,5.040,35846,57727,2808,,-66.59,-28.44,6
,68    Cyg,Cyg,319.613265,43.945945,100000.0000,5.040,105186,203064,8154,,4.52,-9.07,1
,74    Cyg,Cyg,324.237405,40.413521,65.8328,5.040,106711,205835,8266,,-1.5,12.47,7
,74    Gem,Gem,114.869130,17.674519,161.0306,5.040,37300,61338,2938,,2.26,1.34,28
,74    Ori,Ori,94.110915,12.272163,19.2493,5.040,29800,43386,2241,GJ 9207,83.07,186.28,8.7
,Bet Cae,Cae,70.514475,-37.144297,28.6697,5.040,21861,29992,1503,Gl 176.1,46.9,193.14,26.8
,Del Cir,Cir,229.237065,-60.957255,100000.0000,5.040,74778,135240,5664,,-2.02,-4.08,9
,Iot1Mus,Mus,201.280410,-74.887818,67.7966,5.040,65468,116244,5042,,-108.28,-132.08,28
,Kap Cha,Cha,181.194240,-76.519061,146.1988,5.040,58905,104902,4605,,-77.48,46.84,-2
,Zet Scl,Scl,0.583005,-29.720414,154.0832,5.040,183,224990,9091,,9.66,14,8.6
Situla,63Kap Aqr,Aqr,339.439095,-4.228056,65.5738,5.040,111710,214376,8610,,-68.36,-120.47,8
,,Pup,99.656805,-48.220183,146.1988,5.050,31765,47973,2462,,3.92,19.83,28
,,Cep,115.129425,87.020091,139.6648,5.050,37391,51802,2609,,-53.48,-26.85,-25
,,Pyx,129.782970,-22.661875,19.3986,5.050,42430,73752,3430,Gl 314A,-268.26,424.08,47.7
,,Cep,356.978145,67.806808,92.9368,5.050,117371,223274,9013,,14.55,-1.89,10
,19    Aur,Aur,80.003835,33.958054,636.9427,5.050,24879,34578,1740,,0.02,-3.68,-5
,22Lam Cep,Cep,332.877420,59.414488,606.0606,5.050,109556,210839,8469,,-7.22,-11.06,-74
,31    Per,Per,49.781805,50.094966,171.8213,5.050,15444,20418,989,,22.38,-25.26,3
,57    Peg,Peg,347.381070,8.677161,239.8082,5.050,114347,218634,8815,,3.71,-4.52,14
,7    Psc,Psc,350.085765,5.381307,132.6260,5.050,115227,220009,8878,,78.53,-59.35,38
,99    Her,Her,271.756455,30.562140,15.6421,5.050,88745,165908,6775,Gl 704A,-100.93,111.7,1.6
,Eta2Pic,Pic,76.241640,-49.577837,136.0544,5.050,23649,33042,1663,,68.74,-3.03,36
Pleione,28    Tau,Tau,57.296730,24.136712,117.0960,5.050,17851,23862,1180,,18.71,-46.74,4
,,Cam,55.538910,63.216806,159.2357,5.060,17296,22649,1105,,-16.97,19.34,-22
,,Lep,78.851550,-26.943509,85.2515,5.060,24505,34310,1723,,10.88,-29.41,29
,,Lep,80.442735,-24.772981,107.8749,5.060,25045,35162,1771,,-20.55,-12.99,5
,,Mon,92.965890,-6.550287,366.3004,5.060,29417,42690,2205,,-3.54,-1.83,29
,,Pup,113.577585,-23.473661,31.6857,5.060,36817,60584,2909,,-88.67,0.97,-5
,,Vol,124.578285,-65.613192,91.0747,5.060,40680,70514,3280,,20.7,22.11,
,,Vel,151.546725,-47.369995,73.6920,5.060,49485,87783,3976,,-10.84,-53.46,21
,,Sco,257.676375,-44.557719,96.8054,5.060,84033,154948,6371,,-33.25,-69.11,-7
,,Cyg,295.209015,45.524942,49.6278,5.060,96825,186155,7495,,84.06,120.38,-20
,10    Mon,Mon,96.989880,-4.762154,333.3333,5.060,30772,45546,2344,,-4.23,-3.14,25
,26    Cyg,Cyg,300.339825,50.104695,133.1558,5.060,98571,190147,7660,,16.31,6.14,1
,28    Vul,Vul,309.632970,24.115958,160.2564,5.060,101868,196740,7894,,9.99,-7.8,-22
,49    UMa,UMa,165.210135,39.212092,115.4734,5.060,53838,95310,4288,,-80.94,-16.34,3
,55    Sgr,Sgr,295.629720,-16.123996,54.3183,5.060,96950,186005,7489,,67.78,-9.23,-27
,56    Cyg,Cyg,312.520425,44.059304,40.9668,5.060,102843,198639,7984,,122.68,132.3,-21
,81Phi Peg,Peg,358.122030,19.120287,141.8440,5.060,117718,223768,9036,,-6.42,-34.22,-8
,Eps Aps,Aps,215.596620,-80.108945,197.6285,5.060,70248,124771,5336,,-10.89,-14.13,5
,Iot Ind,Ind,312.875205,-51.608179,143.0615,5.060,102950,198308,7968,,-0.24,-4.95,21
,Nu  Dor,Dor,92.184645,-68.843409,91.9118,5.060,29134,43107,2221,,-50.9,19.68,18
,Omi Pav,Pav,318.335265,-70.126267,273.9726,5.060,104755,201371,8092,,41.42,-20.34,-19
,,Pup,104.604570,-34.111708,180.8318,5.070,33558,52092,2619,,-16.54,7.15,19
,,Pup,116.854140,-38.511145,323.6246,5.070,38010,63465,3035,,-9.94,4.69,12
,,Her,257.388570,40.777033,86.5052,5.070,83947,155410,6388,,-43.78,7.37,-56
,14    Peg,Peg,327.461220,30.174215,84.2460,5.070,107763,207650,8343,,18.89,-26.14,-23
,17    Dra,Dra,249.057180,52.924422,126.4223,5.070,81292,150117,6185,,-12.28,27.38,-10
,18    Aql,Aql,286.744185,11.071228,214.1328,5.070,93867,178125,7248,,-0.27,-31.47,-19
,19    Cep,Cep,331.286625,62.279814,632.9114,5.070,109017,209975,8428,,-1.76,-3.01,-13
,27    Dra,Dra,262.991175,68.135024,64.6831,5.070,85805,159966,6566,,-13.56,132.7,-73
,27    Ori,Ori,81.120450,-0.891328,57.2082,5.070,25282,35410,1787,,-5.03,140.19,20
,3    Cam,Cam,69.977850,53.079535,129.5337,5.070,21727,29317,1467,,-7.38,-15.95,-41
,38Kap Hya,Hya,145.076520,-14.332292,133.6898,5.070,47452,83754,3849,,-26.32,-19.25,18
,48    Leo,Leo,158.700060,6.953749,81.5661,5.070,51775,91612,4146,,-100.19,56.6,5
,50    Hya,Hya,213.191775,-27.261186,66.7111,5.070,69415,124206,5312,Gl 540.1,-13.44,-35.52,27
,51    Gem,Gem,108.342810,16.158966,165.8375,5.070,34909,55383,2717,,14.66,-41.8,-9
,6    Leo,Leo,142.989900,9.715767,153.1394,5.070,46774,82381,3779,,-8.89,-12.96,19
,64    Gem,Gem,112.335180,28.118275,54.0249,5.070,36393,59037,2857,,-33.3,-52.91,35
,64    Psc,Psc,12.244620,16.940644,23.4522,5.070,3810,4676,225,Gl 34.1,-2.33,-201.57,3.8
,7Kap Del,Del,309.782415,10.086203,30.1205,5.070,101916,196755,7896,,323.58,21.07,-52
,8Gam Sex,Sex,148.126815,-8.105030,85.1064,5.070,48437,85558,3909,,-61.83,-47.21,12
,94    Cet,Cet,48.193485,-1.196101,22.5785,5.070,14954,19994,962,Gl 128A,193.43,-69.23,19.2
,Bet3Tuc,Tuc,8.182680,-63.031500,45.5581,5.070,2578,3003,136,GJ 9015A,86.15,-49.85,5
,Del Cae,Cae,67.708740,-44.953749,215.9827,5.070,21060,28873,1443,,2.44,-2.48,14
,Del2Tel,Tel,278.008110,-45.757382,366.3004,5.070,90853,170523,6938,,1.26,-11.55,8
,Omi1Cen,Cen,172.941960,-59.442061,100000.0000,5.070,56243,100261,4441,,-4.08,1.14,-20
,Zet Cha,Cha,143.472855,-80.941258,175.4386,5.070,46928,83979,3860,,-34.61,14.67,-42
Guniibuu B,36    Oph,Oph,258.836010,-26.603215,5.9852,5.070,,155885,6402,Gl 663B,-492.43,-1127.13,0.5
,,Cas,9.034590,54.168450,164.4737,5.080,2854,3240,144,,22.98,-1.52,1
,,Cam,80.640540,79.231149,20.8855,5.080,25110,33564,1686,Gl 196,-78.6,161.13,-10.7
,,Mon,101.905095,-8.998503,432.9004,5.080,32558,49331,2508,,-4.21,-0.61,24
,,Pup,119.326770,-44.109859,335.5705,5.080,38872,65551,3116,,-11.48,6.92,16
,,Vel,126.902550,-53.088480,61.0501,5.080,41483,71935,3350,,-67.63,24.72,25
,,UMa,147.147150,46.021008,18.3688,5.080,48113,84737,3881,Gl 368,222.07,-92.62,5
,,Car,159.085590,-59.564392,80.5153,5.080,51912,92063,4164,,-39.9,-39.92,-13
,,Sct,283.679640,-15.603036,429.1845,5.080,92814,175156,7119,,-2.38,-5.64,-3
,10Pi  Cap,Cap,306.830040,-18.211721,167.2241,5.080,100881,194636,7814,,10.32,-10.87,-13
,13Lam Crt,Crt,170.841225,-18.779973,42.8816,5.080,55598,98991,4395,,-305.91,-29.06,11
,17    Vul,Vul,301.722525,23.614425,154.5595,5.080,99080,190993,7688,,15.18,0.45,-5
,24Phi Aur,Aur,81.912030,34.475892,138.8889,5.080,25541,35620,1805,,-1.44,-38.81,31
,30    Tau,Tau,57.067785,11.143294,139.0821,5.080,17771,23793,1174,,28.25,-29.82,16
,30Bet Sex,Sex,157.572825,-0.637026,124.0695,5.080,51437,90994,4119,,-40.12,-22.17,12
,31    Cep,Cep,338.941155,73.643188,54.8847,5.080,111532,214470,8615,,173.32,25.14,0.1
,41    LMi,LMi,160.854000,23.188404,70.2741,5.080,52457,92825,4192,,-116.66,8.27,19
,44    Hya,Hya,158.503680,-23.745165,244.4988,5.080,51718,91550,4145,,-10.44,21.15,-4
,51Mu  Cap,Cap,328.324020,-13.551768,26.6170,5.080,108036,207958,8351,Gl 838.5,313.03,13.67,-21.5
,91Sig1Tau,Tau,69.788400,15.799846,45.0857,5.080,21673,29479,1478,,32.4,-77.67,19
,Mu 2Cru,Cru,193.653765,-57.168670,124.8439,5.080,63005,112091,4899,,-32.35,-10.93,19
,The Cir,Cir,224.183310,-62.781016,462.9630,5.080,73129,131492,5551,,-12.41,-11.78,3
Hoerikwaggo,Alp Men,Men,92.559480,-74.753045,10.1978,5.080,29271,43834,2261,Gl 231,121.84,-212.82,34.9
Lembu,97    Tau,Tau,72.843585,18.839861,51.2558,5.080,22565,30780,1547,,79.66,-32.76,37
,,Cam,52.500855,55.451808,60.9013,5.090,16292,21447,1046,,-45.38,-11.77,0.3
,,Cep,75.086325,81.194088,117.7856,5.090,23265,30338,1523,,0.99,27.47,-8
,,Mon,98.408010,-1.220154,169.7793,5.090,31278,46487,2395,,2.14,-17.68,25
,,Car,111.591045,-51.018481,185.5288,5.090,36114,59219,2862,,-5.5,6.09,8
,,Pup,123.492975,-36.322281,311.5265,5.090,40321,69081,3240,,-8.66,7.89,18
,,Vel,132.639420,-46.529187,100000.0000,5.090,43413,75821,3527,,-2.76,3.84,7
,,Vel,141.574860,-53.378909,131.5789,5.090,46283,81848,3753,,-19.94,11.06,24
,,UMa,146.631930,57.128070,169.4915,5.090,47965,84335,3870,,0.12,33.12,8
,,Vel,147.488115,-45.732736,258.3979,5.090,48224,85355,3898,,-24.87,10.07,12
,,Mus,170.839245,-64.954714,123.7624,5.090,55597,99103,4401,,-22.59,7,
,,Sco,242.758650,-29.416220,97.4659,5.090,79302,145250,6017,,-85.58,-87.92,-27
,,CrA,275.577420,-38.656894,148.5884,5.090,90037,168592,6862,,-42.28,-28.28,18
,,Lac,331.508145,45.014348,186.5672,5.090,109102,209945,8424,,-9.35,-15.36,-23
,12    Pup,Pup,119.773815,-23.310396,263.8522,5.090,39023,65699,3123,,-11.74,2.75,11
,16    Peg,Peg,328.265700,25.925140,193.7984,5.090,108022,208057,8356,,9.12,0.34,-12
,16Eta Sge,Sge,301.289550,19.991071,49.1642,5.090,98920,190608,7679,,30.61,79.65,-40
,2    And,And,345.651540,42.757795,129.1990,5.090,113788,217782,8766,Gl 886.1A,55.67,-4.77,2
,36    Ser,Ser,237.814965,-3.090497,49.7512,5.090,77660,141851,5895,,-92.51,-27.56,-8
,56    Gem,Gem,110.486925,20.443658,135.8696,5.090,35699,57423,2795,,-62.05,-23.95,4
,6    Com,Com,184.000785,14.899071,60.9013,5.090,59819,106661,4663,,-80.58,-30.52,10
,66    Peg,Peg,350.769030,12.313910,119.0476,5.090,115444,220363,8893,,18.98,-17.15,-4
,75    Cyg,Cyg,325.046235,43.273839,123.7624,5.090,106999,206330,8284,,60.51,16.08,-28
,77    Peg,Peg,355.843170,10.331536,189.7533,5.090,117020,222764,8991,,4.93,11.4,-34
,87    Her,Her,267.204780,25.622869,64.9773,5.090,87194,162211,6644,,-3.67,-38.51,-26
,8Iot Ari,Ari,29.337720,17.817532,159.4896,5.090,9110,11909,563,,34.28,-23.71,-5
,Eps Oct,Oct,335.006310,-80.439747,89.1266,5.090,110256,210967,8481,,56.36,-42.78,12
,Lam Hyi,Hyi,12.146655,-74.923438,64.9351,5.090,3781,4815,236,,133.21,-34.59,-9
,,Cep,62.511585,80.698681,116.4144,5.100,19461,25007,1230,,-11.57,3,4
,,Hya,177.187860,-26.749777,167.2241,5.100,57613,102620,4532,,-34.88,-9.68,7
,,Cen,199.221375,-31.506196,78.9889,5.100,64803,115310,5006,,34.6,-49.27,13
,,Vir,216.047265,5.820131,48.7567,5.100,70400,126248,5392,,-77.91,6.49,-10
,,TrA,251.666685,-67.109691,213.6752,5.100,82129,150549,6204,,-15.2,-13.34,-2
,,Sco,261.054540,-44.162576,226.2443,5.100,85162,157243,6460,,-6.87,-30.41,13
,,Cas,345.021255,56.945374,100000.0000,5.100,113561,217476,8752,,-2.94,-3.09,-58
,101    Her,Her,272.220270,20.045233,100.8065,5.100,88899,166230,6794,,8.45,-21.05,-16
,21    Per,Per,44.322015,31.934219,98.0392,5.100,13775,18296,873,,3.02,-31.13,8
,23    Aql,Aql,289.635390,1.085129,113.7656,5.100,94885,180972,7319,,11.24,17.87,-24
,25    Aqr,Aqr,324.888600,2.243558,69.4444,5.100,106944,206067,8277,,-32.7,-84.17,-35
,46    Cap,Cap,326.251065,-9.082428,242.7184,5.100,107382,206834,8311,,12.96,-1.65,-5
,5    Her,Her,240.309660,17.818397,76.9231,5.100,78481,143666,5966,,-46.09,152.84,-19
,63Tau2Ari,Ari,50.688510,20.742069,97.3710,5.100,15737,20893,1015,,-49.22,-14.88,2
,66    Tau,Tau,65.965935,9.460968,121.3592,5.100,20522,27820,1381,,-21.02,-6.65,-4
,Eps Dor,Dor,87.473085,-66.901187,176.0563,5.100,27534,39844,2064,,-22.1,18.08,16
,Gam1Oct,Oct,358.027770,-82.018818,81.3008,5.100,117689,223647,9032,,-49.07,-20.91,15
,,Eri,58.412265,-34.732297,106.1571,5.110,18213,24626,1214,,31.99,-0.81,21
,,Pup,109.659105,-36.742735,232.0186,5.110,35406,57219,2790,,-10.15,5.9,18
,,Car,167.141670,-61.947175,100000.0000,5.110,54461,96919,4338,,-5.82,2.03,-22
,,Cen,201.532245,-39.755107,62.3441,5.110,65535,116713,5058,,168.31,-58.6,67
,,Cep,329.163105,63.625557,751.8797,5.110,108317,208816,8383,,-0.33,-3.82,-19
,,Lac,339.657900,56.795632,138.3126,5.110,111795,214665,8621,,52.42,-32.28,8
,13    Lac,Lac,341.022840,41.819235,78.6782,5.110,112242,215373,8656,,-8.33,3.11,13
,19    LMi,LMi,149.421150,41.055633,28.1452,5.110,48833,86146,3928,GJ 3574,-116.94,-26.26,-8.9
,2Mu  Lyr,Lyr,276.057450,39.507239,134.5895,5.110,90191,169702,6903,,-21.31,-4.56,-24
,43    Cam,Cam,103.426020,68.888309,300.3003,5.110,33104,49340,2511,,4.53,7.3,-21
,48    Cet,Cet,22.400550,-21.629339,71.3776,5.110,6960,9132,433,,55.64,3.22,1
,59    Dra,Dra,287.290740,76.560502,27.3000,5.110,94083,180777,7312,Gl 748.1,51.63,-119.8,0.8
,68    Eri,Eri,77.182080,-4.456207,25.4582,5.110,23941,33256,1673,Gl 189.2,55.62,16.03,10.4
,Iot Mic,Mic,312.121260,-43.988544,35.4233,5.110,102693,197937,7943,Gl 808.1,175.78,-112.17,-14.9
,Kap TrA,TrA,238.873365,-68.603001,370.3704,5.110,77982,141767,5891,,-8.9,-6.27,6
,Lam CrA,CrA,280.945590,-38.323441,62.9327,5.110,91875,172777,7021,,1.12,-53.81,-26
,Mu 2Gru,Gru,334.110675,-41.627225,81.3670,5.110,109973,211202,8488,,-13.56,-9.5,13
,Phi2Pav,Pav,310.010205,-60.548892,24.6609,5.110,101983,196378,7875,Gl 794.2,312.88,-568.99,-31.6
,,Pup,107.697870,-48.932098,96.8992,5.120,34670,55526,2719,GJ 3434,-17.24,196.97,63.6
,,Pup,115.924605,-40.933746,66.5336,5.120,37664,62713,3002,,131.14,-171.23,53
,,Vel,139.095990,-44.265735,100000.0000,5.120,45505,80108,3692,,-2.54,4.66,-3
,,Vel,143.435610,-49.005072,254.4529,5.120,46914,82984,3817,,-23.39,8.78,17
,,Cen,188.939805,-41.021945,35.5240,5.120,61468,109536,4794,,-107.25,1.11,-11
,,Sgr,277.859565,-18.402697,68.3995,5.120,90806,170680,6944,,-6.98,-21.43,-37
,,Sct,278.759970,-10.977206,100.9082,5.120,91105,171391,6970,,49.1,-5.04,7
,107    Her,Her,275.254245,28.869954,80.6452,5.120,89935,168914,6877,,4.01,48.81,-30
,13Zet CMi,CMi,117.924945,1.766868,191.2046,5.120,38373,63975,3059,,-13.97,-3.78,32
,27    Com,Com,191.661495,16.577691,104.1667,5.120,62356,111067,4851,,12.55,17.39,53
,37    Aql,Aql,293.780235,-10.560444,140.2525,5.120,96327,184492,7430,,6.87,-3.04,-31
,38    UMa,UMa,160.486200,65.716280,69.5410,5.120,52353,92424,4178,,-162.71,-75.04,-11
,44    UMa,UMa,163.393665,54.585128,200.4008,5.120,53261,94247,4246,,-66.85,-9.83,1
,47    Aqr,Aqr,335.398200,-21.598230,52.4384,5.120,110391,212010,8516,,-11.34,-84.57,49
,54Omi Aql,Aql,297.756840,10.415727,19.1902,5.120,97675,187691,7560,Gl 768.1A,240.09,-134.51,-0.2
,65    Aur,Aur,110.510955,36.760584,72.3589,5.120,35710,57264,2793,,-98.6,-22.08,23
,66    Eri,Eri,76.690215,-4.655163,94.6970,5.120,23794,32964,1657,,10.05,,31
,Mu  Hor,Hor,45.903585,-59.737775,43.4028,5.120,14240,19319,934,,-72.81,-63.89,17
,Nu  Mic,Mic,308.479455,-44.516048,71.7360,5.120,101477,195569,7846,,11.17,-35.67,9
,Omi2Cen,Cen,172.953345,-59.515648,100000.0000,5.120,56250,100262,4442,,-6.59,0.67,-17
,Phi Phe,Phe,28.591830,-42.496950,94.0734,5.120,8882,11753,558,,-34.32,-28.34,12
,Pi  PsA,PsA,345.874200,-34.749412,29.4204,5.120,113860,217792,8767,Gl 886.2,74.8,84.45,-6
Albireo B,6Bet2Cyg,Cyg,292.689150,27.965276,122.5490,5.120,95951,183914,7418,,-1.95,-0.98,-18
Cervantes,Mu  Ara,Ara,266.036280,-51.834053,15.5111,5.120,86796,160691,6585,Gl 691,-15.06,-191.17,-9
,,Cet,3.615120,-7.780532,178.5714,5.130,1158,1014,46,,61.01,2.36,-2
,,Cam,51.169005,64.585996,628.9308,5.130,15890,20797,1009,,-3.24,0.13,-21
,,Cnc,126.478200,7.564506,121.0654,5.130,41325,71115,3306,,-33.74,-9.57,15
,,Hya,173.225550,-31.087226,119.1895,5.130,56332,100393,4449,,-28.55,4.02,19
,,Boo,211.982310,43.854452,157.2327,5.130,69038,123657,5299,,11.73,-29.76,-36
,,Lup,226.329840,-41.067236,108.2251,5.130,73826,133340,5607,,22.64,-0.84,-3
,18Chi Cnc,Cnc,125.016090,27.217707,18.2715,5.130,40843,69897,3262,Gl 303,-18.38,-376.26,33
,29    Psc,Psc,0.456030,-3.027504,139.2758,5.130,145,224926,9087,,18.9,-10.25,23
,36    Lib,Lib,233.655495,-28.046983,97.5610,5.130,76259,138688,5775,,16.72,-31.22,12
,41The1Ori,Ori,83.818605,-5.389696,100000.0000,5.130,26221,37022,1895,,-0.92,0.13,33
,53    Dra,Dra,287.918955,56.859213,105.4852,5.130,94302,180006,7295,,48.09,48,-16
,70    Her,Her,260.225865,24.499435,131.0616,5.130,84887,157198,6457,,-19.36,-1.91,-18
,89    Psc,Psc,19.449810,3.614466,75.3012,5.130,6061,7804,378,,-48.38,-22.37,5
,Alp Oct,Oct,316.179315,-77.023767,43.5350,5.130,104043,199532,8021,,13.83,-369.38,45
,Phi For,For,37.007085,-33.811039,46.5983,5.130,11477,15427,724,,18.56,5.52,19
,Pi  Phe,Phe,359.732325,-52.745807,88.1057,5.130,118234,224554,9069,,57.93,61.46,-14
,The Nor,Nor,243.813855,-47.372021,118.2033,5.130,79653,145842,6045,,-36.77,-45.86,1
,,And,9.193545,44.488587,189.0359,5.140,2900,3346,152,,-36.7,31.77,-33
,,Pup,102.477570,-46.614560,25.2589,5.140,32765,50223,2548,Gl 249.1,-0.56,374.38,20.1
,,Car,105.214545,-51.402585,198.0198,5.140,33779,53047,2652,,-21.64,20.12,5
,,Gem,105.908640,10.951817,182.1494,5.140,34033,52960,2649,,-2.03,-11.98,21
,,Car,106.076355,-56.749724,92.2509,5.140,34105,54118,2683,,10.99,2.85,30
,,Pup,119.465520,-45.577669,89.2061,5.140,38917,65685,3121,,-17.29,31.33,51
,,Vel,123.400650,-46.991628,416.6667,5.140,40285,69144,3244,,-10.31,10.34,25
,,Vel,161.739510,-56.757192,161.2903,5.140,52742,93563,4221,,-21.25,-0.58,31
,,Cen,172.146195,-42.674203,214.5923,5.140,56000,99803,4423,,-34.61,6.27,3
,,Cen,174.252780,-61.283442,71.6846,5.140,56656,101021,4475,,-228.21,1.73,3
,,Cam,183.049665,77.616241,33.3778,5.140,59504,106112,4646,,10.53,20.18,0.3
,,Crv,185.232135,-13.565724,61.6903,5.140,60221,107418,4699,,-5.09,10.27,13
,102Ups Vir,Vir,214.885335,-2.265518,80.1925,5.140,70012,125454,5366,,-119.29,-71.87,-27
,21    Aql,Aql,288.427935,2.293707,217.8649,5.140,94477,179761,7287,,5.78,-2.58,-5
,21    CVn,CVn,199.560510,49.682062,84.2460,5.140,64906,115735,5023,,-33.34,19.42,-3
,23    Cyg,Cyg,298.322400,57.523482,194.1748,5.140,97870,188665,7608,,5.96,7.64,-25
,25    Mon,Mon,114.319545,-4.110979,67.5219,5.140,37088,61064,2927,,-67.41,17.74,46
,35    Cyg,Cyg,304.662795,34.982775,970.8738,5.140,100122,193370,7770,,0.1,-3.81,-14
,37    Cet,Cet,18.600165,-7.922826,23.3863,5.140,5799,7439,366,Gl 54.2A,123.67,277.58,21.2
,39Omi Oph,Oph,259.502835,-24.286901,90.4159,5.140,84626,156349,6424,,-59.49,-7.69,-29
,4    Tau,Tau,52.601955,11.336442,110.7420,5.140,16322,21686,1061,,-11.71,-16.08,0.6
,4    Vul,Vul,291.369165,19.798365,83.2639,5.140,95498,182762,7385,,96.65,-71.49,-1
,42    Cam,Cam,102.737865,67.571934,283.2861,5.140,32864,48879,2490,,0.93,4.58,5
,42    Per,Per,57.386220,33.091382,82.3045,5.140,17886,23848,1177,,-18.15,0.3,-14
,64    Ori,Ori,90.864030,19.690561,220.2643,5.140,28691,41040,2130,,9.81,-20.29,12
,6Mu  CrB,CrB,233.812140,39.010067,189.7533,5.140,76307,139153,5800,,24.61,8.63,-19
,8    Cnc,Cnc,121.268700,13.118215,65.7895,5.140,39567,66664,3163,,-35.2,-63.86,21
,80Pi  Gem,Gem,116.876355,33.415697,202.8398,5.140,38016,62898,3013,,-18.81,-28.63,-12
,Lam Dor,Dor,81.580305,-58.912520,140.4494,5.140,25429,36189,1836,,-8.22,32.22,10
,Ome Pav,Pav,284.652180,-60.200550,172.7116,5.140,93163,175329,7127,,-125.01,32.47,180
,Ups Pav,Pav,310.487790,-66.760682,240.9639,5.140,102157,196519,7881,,8.89,-23.23,7
,Xi 1Lup,Lup,239.222895,-33.966134,42.3729,5.140,78105,142629,5925,,23.8,-45.97,-10
,,CMa,94.423845,-16.815908,189.7533,5.150,29895,43827,2260,,-14.87,2.07,-8
,,Lyn,116.663655,37.517394,132.8021,5.150,37946,62647,2999,,30.18,12.7,-35
,,Vel,130.917810,-49.822802,568.1818,5.150,42834,74753,3476,,-3.56,3.65,28
,,Car,153.377760,-66.372811,94.3396,5.150,50083,88981,4025,,-34.35,11.53,-15
,,Cen,166.819620,-42.638681,84.1043,5.150,54360,96616,4327,,-82.12,41.21,2
,,Cen,174.530565,-61.826563,87.4126,5.150,56754,101189,4487,,-62.04,-3.49,4
,,Cen,180.914595,-42.434056,25.3229,5.150,58803,104731,4600,GJ 3701,323.63,-110.85,38.9
,,Cen,206.734800,-36.251933,133.8688,5.150,67244,119921,5174,,-13.28,-11.5,-10
,,UMi,228.658890,67.346722,25.3421,5.150,74605,136064,5691,Gl 580.2,221.51,-392.3,-48.1
,,Lup,229.016775,-41.491155,540.5405,5.150,74707,135345,5667,,-10.38,-4.87,-27
,1    Aqr,Aqr,309.853710,0.486445,71.4796,5.150,101936,196758,7897,,103,-19.44,-43
,10    Ser,Ser,232.159320,1.842081,39.7456,5.150,75761,137898,5746,,-84.56,-33.48,-10
,11Sig1UMa,UMa,137.098005,66.873235,159.7444,5.150,44857,77800,3609,,-23.01,-40.54,15
,12Gam1Del,Del,311.661930,16.124134,37.9507,5.150,102531,197963,7947,,-6.1,-201.74,-7
,14    Tri,Tri,38.025675,36.147271,132.8021,5.150,11784,15656,736,,47.82,16.43,-36
,15Ups Cap,Cap,310.012275,-18.138659,177.9359,5.150,101984,196777,7900,,-22.73,-21.63,-13
,25    Cyg,Cyg,299.979975,37.042885,404.8583,5.150,98425,189687,7647,,0.41,-0.24,-4
,27    UMa,UMa,145.738425,72.252618,146.6276,5.150,47654,83506,3839,,-26.71,-27.49,-17
,35    Lyn,Lyn,132.986805,43.726603,81.2348,5.150,43531,75506,3508,,-13.91,45.63,15
,43    Her,Her,251.457885,8.582616,108.5776,5.150,82073,151217,6228,,-2.86,15.67,-21
,49    Vir,Vir,196.974210,-10.740408,94.2507,5.150,64078,114038,4955,,16.03,-9.38,-9
,54    Hya,Hya,221.500365,-25.443181,30.2847,5.150,72197,129926,5497,Gl 561.1A,-151.5,-109.07,-19.7
,59    Peg,Peg,347.934120,8.720116,74.2942,5.150,114520,218918,8826,,-8.93,-5.05,10
,82    Psc,Psc,17.778195,31.424736,147.2754,5.150,5544,7034,349,,-8.7,-12.02,2
,8Alp1Lib,Lib,222.671595,-15.997237,22.9779,5.150,72603,130819,5530,Gl 563.4,-135.93,-59.47,-23.5
,Chi Phe,Phe,30.426600,-44.713509,115.0748,5.150,9459,12524,602,,-31.8,-48.79,-31
,Zet2Mus,Mus,185.530695,-67.522105,101.1122,5.150,60320,107566,4703,,-31.28,-5.16,-17
,,Eri,44.155935,-3.712320,57.1755,5.160,13717,18331,875,,-35.75,-43.31,-15
,,Pic,87.721755,-52.108873,78.6164,5.160,27621,39640,2049,,2.42,-76.29,1
,,CMa,97.846020,-12.391953,112.3596,5.160,31084,46184,2379,,42.1,-17.87,17
,,Car,123.816405,-62.915643,77.5194,5.160,40429,69863,3260,,-26.87,-10.95,4
,,Lib,233.610480,-9.183416,122.3990,5.160,76243,138764,5780,,-32.01,-27.31,-2
,,CrA,278.088855,-39.704001,70.2741,5.160,90887,170642,6942,,31.98,-37.62,-6
,10Bet Equ,Equ,320.723385,6.811140,101.4199,5.160,105570,203562,8178,,52.66,11.15,-11
,27Rho And,And,5.280255,37.968603,48.5437,5.160,1686,1671,82,,58.32,-39.65,9
,29    Per,Per,49.657230,50.222174,195.3125,5.160,15404,20365,987,,22.45,-25.1,-4
,37    UMa,UMa,158.790255,57.082637,26.5252,5.160,51814,91480,4141,,65.65,37.11,-10
,42    Cap,Cap,325.386930,-14.047611,33.2336,5.160,107095,206301,8283,,-122.06,-308.64,-1
,49Sig Peg,Peg,343.100295,9.835664,27.2777,5.160,112935,216385,8697,GJ 9801A,521.86,44.1,10.2
,9    Per,Per,35.589315,55.845653,100000.0000,5.160,11060,14489,685,,0.36,-1.19,-15
,9    Pup,Pup,117.942930,-13.898029,16.5044,5.160,38382,64096,3064,Gl 291A,-68.46,-344.83,-21.5
,90    Vir,Vir,208.675605,-1.503125,75.5858,5.160,67929,121299,5232,,-85.06,-21.93,-7
,9Tau1Ser,Ser,231.447480,15.428036,211.4165,5.160,75530,137471,5739,,-14.02,-7.51,-20
,Eta Cir,Cir,226.200450,-64.031350,84.6024,5.160,73776,132905,5593,,102.92,9.47,45
Nahn,77Xi  Cnc,Cnc,137.339730,22.045446,114.4165,5.160,44946,78515,3627,,-0.48,-0.7,-7
,,Cet,7.594395,-23.787680,53.1067,5.170,2381,2696,118,,-26.95,13.97,0.5
,,Cas,39.508635,72.818252,78.4314,5.170,12273,15920,743,,-28.9,15.16,-2
,,Vel,134.718240,-47.234688,68.9180,5.170,44093,77140,3588,,-84.4,55.68,18
,,Car,134.851170,-59.083712,26.4201,5.170,44143,77370,3598,Gl 333.1,-174.6,281.78,11.4
,,Mus,181.958475,-75.367019,130.2083,5.170,59151,105340,4617,,-92.34,19,-45
,,Crv,190.316475,-13.013901,78.9266,5.170,61910,110317,4821,,-117.92,7.86,-14
,,Cen,194.268180,-51.198752,112.9944,5.170,63210,112409,4913,,-29.54,-14.82,25
,,Cyg,294.158325,44.694936,40.8330,5.170,96459,185351,7468,,-94.61,-103.78,-5
,108    Aqr,Aqr,357.838905,-18.909163,97.7517,5.170,117629,223640,9031,,26.6,-3.56,13
,13    Com,Com,186.077190,26.098606,81.1030,5.170,60514,107966,4717,,-26.91,-3.08,1
,19Phi2Cet,Cet,12.531645,-10.644326,15.7530,5.170,3909,4813,235,Gl 37,-224.67,-228.44,8.2
,28Phi Cap,Cap,318.907920,-20.651696,197.2387,5.170,104963,202320,8127,,15.39,-2.24,-5
,30Eta Crt,Crt,179.003985,-17.150829,77.1010,5.170,58188,103632,4567,,-49.07,-8.23,15
,30Mu  Cas,Cas,17.062155,54.920340,7.5540,5.170,5336,6582,321,Gl 53A,3421.44,-1599.27,-98.1
,31    Aql,Aql,291.242460,11.944415,15.1768,5.170,95447,182572,7373,Gl 759,721.27,643.6,-100.6
,38    Ari,Ari,41.239920,12.445761,36.3372,5.170,12832,17093,812,,124.1,-84.8,-2
,4    Cyg,Cyg,291.538020,36.317896,216.9197,5.170,95556,183056,7395,,4.22,12.95,-22
,42Alp Com,Com,197.495835,17.528977,14.3246,5.170,,114379,4969,Gl 501B,-425.99,145.02,-27.7
,42Xi  Eri,Eri,65.920215,-3.745470,64.1026,5.170,20507,27861,1383,,-47.92,-56.73,-11
,6    Pup,Pup,117.421665,-17.228408,78.0640,5.170,38211,63697,3044,,54.17,-117.17,44
,90    Her,Her,268.325115,40.007959,108.4599,5.170,87563,163217,6677,,7.85,50.36,-35
,Mu  Ind,Ind,316.309350,-54.727042,112.1076,5.170,104085,200365,8055,,16.51,-37.55,12
,Rho Tel,Tel,286.583100,-52.340910,56.7215,5.170,93815,177171,7213,,30.63,-115.2,2
,,And,7.056810,44.394452,86.6551,5.180,2225,2421,104,,84.1,-15.33,2
,,Ori,77.923185,16.045673,105.2632,5.180,24197,33554,1684,,3.46,6.32,-6
,,Vol,104.960670,-67.916443,89.6057,5.180,33682,53501,2662,GJ 3422,-27,234.21,38.6
,,CMa,111.167445,-16.201473,287.3563,5.180,35951,58343,2825,,-4.65,-20.15,2
,,Pup,125.337690,-36.484177,456.6210,5.180,40943,70556,3283,,-8.04,6.98,16
,,Vel,126.380550,-51.727415,213.2196,5.180,41296,71510,3330,,-14.68,17.14,18
,,Vel,129.990030,-53.054729,135.6852,5.180,42504,74146,3442,,-25.81,21.49,14
,,UMa,160.887330,46.203877,37.0920,5.180,52469,92787,4191,,-268.17,-66.06,4
,,Cen,171.430755,-63.972475,27.2183,5.180,55779,99453,4413,GJ 3663,-314.38,-65.52,-5
,,UMi,213.016830,69.432548,131.2336,5.180,69373,124730,5334,,-26.12,-49.53,-23
,,Cir,223.894305,-60.114164,49.4315,5.180,73036,131342,5546,,-125.69,-112.25,-14
,,Cep,325.767090,72.320084,74.9625,5.180,107230,207130,8324,,-43.24,-40.59,-39
,125    Tau,Tau,84.934155,25.897091,131.0616,5.180,26640,37438,1928,,9.75,-23.79,15
,16    UMa,UMa,138.585615,61.423318,19.5695,5.180,45333,79028,3648,Gl 337.1,-8.67,-31.84,-14.6
,19    Cyg,Cyg,297.641640,38.722419,212.3142,5.180,97630,187849,7566,,12.65,105.85,-39
,22    Vul,Vul,303.876000,23.508906,588.2353,5.180,99853,192713,7741,,2.66,-6.89,-23
,41    Tau,Tau,61.651710,27.599903,128.8660,5.180,19171,25823,1268,,22.13,-50.18,-2
,42    Cas,Cas,25.732395,70.622526,85.1064,5.180,8016,10250,480,,76.62,-13.62,6
,44Sig Aql,Aql,294.798510,5.397773,239.2344,5.180,96665,185507,7474,,2.08,-3.78,-5
,6    Ori,Ori,73.695405,11.426006,69.9790,5.180,22833,31283,1569,,-16.31,13.63,9
,73    Dra,Dra,307.876680,74.954619,121.3592,5.180,101260,196502,7879,,6.36,-16.47,9
,75    Leo,Leo,169.322505,2.010556,101.8330,5.180,55137,98118,4371,,55.1,-142.89,-59
,Gam Men,Men,82.969770,-76.340964,31.3578,5.180,25918,37763,1953,,143.2,287.75,57
,Iot Scl,Scl,5.379975,-28.981469,101.3171,5.180,1708,1737,84,,32.77,-71.48,21
,Kap Tel,Tel,283.165125,-52.107370,83.3333,5.180,92646,174295,7087,,38.43,-95.69,-44
,Mu  Col,Col,86.499555,-32.306435,408.1633,5.180,27204,38666,1996,,3.01,-22.62,109
,Sig Phe,Phe,356.816640,-50.226461,185.1852,5.180,117315,223145,9006,,8.99,-23.28,11
,,Dor,76.891740,-63.399679,173.3102,5.190,23840,33684,1695,,12.57,-44.74,19
,,Mon,91.056255,-6.708941,403.2258,5.190,28744,41335,2142,,-3.55,3.62,25
,,Mon,96.807345,0.299246,260.4167,5.190,30717,45416,2334,,2.9,-8.25,33
,,Car,119.906430,-60.587061,301.2048,5.190,39070,66342,3153,,-3.52,11.27,23
,,Pyx,132.464580,-32.780525,68.6342,5.190,43352,75605,3512,,-1.86,-48.22,-8
,,Dra,236.666580,62.599557,87.7193,5.190,77277,141653,5886,,40,-56.54,-6
,,TrA,247.705695,-61.633503,240.9639,5.190,80874,148291,6125,,-11.39,-8.99,4
,17    Del,Del,313.902870,13.721536,147.0588,5.190,103294,199253,8011,,18.36,-11.5,-10
,2    Dra,Dra,174.011160,69.322952,72.8332,5.190,56583,100696,4461,,109.23,-126.4,-2
,21    Vul,Vul,303.560535,28.694817,91.1577,5.190,99738,192518,7731,,12.18,-19.01,7
,21Nu  Lib,Lib,226.656660,-16.256818,213.2196,5.190,73945,133774,5622,,-36.41,-23.28,-15
,29Del Sex,Sex,157.369590,-2.739078,98.7167,5.190,51362,90882,4116,,-48.78,-12.76,19
,30    Cep,Cep,339.662730,63.584472,88.0282,5.190,111797,214734,8627,,-1.16,-20.23,11
,59    Vir,Vir,199.193820,9.424156,17.5593,5.190,64792,115383,5011,Gl 504,-334.51,190.7,-27.4
,6    Cep,Cep,319.842570,64.871855,609.7561,5.190,105268,203467,8171,,5.08,5.31,-18
,64    And,And,36.103785,50.006546,122.3990,5.190,11220,14770,694,,24.54,-35.79,-13
,97    Aqr,Aqr,350.663205,-15.039338,65.3595,5.190,115404,220278,8890,,119.67,17.49,-12
,Kap Ara,Ara,261.500160,-50.633510,139.6648,5.190,85312,157457,6468,,15.8,9.18,17
,Kap For,For,35.635560,-23.816326,21.9635,5.190,11072,14802,695,Gl 97,197.34,-4.39,18.4
,The Vol,Vol,129.771420,-70.386745,73.6377,5.190,42425,74405,3460,,19.21,-38.05,13
,,Cam,64.179570,53.611799,100.2004,5.200,19949,26764,1314,,-16.99,-1.68,-3
,,Pic,97.368825,-56.852766,93.2836,5.200,30932,46355,2389,,-38.15,32.34,13
,,Pup,106.011660,-42.337280,106.8376,5.200,34081,53704,2666,,-18.14,71.48,28
,,Vel,122.399655,-44.122773,383.1418,5.200,39961,68217,3204,,-11.98,2.54,8
,,Vel,130.079940,-40.263875,85.6164,5.200,42540,74067,3439,,-55.93,7.66,21
,,Vel,130.487130,-45.410714,100000.0000,5.200,42679,74371,3456,,-5.9,5.02,24
,,Hya,175.433115,-32.499404,123.7624,5.200,57047,101666,4503,,-5.54,-33.42,34
,,Lyr,284.256615,32.901273,14.8721,5.200,93017,176051,7162,Gl 738A,202.85,-143.97,-45.8
,,Mic,316.602825,-32.341618,100.6036,5.200,104174,200763,8076,,-4.96,8.57,3
,13    Cet,Cet,8.811990,-3.592846,21.2540,5.200,2762,3196,142,Gl 23A,407.68,-36.47,11.2
,14    CVn,CVn,196.435170,35.798899,104.3841,5.200,63901,113797,4943,,-36.75,19.32,-13
,17    Lyr,Lyr,286.856535,32.501738,41.5800,5.200,93917,178449,7261,,123.23,32.08,4
,18    Lyn,Lyn,108.979005,59.637467,61.0128,5.200,35146,55280,2715,,-101.07,-258.69,24
,20Nu 1CrB,CrB,245.589270,33.799052,196.4637,5.200,80197,147749,6107,,5.52,-38.25,-13
,26    Gem,Gem,100.601355,17.645303,43.6300,5.200,32104,48097,2466,,6.97,-86.87,15
,28    And,And,7.530675,29.751557,62.7746,5.200,2355,2628,114,,43.56,-57.18,-10
,31    Cam,Cam,88.740945,59.888367,143.6782,5.200,27971,39220,2027,,2,-18.5,-3
,42Ome Gem,Gem,105.603255,24.215446,456.6210,5.200,33927,52497,2630,,-6.46,-0.4,-9
,47    Eri,Eri,68.548455,-8.231352,304.8780,5.200,21296,29064,1451,,-22.42,2.88,-12
,47    Hya,Hya,209.629785,-24.972249,102.0408,5.200,68269,121847,5250,,-49.92,-29.29,5
,59    Ser,Ser,276.802125,0.196108,143.8849,5.200,90441,169985,6918,,-2.64,-8.79,-23
,5Zet Crv,Crv,185.140200,-22.215901,127.3885,5.200,60189,107348,4696,,-109.68,-27.71,-6
,61    Cyg,Cyg,316.721910,38.749415,3.4865,5.200,104214,201091,8085,Gl 820A,4155.1,3258.9,-64.8
,63    Gem,Gem,111.934860,21.445247,32.0205,5.200,36238,58728,2846,,-49.56,-123.9,25
,71    Ori,Ori,93.712005,19.156448,20.8160,5.200,29650,43042,2220,GJ 3390,-95.78,-181.59,35.7
,94    Aqr,Aqr,349.777770,-13.458552,21.1193,5.200,115126,219834,8866,Gl 894.2A,265.64,-44.87,10.3
,Mu  CrA,CrA,281.935890,-40.406167,121.3592,5.200,92226,173540,7050,,24.64,-18.57,-18
,,CMa,96.043005,-11.530088,106.8376,5.210,30457,44951,2305,,-55.56,-32.11,-26
,,Mon,100.484940,-9.167537,105.5966,5.210,32064,48217,2469,,34.99,-46.05,1
,,Cen,171.372780,-36.063062,84.0336,5.210,55756,99322,4409,,-107.66,17.68,4
,34Ome Ser,Ser,237.573105,2.196509,83.8223,5.210,77578,141680,5888,,30.15,-47.62,-4
,42Psi Tau,Tau,61.751925,29.001299,27.6014,5.210,19205,25867,1269,,-94.03,4.9,9
,5    Lyn,Lyn,96.703650,58.417409,191.9386,5.210,30679,44708,2293,,-5.52,-1.77,-3
,57    Vir,Vir,198.994830,-19.943103,38.4763,5.210,64725,115202,5001,Gl 503.3,304.74,-115.41,34.2
,59Ups Aqr,Aqr,338.673450,-20.708216,22.6809,5.210,111449,213845,8592,Gl 863.2,221.6,-146.58,-4.2
,60    Ori,Ori,89.706555,0.552979,136.6120,5.210,28296,40446,2103,,-15.59,2.41,35
,76    Vir,Vir,203.241975,-10.165000,72.0981,5.210,66098,117818,5100,,-30.72,-37.96,-1
,Iot Ara,Ara,260.816985,-47.468197,286.5330,5.210,85079,157042,6451,,-6.66,-17.63,-19
,Ups Phe,Phe,16.949355,-41.486916,56.9476,5.210,5300,6767,331,,36,7.85,14
,Zet Hor,Hor,40.164990,-54.549911,49.0918,5.210,12484,16920,802,,32.76,5.24,-1
Revati,86Zet Psc,Psc,18.432855,7.575354,53.3049,5.210,5737,7344,361,,141.66,-55.62,9
,,Cet,11.184990,-22.006135,26.7451,5.220,3505,4247,197,Gl 31.3,-66.07,81.15,13.2
,,Eri,44.675325,-2.782877,110.6195,5.220,13874,18543,892,,-28.7,-62.96,-7
,,Tau,63.650970,10.011406,119.9041,5.220,19799,26793,1315,,-6.57,-13.44,7
,,Mon,97.951245,11.544412,63.6537,5.220,31119,46089,2375,,17.61,28.16,-3
,,Mon,105.484935,-5.722065,175.1313,5.220,33878,52666,2639,,-14.49,6.58,3
,,Pup,116.881275,-46.608490,480.7692,5.220,38020,63578,3037,,-3.57,7.95,34
,,Pup,119.868255,-39.296944,55.5556,5.220,39061,65925,3140,,-78.34,-43.68,-8
,,Car,168.188520,-64.169770,95.8773,5.220,54767,97583,4355,,-46.98,5.41,21
,,Cen,171.647610,-61.115167,418.4100,5.220,55831,99556,4415,,-13.83,1.78,9
,,Cen,214.965030,-61.272972,48.3559,5.220,70035,125158,5349,,-165.01,-88.32,21
,,Lup,221.755410,-52.383518,79.6813,5.220,72290,129893,5495,,-17.93,-82.32,-21
,11    Cam,Cam,76.535235,58.972372,210.0840,5.220,23734,32343,1622,,-6.16,-7.67,-11
,20Rho Aur,Aur,80.451720,41.804572,162.3377,5.220,25048,34759,1749,,13.42,-37.38,13
,29    Sgr,Sgr,282.417105,-20.324656,286.5330,5.220,92390,174116,7078,GJ 4080,-1.82,34.7,-17.7
,3    Vul,Vul,290.712015,26.262403,120.4819,5.220,95260,182255,7358,,-1.73,-10.93,-12
,32    Vir,Vir,191.404410,7.673326,77.4593,5.220,62267,110951,4847,,-108.93,4.53,-9
,45    Her,Her,251.943405,5.246746,120.6273,5.220,82216,151525,6234,,-21.75,-38.74,-16
,51    Eri,Eri,69.400545,-2.473548,29.4291,5.220,21547,29391,1474,,43.32,-64.23,21
,57Psi6Aur,Aur,101.914905,48.789476,110.4972,5.220,32562,48781,2487,,-5.25,6.4,-8
,5Eta CMi,CMi,112.008645,6.941968,97.5610,5.220,36265,58923,2851,,-3.38,-44.85,18
,62Omi1Cnc,Cnc,134.312280,15.322762,45.7247,5.220,43970,76543,3561,,61.23,18.46,-5
,64    Dra,Dra,300.368910,64.820974,180.1802,5.220,98583,190544,7676,,10.01,-12.45,-34
,67    UMa,UMa,180.528585,43.045600,34.2700,5.220,58684,104513,4594,,-345.55,55.72,6
,71    Cyg,Cyg,322.362240,46.540585,66.4452,5.220,106093,204771,8228,,43.33,104.05,-19
,9Nu 2Lyr,Lyr,282.470490,32.551058,70.9723,5.220,92405,174602,7102,,-11.76,-12.76,10
Rangifer,49    Cas,Cas,31.381545,76.115060,122.6994,5.220,9763,12339,592,,-12.19,-20.49,
Veritate,14    And,And,352.822350,39.236198,79.1766,5.220,116076,221345,8930,,287.3,-83.78,-59
,,Eri,46.639545,-6.088555,139.8601,5.230,14456,19349,935,,7.12,-5.11,17
,,Vel,122.429820,-47.937193,338.9831,5.230,39970,68324,3213,,-6.31,9.6,5
,,Vel,135.435690,-52.188685,112.9944,5.230,44337,77653,3605,,-14.67,13.53,32
,,Car,161.623335,-64.263242,145.9854,5.230,52701,93549,4220,,-16.98,9.16,12
,,Hya,163.373040,-20.138731,30.8071,5.230,53252,94388,4251,Gl 403.1,80.53,-239.09,-3.8
,,Lup,235.659675,-37.424935,79.9361,5.230,76939,139980,5837,,-50.36,-16.11,-16
,,Sco,252.890505,-41.230534,100000.0000,5.230,82493,151804,6245,,0.55,-0.44,-65
,10    CMa,CMa,101.118615,-31.070523,100000.0000,5.230,32292,48917,2492,,-3.04,6.24,34
,16    Vul,Vul,300.505950,24.938043,67.9810,5.230,98636,190004,7657,,89.69,69.73,-37
,17Eta Ari,Ari,33.200325,21.210993,28.8684,5.230,10306,13555,646,GJ 1043,162.52,4.07,6
,17Sig CrB,CrB,243.670350,33.858613,21.0793,5.230,79607,146361,6063,Gl 615.2A,-266.47,-86.88,-12.2
,19    Aql,Aql,287.249640,6.073207,45.7875,5.230,94068,178596,7266,,-9.02,-78.34,-47
,23    Oph,Oph,253.648725,-6.153982,73.8007,5.230,82730,152601,6280,,-30.23,-21.86,-17
,26    Dra,Dra,263.747550,61.874554,14.1904,5.230,86036,160269,6573,Gl 684A,277.38,-525.62,-16.3
,56    Hya,Hya,221.936685,-26.087500,109.7695,5.230,72357,130259,5516,,36.88,-8.4,-1
,58Rho2Cnc,Cnc,133.915335,27.927481,149.2537,5.230,43834,76219,3540,,-14.98,-33.37,17
,64Sig3Cnc,Cnc,134.886075,32.418559,90.6618,5.230,44154,76813,3575,,-44.33,-34.61,23
,66    Aur,Aur,111.035280,40.672389,370.3704,5.230,35907,57669,2805,,-3.35,-21.11,21
,76Kap Cnc,Cnc,136.936725,10.668191,162.8664,5.230,44798,78316,3623,,-20.36,-9.96,24
,91    Psc,Psc,20.280705,28.738207,107.4114,5.230,6315,8126,389,,28.53,-75.19,-36
,Eta Ant,Ant,149.717865,-35.890973,33.3111,5.230,48926,86629,3947,,-89.59,-16.27,30
Taiyi,8    Dra,Dra,193.868970,65.438474,29.2912,5.230,63076,112429,4916,,-4.63,-30.38,9
,,Per,45.217515,52.351744,140.6470,5.240,14043,18537,890,,31.2,-21.99,-5
,,Tau,57.578895,25.579362,56.4653,5.240,17954,23985,1188,,36.37,-117.95,4
,,Eri,68.549040,-8.970258,233.1002,5.240,21297,29065,1452,,-36.27,-112.18,-27
,,Pup,109.639635,-39.210285,141.8440,5.240,35393,57240,2791,,-9.95,9.01,32
,,Vel,138.602040,-43.227493,187.6173,5.240,45344,79735,3674,,-25.01,12.02,15
,,Cen,197.846835,-43.368553,68.1663,5.240,64348,114474,4973,,-114.5,-19.66,-9
,,Boo,226.569570,54.556318,78.9266,5.240,73909,134190,5635,,47.07,12.81,16
,,Oph,246.931065,-7.597929,176.9912,5.240,80620,148349,6128,,-0.95,-153.41,99
,,Her,247.639800,20.479188,192.6782,5.240,80843,148897,6152,,-89.48,-64.94,19
,,CrA,276.076005,-44.110256,149.4768,5.240,90200,168905,6875,,1.11,-22.55,
,,Pav,299.276235,-58.901351,85.3971,5.240,98174,188162,7587,,23.55,-14.87,-2
,,Equ,314.771295,4.294610,56.5611,5.240,103571,,,,-113.43,-150.28,
,,Cep,332.952720,56.839357,37.3552,5.240,109572,210855,8472,,236.75,129.67,-19
,106    Aqr,Aqr,356.050320,-18.276938,116.1440,5.240,117089,222847,8998,,27.6,-3.76,14
,107    Psc,Psc,25.624050,20.268504,7.5324,5.240,7981,10476,493,Gl 68,-302.12,-677.4,-33.7
,14Tau Cap,Cap,309.817995,-14.954760,348.4321,5.240,101923,196662,7889,,2.58,-19.66,-5
,16    Cam,Cam,80.865975,57.544395,103.0928,5.240,25197,34787,1751,,14.94,-55.97,12
,17Chi Sco,Sco,243.462105,-11.837747,116.0093,5.240,79540,145897,6048,,-5.96,-10.11,-25
,1Ome Vir,Vir,174.615030,8.134298,152.4390,5.240,56779,101153,4483,,-3.37,6.28,4
,20    Eri,Eri,54.072555,-17.467064,149.2537,5.240,16803,22470,1100,,33.35,-9.65,14
,23    Hya,Hya,139.173900,-6.353144,75.2445,5.240,45527,79910,3681,,24.94,4.27,-8
,24    Eri,Eri,56.127120,-1.163091,200.8032,5.240,17457,23363,1146,,3.62,-5.26,27
,28Tau7Eri,Eri,56.915205,-23.874677,76.9231,5.240,17717,23878,1181,,48.02,49.01,29
,41    Cap,Cap,325.502880,-23.262858,70.7214,5.240,107128,206356,8285,,91.12,-95.5,-44
,45    Ori,Ori,83.914515,-4.856067,110.2536,5.240,26268,37077,1901,,-1.44,8.05,-9
,56Psi5Aur,Aur,101.684745,43.577427,16.7168,5.240,32480,48682,2483,Gl 245,-0.28,165.49,-23.9
,68    Aqr,Aqr,341.888025,-19.613375,77.8816,5.240,112529,215721,8670,,-102.2,-205.95,23
,69Tau Oph,Oph,270.768030,-8.181708,52.0291,5.240,,164765,6734,Gl 700.1A,21.73,-33.58,-38.4
,7Del1CMi,CMi,113.024790,1.914481,233.1002,5.240,36641,59881,2880,,-2.12,-0.56,29
,Eta Pyx,Pyx,129.467310,-26.255000,71.0732,5.240,42334,73495,3420,,-23.44,-12.23,31
,Eta Ret,Ret,65.471940,-63.386391,117.9245,5.240,20384,28093,1395,,85.2,174.37,45
,Rho Phe,Phe,12.671520,-50.986816,74.2390,5.240,3949,4919,242,,62.99,44.67,22
,The Scl,Scl,2.933280,-35.133119,21.2766,5.240,950,739,35,GJ 3013,169.01,113.75,-13.5
,Zet2Ret,Ret,49.549635,-62.506363,12.0322,5.240,15371,20807,1010,Gl 138,1331.1,646.84,11.5
,,Col,98.089065,-37.696702,83.7521,5.250,31165,46568,2399,,73.3,-77.42,39
,,CMa,99.448365,-32.339735,123.3046,5.250,31688,47536,2447,,108.96,64.13,79
,,Pup,121.067460,-32.674829,641.0256,5.250,39487,66888,3170,,-5.31,7.48,36
,,Cam,157.770720,82.558587,21.5008,5.250,51502,90089,4084,Gl 392.1,-79.21,20.43,4.2
,,Her,275.704320,17.826616,111.2347,5.250,90067,169191,6885,,72.52,16.06,-19
,,Dra,281.444835,74.085553,96.8054,5.250,92056,174980,7117,,5.13,81.98,3
,,Mic,318.262650,-39.424922,32.9598,5.250,104738,201772,8104,,187.36,-114.38,-44
,,Cep,345.886920,67.209210,126.7427,5.250,113864,218029,8779,,23.13,10.24,-7
,11    CMi,CMi,116.567505,10.768252,92.4214,5.250,37921,62832,3008,,-30.87,-24.45,28
,12    Lac,Lac,340.369380,40.225449,411.5226,5.250,112031,214993,8640,,-0.75,-5.9,-15
,18Iot Lyr,Lyr,286.825545,36.100157,274.7253,5.250,93903,178475,7262,,-0.64,-4.28,-18
,22Eps Sex,Sex,154.407510,-8.068914,59.3120,5.250,50414,89254,4042,,-160.25,2.78,15
,54Phi Boo,Boo,234.456615,40.353433,52.0291,5.250,76534,139641,5823,,60.45,59.57,-10
,7    Tri,Tri,33.984525,33.358895,86.0585,5.250,10559,13869,655,,-14.86,-33.25,-1
,8    Lep,Lep,80.875650,-13.927352,505.0505,5.250,25202,35337,1783,,1.07,-0.92,18
,96    Her,Her,270.596040,20.833632,288.1844,5.250,88331,164852,6738,,-1.85,-6.91,-15
,Nu  Hor,Hor,42.255930,-62.806521,50.4541,5.250,13141,17848,852,,94.53,29.02,31
,Pi  Ara,Ara,264.523065,-54.500434,44.5633,5.250,86305,159492,6549,Gl 683,-49.68,-149.54,-3.3
,Pi  Scl,Scl,25.535835,-32.326970,65.8762,5.250,7955,10537,497,,-74.79,-46.35,10
,,Cam,65.168115,65.140441,97.9432,5.260,20266,27022,1327,,-28.52,-4.7,-19
,,Vel,138.575025,-55.569629,196.0784,5.260,45328,79846,3679,,-32.89,29.44,9
,,Vel,139.524495,-51.050859,134.2282,5.260,45631,80456,3703,,-21,14.83,57
,,Car,152.178345,-65.815438,113.2503,5.260,49698,88323,3995,,-62.86,38.98,0.3
,,Car,163.128540,-57.240405,100000.0000,5.260,53154,94367,4250,,-6.77,3.63,-24
,,Cen,173.981565,-47.641643,61.8047,5.260,56573,100825,4466,,33.95,-50.42,5
,,Hya,178.677240,-25.713887,87.7193,5.260,58082,103462,4558,,48.96,73.58,-11
,,Cen,208.020315,-52.811530,79.6813,5.260,67703,120642,5207,,-39.41,-27.33,27
,,Lup,232.351125,-46.732704,335.5705,5.260,75828,137709,5742,,-8.29,-5.56,-28
,,Dra,245.453040,69.109391,89.9281,5.260,80161,148293,6126,,-18.48,-10.59,-8
,,Lyr,284.939490,26.230404,99.2063,5.260,93256,176527,7181,,85.85,-11.33,-24
,10Rho3Eri,Eri,46.068810,-7.600857,41.5628,5.260,14293,19107,925,,65.43,17.41,15
,13    Boo,Boo,212.072175,49.458167,168.3502,5.260,69068,123782,5300,,-59.54,60.28,-13
,16    Ser,Ser,234.123240,10.010176,70.8717,5.260,76425,139195,5802,,46.67,-114.73,8
,18    Cep,Cep,330.970635,63.119920,130.0390,5.260,108924,209772,8416,,36.7,58.29,-4
,27Nu  Leo,Leo,149.555730,12.444800,153.1394,5.260,48883,86360,3937,,-25.28,-16.07,14
,42Pi  Ari,Ari,42.323160,17.464309,239.2344,5.260,13165,17543,836,,3.65,-14.61,9
,49    Aur,Aur,98.800260,28.022314,113.3787,5.260,31434,46553,2398,,-0.41,-12.46,17
,52    Ori,Ori,87.000975,6.454156,165.0165,5.260,27386,38710,1999,,4.05,-22.2,43
,58    Tau,Tau,65.151285,15.095453,46.9484,5.260,20261,27459,1356,,108.79,-20.67,36
,92    Leo,Leo,175.196130,21.352730,82.7815,5.260,56975,101484,4495,,-61.09,-46.02,9
,,Cet,37.875405,2.267182,140.8451,5.270,11738,15694,737,GJ 9083,22.75,-10.4,26.1
,,Pup,101.839170,-37.929698,99.4036,5.270,32537,49591,2518,,-9.92,-10.57,47
,,Car,128.814870,-58.224735,274.7253,5.270,42129,73390,3415,,-21.11,11.56,21
,,Vel,153.345240,-51.232971,51.8941,5.270,50070,88824,4017,,-39.7,-13.61,48
,,Car,157.219110,-64.172278,813.0081,5.270,51313,91056,4120,,-15.9,2.83,-3
,,UMa,176.731740,55.628190,66.0939,5.270,57477,102328,4521,,13.44,-31.92,2
,,Cru,190.709475,-63.058624,373.1343,5.270,62027,110432,4830,,-13.32,-3.47,35
,,Cyg,304.230360,40.365075,483.0918,5.270,99968,193092,7759,,2.01,-1.89,-20
,,Cep,333.292515,86.107955,78.6782,5.270,109693,212710,8546,,51.31,40.32,4
,,Aqr,355.615935,-15.448033,82.7815,5.270,116957,222643,8987,,16.19,-23.44,7
,11    Aql,Aql,284.773920,13.622245,48.4262,5.270,93203,176303,7172,,19.49,-124.92,16
,12    Lib,Lib,223.583880,-24.642202,127.8772,5.270,72929,131430,5548,,-11.02,-27.51,9
,20    Cep,Cep,331.252035,62.785671,92.9368,5.270,109005,209960,8426,,14.19,58.43,-21
,31    UMa,UMa,148.929180,49.819843,63.7755,5.270,48682,85795,3917,,-3.45,19.66,-6
,47    Cas,Cas,31.279725,77.281341,33.1565,5.270,9727,12230,581,,138.9,-47.56,-26
,49    And,And,22.525425,47.007274,90.1713,5.270,6999,9057,430,,0.64,-42.53,-11
,59    Her,Her,255.401505,33.568270,98.8142,5.270,83313,154029,6332,,2.46,0.25,-12
,61Tau1Ari,Ari,50.306760,21.147086,156.0062,5.270,15627,20756,1005,,21.68,-22.41,14
,67Kap2Tau,Tau,66.354210,22.199998,45.3926,5.270,20641,27946,1388,,112.45,-47.06,32
,68    Gem,Gem,113.402010,15.826662,129.8701,5.270,36760,60107,2886,,-29.28,-12.62,12
,68    Vir,Vir,201.679875,-12.707664,134.9528,5.270,65581,116870,5064,,-128.56,-21.22,-29
,7    Mon,Mon,94.928325,-7.822908,267.3797,5.270,30073,44112,2273,,-4.31,0.7,29
,Del2Aps,Aps,245.111925,-78.667496,187.9699,5.270,80057,145388,6021,,-1.67,-30.98,-10
,Eps2Ara,Ara,255.786285,-53.237028,27.2257,5.270,83431,153580,6314,GJ 3985,1.16,-165.1,7
,Lam Oct,Oct,327.726195,-82.718904,125.4705,5.270,107843,206240,8280,,68.15,-33.03,-11
,Mu  For,For,33.226950,-30.723825,98.2318,5.270,10320,13709,652,Gl 89,15.32,7.15,10
,Mu  Hyi,Hyi,37.917510,-79.109382,87.0322,5.270,11757,16522,776,,137.14,-54.42,-15
,,Pup,97.454535,-50.239085,51.4403,5.280,30953,46273,2384,,-67.56,-51.83,2
,,Hya,131.812440,-1.897033,123.1527,5.280,43142,74988,3486,,-37.64,11.12,2
,,Car,139.355010,-74.894313,107.5269,5.280,45581,80951,3720,,-16.33,31.85,11
,,Cen,176.433240,-45.690134,211.8644,5.280,57371,102232,4519,,-41.73,4.8,-10
,,Crv,180.213165,-19.658982,970.8738,5.280,58587,104337,4590,,-16.85,6.69,2
,,Dra,249.501930,56.015540,83.0565,5.280,81437,150449,6199,,6.08,62.1,-19
,,Ara,261.716580,-45.843030,194.9318,5.280,85389,157661,6477,,-6.43,-27.58,-9
,,Sgr,278.490690,-33.016560,404.8583,5.280,91014,171034,6960,,2.35,-11.19,4
,106    Tau,Tau,76.951665,20.418379,58.1058,5.280,23871,32977,1658,,-49.12,-31.33,-2
,107    Aqr,Aqr,356.503830,-18.678340,73.2064,5.280,117218,223024,9002,,131.86,11.97,-2
,11    CMa,CMa,101.712885,-14.425971,243.9024,5.280,32492,49229,2504,,-3.14,10.24,15
,133    Tau,Tau,86.928780,13.899599,194.1748,5.280,27364,38622,1993,,3.52,-13.27,29
,17    UMa,UMa,138.957480,56.741406,220.7506,5.280,45455,79354,3660,,-24.81,-29.15,-30
,19    Lep,Lep,91.923495,-19.165866,257.0694,5.280,29048,42042,2168,,12.79,56.67,29
,25Ome1Aql,Aql,289.454160,11.595422,127.2265,5.280,94834,180868,7315,,0.25,12.62,-14
,3    CVn,CVn,184.952985,48.984148,180.8318,5.280,60122,107274,4690,,-14.43,6.82,8
,35    Eri,Eri,60.383535,-1.549660,126.9036,5.280,18788,25340,1244,,27.96,-13.79,17
,36    Gem,Gem,102.887685,21.761148,150.6024,5.280,32921,49908,2529,,-6.11,-34.48,34
,40    Cas,Cas,24.628890,73.040040,140.4494,5.280,7650,9774,456,,-11.81,-13.23,-5
,42    Lyn,Lyn,144.590745,40.239793,37.5799,5.280,47300,83287,3829,,-14.37,10.87,-3
,43    Per,Per,59.152050,50.695381,37.4392,5.280,18453,24546,1210,,94.13,-127.9,27
,47Chi Aql,Aql,295.641705,11.826583,261.7801,5.280,96957,186203,7497,,3.43,-10.49,-22
,48Chi Boo,Boo,228.621525,29.164295,77.3994,5.280,74596,135502,5676,,-69.99,28.32,-16
,61Phi Aql,Aql,299.059380,11.423721,67.2948,5.280,98103,188728,7610,,32.4,4.57,-27
,7Sig Cap,Cap,304.848345,-19.118533,343.6426,5.280,100195,193150,7761,,7.96,-10.9,-11
,Eta Vol,Vol,125.518770,-73.399985,116.8224,5.280,41003,71576,3334,,-31.12,30.19,20
,Iot TrA,TrA,246.988770,-64.057942,38.8048,5.280,80645,147787,6109,,52.71,26.08,-5
,Kap Dor,Dor,71.088075,-59.732733,67.0241,5.280,22040,30478,1530,,29.32,44.19,
,Nu  Ind,Ind,336.146460,-72.255412,28.7026,5.280,110618,211998,8515,Gl 855.1A,1302.45,-674.12,25.2
,Nu 2Col,Col,84.435915,-28.689690,40.7997,5.280,26460,37495,1935,Gl 209.1,-37.99,42.58,39.4
,,Cet,3.041595,-17.938278,190.8397,5.290,983,787,37,,60.48,-24.69,-8
,,Cas,29.908380,64.621602,75.3012,5.290,9312,11946,567,,35.76,-15.22,5
,,Per,66.526260,31.438911,77.6398,5.290,20704,27971,1390,,76.7,-121.54,28
,,Col,85.563315,-34.667812,131.4060,5.290,26868,38170,1973,,5.06,51.3,35
,,Pic,88.708740,-52.635481,34.6981,5.290,27947,40292,2094,,-17.21,243.54,27
,,CMa,103.945530,-22.941439,100000.0000,5.290,33316,51283,2595,,-3.24,4.18,38
,,CMa,109.713645,-26.585854,384.6154,5.290,35427,57146,2786,,-7.77,6.7,32
,,Cyg,321.715020,48.835168,126.1034,5.290,105898,204411,8216,,57.95,26.02,-13
,10    Tri,Tri,34.737465,28.642674,115.4734,5.290,10793,14252,675,,6.72,-0.04,3
,12    Peg,Peg,326.518185,22.948880,427.3504,5.290,107472,207089,8321,,9.07,-2.35,-12
,12    Tri,Tri,37.041585,29.669330,49.8256,5.290,11486,15257,717,,-14.81,-85.5,-25
,15    Boo,Boo,213.711870,10.100610,81.2348,5.290,69612,124679,5330,,-22.5,-164.31,17
,15    Sgr,Sgr,273.803775,-20.728270,100000.0000,5.290,89439,167264,6822,,2.9,-1.26,-6
,17    Com,Com,187.227945,25.912852,72.8863,5.290,60904,108662,4752,,-20.21,-15,-3
,22    Leo,Leo,147.970980,24.395369,41.4594,5.290,48390,85376,3900,,20.98,-174.56,-2
,32    Aqr,Aqr,331.197585,-0.906343,68.1199,5.290,108991,209625,8410,,-20.05,-42.57,20
,4    Cam,Cam,72.001035,56.757183,52.7704,5.290,22287,30121,1511,,53.02,-146.4,19
,46    Tau,Tau,63.387930,7.716045,36.3372,5.290,19719,26690,1309,,-3.99,4.45,4
,69    Cet,Cet,35.485950,0.395675,330.0330,5.290,11021,14652,689,,-13.41,-6.81,23
,7Nu  Lep,Lep,79.995930,-12.315585,102.2495,5.290,24873,34863,1757,,-12.12,7.97,16
,Chi Oct,Oct,283.698450,-87.605843,78.7402,5.290,92824,164461,6721,,-36.69,-135.22,34
,Eps Scl,Scl,26.411445,-25.052610,28.1136,5.290,8209,10830,514,,159.48,-72.38,15
,Gam3Oct,Oct,2.509395,-82.224047,78.0640,5.290,814,636,30,,-21.66,-20.39,15
,Xi  Gru,Gru,323.024475,-41.179310,142.8571,5.290,106327,204783,8229,,19.29,10.69,-8
,,CMa,101.497485,-14.796127,130.0390,5.300,32411,49048,2498,,-11.02,-17.63,-19
,,Pup,108.065880,-40.498808,126.1034,5.300,34802,55719,2727,,-18.85,-12.36,17
,,Car,145.177410,-57.983553,72.5689,5.300,47479,84121,3863,,-43.84,7.64,7
,,Hya,152.524530,-12.815923,27.7393,5.300,49809,88215,3991,,-122.3,-109.18,23
,,Aql,305.794560,5.342987,75.5858,5.300,100541,194013,7794,,-26.89,-37.12,-12
,105    Her,Her,274.794495,24.446059,298.5075,5.300,89773,168532,6860,,8.4,5.41,-14
,10Mu 2Cnc,Cnc,121.941060,21.581816,23.2883,5.300,39780,67228,3176,,23.08,-67.23,-36
,14    CMi,CMi,119.586060,2.224767,74.0741,5.300,38962,65345,3110,,-162.54,99.28,46
,14    Hya,Hya,132.340530,-3.443023,138.1215,5.300,43305,75333,3500,,-19.57,-21.7,33
,1Eps Equ,Equ,314.768655,4.293481,54.0833,5.300,103569,199766,8034,,-113.43,-150.28,18
,24    Vul,Vul,304.196190,24.671102,134.2282,5.300,99951,192944,7753,,14.41,-16.71,15
,25Chi Cap,Cap,317.140095,-21.193669,55.1268,5.300,104365,201184,8087,GJ 9720,18.67,-59.22,-12
,32    And,And,10.279950,39.458664,108.8139,5.300,3231,3817,175,,-14.37,-3.02,-5
,33    Ari,Ari,40.171125,27.060943,70.9723,5.300,12489,16628,782,,64.49,-27.29,17
,33    Vul,Vul,314.568135,22.325908,138.6963,5.300,103511,199697,8032,,-2.6,-4.08,-28
,36    Lyn,Lyn,138.450885,43.217825,178.2531,5.300,45290,79158,3652,,-28.41,-36.23,21
,36    Per,Per,53.109465,46.056862,36.3240,5.300,16499,21770,1069,,-52.77,-74.74,-49
,4    And,And,346.913625,46.387231,106.9519,5.300,114200,218452,8804,,-11.87,-29.97,-6
,43    Oph,Oph,260.839965,-28.142831,251.2563,5.300,85084,157236,6459,,0.37,-29.26,-14
,54    Sgr,Sgr,295.180755,-16.293268,73.7463,5.300,96808,185644,7476,,69.65,-50.2,-58
,57    UMa,UMa,172.267215,39.336974,65.2316,5.300,56034,99787,4422,,-53.83,13.22,-11
,59    Per,Per,70.726335,43.365138,73.9645,5.300,21928,29722,1494,,34.7,-52.07,9
,7    Peg,Peg,325.564380,5.680137,223.7136,5.300,107151,206487,8289,,11.21,-5.78,-4
,70    Cyg,Cyg,321.839025,37.116798,400.0000,5.300,105942,204403,8215,,2.49,2.66,-20
,76    Gem,Gem,116.028810,25.784159,194.5525,5.300,37704,62285,2983,,-13.4,-21.21,3
,82    Peg,Peg,358.154610,10.947320,56.0224,5.300,117730,223781,9039,,-22.23,-3.51,-3
,Bet Men,Men,75.679185,-71.314300,243.3090,5.300,23467,33285,1677,,-3.54,10.68,-11
,Eta Hor,Hor,39.351375,-52.543086,45.5581,5.300,12225,16555,778,,111.29,1.05,-3
,Lam Pic,Pic,70.693485,-50.481334,114.8106,5.300,21914,30185,1516,,-35.9,34.63,5
,Mu  Scl,Scl,355.158990,-32.073125,89.4454,5.300,116820,222433,8975,,-91.41,-53.47,14
,The2Sgr,Sgr,299.963925,-34.697799,48.4966,5.300,98421,189118,7624,,108.71,-69.13,-18
,,And,33.400920,51.065818,64.9773,5.310,10366,13530,645,,347.43,-170.79,27
,,Pic,86.614050,-46.597180,143.8849,5.310,27243,38871,2008,,7.8,16.33,11
,,Lyn,116.017425,50.433794,226.7574,5.310,37701,61931,2969,,-9.29,-27.78,1.4
,,Vel,133.460820,-47.520778,77.2798,5.310,43671,76360,3551,,-5.97,-23.85,-1
,,Vel,139.237845,-39.401539,105.8201,5.310,45544,80170,3694,,-29.76,-34.59,-0.1
,,Cen,183.511275,-45.723919,175.1313,5.310,59654,106321,4652,,-35.19,4.41,7
,,Sco,247.924035,-41.817145,833.3333,5.310,80945,148688,6142,,-3.45,-1.06,-14
,,Oph,262.599150,-1.062922,16.3425,5.310,85667,158614,6516,Gl 678A,-126.64,-172,-77.3
,,Pav,287.469630,-68.424448,37.3832,5.310,94150,177389,7221,,154.94,-42.59,-10
,,Tuc,336.234570,-57.797415,20.5634,5.310,110649,212330,8531,Gl 857,180.71,-331.27,7.8
,29    Cap,Cap,318.936840,-15.171500,187.6173,5.310,104974,202369,8128,,24.79,5.06,-38
,4    Vir,Vir,176.978760,8.245895,59.1716,5.310,57562,102510,4528,,-53.24,12.14,-1
,55    Vir,Vir,198.545415,-19.930947,38.9712,5.310,64577,114946,4995,,-120.23,159.67,-45
,61    UMa,UMa,175.262565,34.201635,9.6117,5.310,56997,101501,4496,Gl 434,-13.95,-380.46,-5.9
,62    And,And,34.820055,47.379973,75.3580,5.310,10819,14212,670,,-60.05,-6.06,-30
,73    Leo,Leo,168.966255,13.307578,118.4834,5.310,55016,97907,4365,,5.07,-6.16,18
,,Per,50.804955,49.213269,166.1130,5.320,15770,20809,1011,,20.7,-24.96,4
,,Tau,69.306975,0.998314,261.0966,5.320,21515,29335,1469,,-4.91,-5.34,24
,,Pup,117.256980,-24.912208,86.2813,5.320,38146,63660,3043,,-34.68,14.71,2
,,Pup,126.265590,-24.046212,143.4720,5.320,41260,71176,3315,,-28.98,20.49,26
,,Cen,185.897610,-35.412677,136.2398,5.320,60449,107832,4712,,-41.24,-7.49,-10
,,Cen,201.308520,-64.485144,39.2003,5.320,65479,116457,5048,,-154.3,-21.43,-2
,,Cen,223.936275,-33.855785,77.8210,5.320,73049,131625,5558,,19.18,-2.03,
,,Nor,245.616660,-49.572354,141.8440,5.320,80208,147152,6083,,-12.32,-26.01,-10
,,Sgr,297.960840,-39.874367,92.4214,5.320,97749,187474,7552,,19.12,-12.05,-2
,,Sgr,302.799480,-36.101212,6.0150,5.320,99461,191408,7703,Gl 783A,456.89,-1574.91,-129.8
,3    Dra,Dra,175.618335,66.744906,184.5018,5.320,57111,101673,4504,,-44.98,40.17,3
,3    Ser,Ser,228.797310,4.939362,114.4165,5.320,74649,135482,5675,,-23.06,3.91,-34
,31    Cas,Cas,17.663685,68.778621,84.8896,5.320,5518,6829,336,,35.26,-27.48,1
,37    Oph,Oph,258.115875,10.585168,334.4482,5.320,84177,155644,6393,,6.06,-25.22,26
,38    Ori,Ori,83.569890,3.766895,84.6024,5.320,26126,36777,1872,,-29.35,-15.82,-4
,40    Tau,Tau,60.935850,5.435624,196.4637,5.320,18957,25558,1253,,1.23,-5.4,11
,53    Leo,Leo,162.314295,10.545202,116.6861,5.320,52911,93702,4227,,-4.37,-24.39,-7
,7Mu  Lib,Lib,222.329385,-14.149022,72.9395,5.320,72489,130559,5523,,-65.89,-14.79,-4
,9Rho2Eri,Eri,45.676140,-7.685472,81.1688,5.320,14168,18953,917,,26.33,-3.55,25
,Mu 2Pav,Pav,300.468450,-66.943966,72.4638,5.320,98624,188887,7612,,38.48,-71.53,42
,Xi  Oct,Oct,342.594825,-80.123845,151.0574,5.320,112781,215573,8663,,20.14,-12.76,16
,Zet Mic,Mic,315.741495,-38.631447,35.3732,5.320,103882,200163,8048,,-27.86,-108.81,5
,,Hor,64.819515,-44.267919,77.2798,5.330,20161,27588,1364,,63.14,-36.63,24
,,Ori,73.699095,7.779097,147.7105,5.330,22834,31296,1571,,-21.74,-27.14,-5
,,Pup,121.825170,-20.554342,473.9336,5.330,39734,67456,3183,,-10.36,1.65,12
,,Vel,127.269810,-47.928923,653.5948,5.330,41616,72108,3358,,-7.77,6.72,29
,,Car,161.569035,-64.514559,145.9854,5.330,52678,93540,4219,,-15.83,10.88,32
,,Vir,199.315110,13.675751,99.5025,5.330,64823,115478,5013,,8.09,42.94,-25
,,Sgr,275.721150,-36.669556,170.6485,5.330,90074,168733,6870,,-1.69,-25.97,-12
,,Aql,284.561445,17.360912,473.9336,5.330,93124,176155,7165,,0.08,-9.98,-22
,13    Sge,Sge,300.013785,17.516511,312.5000,5.330,98438,189577,7645,,1.73,-12.22,-17
,14    Ori,Ori,76.970385,8.498429,64.6412,5.330,23879,33054,1664,,34.96,-59.49,6
,31The Cnc,Cnc,127.898880,18.094420,127.2265,5.330,41822,72094,3357,,-60.05,-56.5,45
,33Eta Cnc,Cnc,128.177085,20.441162,91.4913,5.330,41909,72292,3366,,-44.65,-44.71,24
,41    Aqr,Aqr,333.575130,-21.074566,71.5820,5.330,109786,210960,8480,,22.98,55.36,-24
,5    Ori,Ori,73.344885,2.508225,181.1594,5.330,22730,31139,1562,,29.67,-16.4,13
,71    Peg,Peg,353.367060,22.498775,159.4896,5.330,116264,221615,8940,,9.54,-17.48,3
,74Psi1Psc,Psc,16.420635,21.473181,84.3170,5.330,5131,6456,310,,44.3,-14.32,-3
,Kap1Vol,Vol,124.954110,-71.514906,133.3333,5.330,40817,71046,3301,,-17.29,37.04,36
,Nu  Tel,Tel,297.004815,-56.362611,49.5540,5.330,97421,186543,7510,,92.4,-137.4,-12
,,Ori,83.172300,-1.591831,478.4689,5.340,25980,36591,1861,,-2.03,0.74,34
,,Dor,83.248095,-64.227517,71.0227,5.340,26001,37297,1917,,33.1,-1.27,10
,,Gem,113.786670,30.960924,114.1553,5.340,36896,60318,2896,,-25.16,5.83,-6
,,UMa,123.203280,68.474072,230.4147,5.340,40215,67447,3182,,-1.05,7.32,-9
,,Vol,132.644730,-66.792981,51.9211,5.340,43414,76143,3537,,92.61,100.38,42
,,Ant,155.872170,-38.009839,41.4594,5.340,50888,90132,4086,,-158.83,-53.55,17
,,Mus,181.162185,-68.328912,106.4963,5.340,58884,104878,4604,,-39.05,-6.4,25
,,Cen,182.061330,-48.692487,183.8235,5.340,59184,105416,4620,,-19.54,-7.01,3
,,Cru,193.988070,-56.835806,100000.0000,5.340,63117,112244,4908,,-5.12,-0.78,18
,,Lib,216.202620,-24.806310,140.6470,5.340,70469,126218,5390,,-53.4,-18.14,-22
,,Cyg,293.671905,42.412509,176.6784,5.340,96288,184875,7444,,2.56,-31.28,2
,,Mic,313.417410,-39.809865,122.6994,5.340,103127,198716,7987,,44.22,-97.24,20
,,Peg,333.199260,34.604592,79.1139,5.340,109654,210889,8475,,19.32,-49.66,-7
,,Lac,344.268750,48.684068,251.8892,5.340,113327,217050,8731,,9.59,-5.43,-22
,13    Lyn,Lyn,101.706255,57.169176,64.6831,5.340,32489,48432,2477,,13.9,-38.79,19
,13    Peg,Peg,327.536235,17.285851,33.4225,5.340,107788,207652,8344,,91.28,-43.45,-4
,14    Lyn,Lyn,103.271070,59.448543,149.2537,5.340,33048,49618,2520,,-10.84,-45.93,13
,20    Per,Per,43.427520,38.337488,70.6714,5.340,13490,17904,855,,47.62,-78.48,6
,20Chi Ser,Ser,235.447560,12.847528,67.3854,5.340,76866,140160,5843,,39.68,-4.55,2
,21    Ori,Ori,79.796745,2.595806,61.9579,5.340,24817,34658,1746,,-18.14,-53.3,11
,29    Tau,Tau,56.418510,6.049991,163.6661,5.340,17563,23466,1153,,20.61,-15.61,17
,42    Aqr,Aqr,334.200180,-12.831436,179.8561,5.340,110000,211361,8496,,1.84,4.66,13
,45    Aur,Aur,95.442165,53.452179,59.2066,5.340,30247,43905,2264,,22.24,-88.91,-1
,52Psi3Aur,Aur,99.704925,39.902559,420.1681,5.340,31789,47100,2420,,-8.37,-11.99,9
,53    Her,Her,253.241940,31.701674,29.1886,5.340,82587,152598,6279,,-91.15,-17.1,-22
,56    Tau,Tau,64.902930,21.773491,100.0000,5.340,20186,27309,1341,,29.77,-41.39,12
,72    Ori,Ori,93.854700,16.143175,160.2564,5.340,29704,43153,2223,,1.61,-12.66,22
,Iot Cha,Cha,141.040200,-80.786876,58.1395,5.340,46107,82554,3795,,-138.55,135.39,7
,Pi  For,For,30.311385,-30.001830,90.2527,5.340,9440,12438,594,,-108.68,-108.79,24
,,Cas,12.681630,64.247549,196.0784,5.350,3951,4775,233,,29.39,-12.85,3
,,Ori,71.507250,11.705591,72.1501,5.350,22157,30210,1519,,67.48,-7.09,41
,,CMa,111.182730,-31.808905,202.4291,5.350,35957,58535,2834,,-21.37,8.73,20
,,Vel,143.080320,-40.649335,129.8701,5.350,46811,82694,3807,,9.68,-5.69,-1
,,Sco,242.031585,-26.326679,146.8429,5.350,79050,144690,6001,,99.72,-5.78,-18
,,Nor,247.426365,-46.243229,558.6592,5.350,80782,148379,6131,,-3.42,-3.81,-12
,,CrA,284.070660,-42.710676,90.5797,5.350,92953,175219,7122,,-27.03,-30.48,-21
,18    And,And,354.784740,50.471733,129.1990,5.350,116709,222304,8967,,-16.69,-1.87,9
,2    Her,Her,238.657740,43.138567,200.4008,5.350,77907,142780,5932,,-33.32,66.12,-10
,20    Aql,Aql,288.169635,-7.939518,300.3003,5.350,94385,179406,7279,,12.69,-7.06,-15
,22    Lyn,Lyn,112.483005,49.672463,20.2388,5.350,36439,58855,2849,GJ 9234,110.4,-82.01,-26.7
,22Phi3Cet,Cet,14.006205,-11.266526,168.9189,5.350,4371,5437,267,,-26.79,-8.01,-26
,34    Lyn,Lyn,130.254435,45.834010,55.2792,5.350,42604,73593,3422,,27.19,92.49,-37
,37    Cam,Cam,92.495850,58.935694,116.8224,5.350,29246,41597,2152,,17.61,18.77,31
,40    Aur,Aur,91.646235,38.482644,104.4932,5.350,28946,41357,2143,,10.76,-52.7,18
,46Rho Aqr,Aqr,335.049645,-7.821102,270.2703,5.350,110273,211838,8512,,15.21,1.61,-9
,54    Her,Her,253.842375,18.433213,120.0480,5.350,82802,152879,6293,,-114.79,11.85,12
,6    Ser,Ser,230.258310,0.715337,73.3676,5.350,75119,136514,5710,,-42.48,-104.14,9
,64    Peg,Peg,350.478885,31.812465,254.4529,5.350,115355,220222,8887,,10.27,-6.81,2
,82    Her,Her,264.156855,48.585634,108.3424,5.350,86182,160290,6574,,31.75,64.13,29
,84    Vir,Vir,205.765470,3.537903,73.0994,5.350,66936,119425,5159,,-294.22,-72.88,-41
,93Rho Psc,Psc,21.563595,19.172346,25.2143,5.350,6706,8723,413,,-26.8,10.16,-9
,,Tau,61.041150,2.826947,35.3982,5.360,18993,25621,1257,,149.52,-125.67,-18
,,Ori,83.381025,-1.156073,450.4505,5.360,26063,36695,1868,,-0.55,-0.49,22
,,Mon,94.710765,-9.390018,144.0922,5.360,29996,43993,2267,,4.34,-22.68,7
,,CMi,108.583590,3.111414,227.2727,5.360,34987,55751,2729,,-5.21,-3.01,37
,,CMa,108.837810,-30.686447,192.6782,5.360,35083,56342,2756,,-13.01,11.43,33
,,Pup,116.396040,-34.172363,15.2091,5.360,37853,63077,3018,Gl 288A,-220.83,1722.89,102.6
,,Pup,119.240850,-43.500411,480.7692,5.360,38846,65460,3114,,-10.6,5.31,20
,,Hya,122.887515,-7.772539,89.1266,5.360,40107,68312,3212,,-42.98,-25.84,-11
,,Car,160.669035,-59.215759,100000.0000,5.360,52405,92964,4198,,-6.48,2.32,-2
,,Cir,221.322030,-62.875648,48.4496,5.360,72131,129422,5482,,70.24,-80.34,-1
,,Her,260.040975,25.537603,136.9863,5.360,84821,157087,6455,,13.13,-16.91,-5
,,Tel,274.281390,-56.023351,233.1002,5.360,89605,167128,6819,,-5.36,-12.99,15
,,CrA,284.168730,-37.343241,131.9261,5.360,92989,175362,7129,,8.79,-23.68,1
,,Dra,311.889750,80.552262,122.2494,5.360,102599,199437,8016,,-28.02,-36.91,-26
,,Gru,334.564335,-53.627073,13.7855,5.360,110109,211415,8501,Gl 853A,439.86,-632.6,-13.5
,103    Aqr,Aqr,355.393710,-18.027077,232.0186,5.360,116889,222547,8980,,-40.82,-72.28,25
,16Psi Leo,Leo,145.932930,14.021692,187.2659,5.360,47723,84194,3866,,5.18,-6.13,8
,2    Cam,Cam,69.991890,53.473021,44.4642,5.360,21730,29316,1466,,35.88,-88.79,20
,36    Cam,Cam,93.212730,65.718422,219.2982,5.360,29490,41927,2165,,7.23,-31.75,7
,41    Lib,Lib,234.727320,-19.301892,95.4198,5.360,76628,139446,5814,,84.2,-75.23,47
,42    LMi,LMi,161.466240,30.682313,117.2333,5.360,52638,93152,4203,,-26.61,-36.43,12
,55    Ori,Ori,87.841605,-7.518003,321.5434,5.360,27658,39291,2031,,0.75,-0.18,20
,55    Psc,Psc,9.981540,21.438495,127.0648,5.360,3138,3690,167,,28.46,-28.51,-17
,57    Psc,Psc,11.637330,15.475504,238.0952,5.360,3632,4408,211,,-29.45,-44.22,-27
,63    Vir,Vir,200.754645,-17.735274,93.8086,5.360,65301,116292,5044,,-50.08,-28.67,-27
,7    Vir,Vir,179.987130,3.655197,93.6330,5.360,58510,104181,4585,,-19.36,-8.36,-3
,75    Cet,Cet,38.039250,-1.034896,81.4332,5.360,11791,15779,739,,-26.47,-32.34,-5
,82Pi 2Cnc,Cnc,138.807720,14.941507,186.2197,5.360,45410,79554,3669,,-39.61,-12.33,26
,Iot Tuc,Tuc,16.827570,-61.775289,93.2836,5.360,5268,6793,332,,73.79,-11.24,-8
,Lam Hor,Hor,36.224805,-60.311947,49.3827,5.360,11258,15233,714,,-71.08,-131.04,6
,Ups Lup,Lup,231.187560,-39.710268,124.6883,5.360,75439,136933,5719,,-25.25,-56.38,-8
,,Cet,26.496915,-5.733299,168.9189,5.370,8230,10824,513,,-9.09,-29.69,11
,,Mon,91.661400,-4.193836,324.6753,5.370,28949,41692,2154,,-6.79,-4.65,20
,,CMa,110.870790,-27.834294,189.0359,5.370,35848,58215,2822,,26.39,-4.14,48
,,Cam,120.048960,73.917919,269.5418,5.370,39117,64307,3075,,-8.43,-37.4,35
,,Cen,168.137865,-49.100996,50.4032,5.370,54746,97495,4350,,-99.28,33.7,-10
,,Aps,224.471325,-76.662655,114.8106,5.370,73223,131109,5540,,-68.58,-16.14,-31
,,Dra,244.313925,59.755023,226.7574,5.370,79804,147232,6086,,6.81,25.56,-36
,,Sco,246.005325,-39.192980,12.7779,5.370,80337,147513,6094,Gl 620.1A,72.64,3.41,17
,,Sgr,277.770180,-32.989114,88.8889,5.370,90763,170479,6936,,-1.48,-46.53,9
,,PsA,332.482095,-34.014967,63.3714,5.370,109404,210271,8444,,-13.79,28.29,2
,,Cep,333.008400,60.759095,112.1076,5.370,109592,210939,8479,,1.15,9.53,-3
,1    CMi,CMi,111.242415,11.669524,96.9932,5.370,35987,58187,2820,,-16.29,-14.91,-1
,121    Tau,Tau,83.863035,24.039589,169.4915,5.370,26248,36819,1875,,14.98,-20.22,23
,20    LMi,LMi,150.252960,31.923672,15.0466,5.370,49081,86728,3951,Gl 376,-529.22,-428.93,55.8
,28    Sgr,Sgr,281.585865,-22.392176,209.6436,5.370,92111,173460,7046,,32.04,3.45,-3
,30    Peg,Peg,335.114910,5.789498,390.6250,5.370,110298,211924,8513,,20.33,2.1,-8
,40    Cam,Cam,93.918855,59.998975,150.8296,5.370,29730,42633,2201,,28.54,-24.14,12
,50    Dra,Dra,281.592735,75.433964,85.8369,5.370,92112,175286,7124,,-12.19,68.62,-8
,7    Sgr,Sgr,270.712905,-24.282468,331.1258,5.370,88380,164584,6724,,0.69,-17.7,-12
,74    UMa,UMa,187.489005,58.405742,83.7521,5.370,60978,108844,4760,,-66.78,88.75,7
,9    Dra,Dra,194.979975,66.597272,191.5709,5.370,63432,113092,4928,,-139.75,-14.64,-30
,Eta1Pic,Pic,75.702915,-49.151407,26.0756,5.370,23482,32743,1649,Gl 187,-43.96,27.18,21.4
,Kap Gru,Gru,346.165020,-53.964905,111.6071,5.370,113957,217902,8774,,56.97,-106.16,18
,Pi 2Dor,Dor,96.369345,-69.690299,82.7815,5.370,30565,46116,2377,,-13.25,200.75,9
,,Eri,60.653100,-0.268923,18.8324,5.380,18859,25457,1249,Gl 159,151.2,-252.03,17.7
,,Eri,65.162550,-20.639622,145.7726,5.380,20264,27616,1367,,26.13,-9.4,32
,,Tau,69.775650,7.870976,49.1642,5.380,21670,29499,1480,,91.87,-4.56,36
,,Aur,79.750110,33.748394,126.7427,5.380,24799,34452,1732,,13.62,-29.63,29
,,Car,110.161710,-52.085924,147.2754,5.380,35589,57917,2815,,-8.17,0.46,18
,,Car,139.322235,-68.689642,32.6371,5.380,45571,80671,3712,Gl 340.1A,-109.18,-28.45,32.3
,,Hya,141.944925,-6.071187,30.4136,5.380,46404,81809,3750,Gl 344A,-232.83,-65.21,55.9
,,Cru,185.706045,-57.676132,110.8647,5.380,60379,107696,4706,,-37.73,-12.71,-5
,,Cru,186.870285,-58.991756,135.8696,5.380,60781,108396,4739,,-14.95,5.34,72
,,Cam,192.307440,83.412901,178.8909,5.380,62572,112028,4893,,-28.15,17.55,2
,,Cen,205.504605,-58.787078,239.8082,5.380,66849,118978,5140,,-30.71,-11.7,-8
,,Lup,217.587345,-49.519018,62.3441,5.380,70931,126983,5413,,-50.66,-37.65,6.3
,,Lup,224.071845,-52.809548,61.5006,5.380,73095,131562,5556,,27.59,7.9,7
,,Sco,238.474650,-24.533157,128.8660,5.380,77858,142165,5906,,-13.51,-25.42,2
,,Dra,278.486235,52.353517,195.6947,5.380,91013,171779,6983,,-3.26,3.03,-24
,,Oph,279.115965,9.122491,38.5208,5.380,91217,171802,6985,,-6.29,-133.88,-22
,,Sct,281.870625,-5.705147,100000.0000,5.380,92202,173819,7066,,-44.09,-31.36,44
,,Tel,289.090590,-45.466033,167.2241,5.380,94712,179886,7289,,-2.03,12.08,6
,,Lac,332.791035,50.823393,56.1482,5.380,109521,210715,8463,,126.81,42.56,-8
,12    Cas,Cas,6.197895,61.831057,215.0538,5.380,1960,2011,93,,13.67,-2.45,-4
,15    Tri,Tri,38.945040,34.687558,193.7984,5.380,12086,16058,750,,19.55,-51.2,-10
,27    Cyg,Cyg,301.590825,35.972468,23.9464,5.380,99031,191026,7689,,-224.43,-440.57,-33
,33    Cap,Cap,321.039975,-20.851869,73.3676,5.380,105665,203638,8183,,-7.69,-126.94,22
,41    Psc,Psc,5.149425,8.190271,125.0000,5.380,1645,1635,80,,-4.5,9.59,16
,50    Boo,Boo,230.452425,32.933695,80.3213,5.380,75178,136849,5718,,-48.83,13.91,-7
,51    Aql,Aql,297.694935,-10.763512,27.8707,5.380,97650,187532,7553,,-32.35,31.84,6
,52    Psc,Psc,8.147835,20.294316,80.0000,5.380,2568,2910,131,,136.81,-48.1,-13
,59Chi Tau,Tau,65.645595,25.629314,89.2857,5.380,20430,27638,1369,,20.37,-17.88,17
,60    Cyg,Cyg,315.295530,46.155773,467.2897,5.380,103732,200310,8053,,6.14,3.43,-12
,60    Ser,Ser,277.420755,-1.985308,70.4225,5.380,90642,170474,6935,,29.75,-33.81,28
,72    Her,Her,260.164800,32.467743,14.3266,5.380,84862,157214,6458,Gl 672,135.4,-1040.55,-79.1
,75    Dra,Dra,307.060305,81.422708,139.6648,5.380,100965,196787,7901,,33.72,16.19,-6
,85    Gem,Gem,118.916235,19.883970,114.8106,5.380,38722,64648,3086,,-14.67,-39.79,11
,Rho Tuc,Tuc,10.618035,-65.468030,41.0341,5.380,3330,4089,187,,54.11,41.12,14
,,Phe,15.704955,-46.397311,73.0994,5.390,4890,6245,299,,-2.21,10.96,-1
,,Per,58.992360,47.871420,223.7136,5.390,18396,24504,1207,,17.57,-20.62,5
,,Ori,71.107620,11.146137,45.8295,5.390,22044,30034,1507,,98.87,-13.47,40
,,Car,101.719500,-51.265667,252.5253,5.390,32494,49689,2523,,-22.01,-89.56,-5
,,CMa,102.240570,-15.144726,162.0746,5.390,32677,49662,2522,,-0.56,-6.04,23
,,Cam,121.196520,79.479612,99.0099,5.390,39538,64486,3082,,-36.46,-53.75,3
,,Cen,173.405055,-40.586637,118.2033,5.390,56391,100493,4453,,-83.64,27.08,9
,,Lup,219.333990,-46.133439,418.4100,5.390,71500,128266,5450,,-14.24,-10.7,-16
,,Ser,242.460495,-3.466729,146.8429,5.390,79195,145206,6016,,-24.27,0.64,-46
,,Her,253.729860,20.958488,82.7815,5.390,82764,152815,6287,,56.33,1.5,-3
,,Ser,275.036625,-15.831697,159.7444,5.390,89851,168415,6858,,40.03,-38.66,31
,,Dra,285.056985,50.533466,205.7613,5.390,93299,177003,7210,,7.05,3.15,-19
,,Pav,297.355410,-72.503378,43.6300,5.390,97534,186219,7498,,6.91,14.67,-1
,15Rho CrB,CrB,240.261180,33.303509,17.2354,5.390,78459,143761,5968,Gl 606.2,-196.89,-773.01,18.4
,25    Ser,Ser,236.523495,-1.804193,137.9310,5.390,77227,140873,5863,,-21.84,-31.77,-12
,33    Boo,Boo,219.709335,44.404500,57.0125,5.390,71618,129002,5468,,-68.43,-18.43,-13
,35    Vul,Vul,321.916890,27.608593,58.3431,5.390,105966,204414,8217,,41.75,20.44,-8
,3Eta Del,Del,308.487675,13.027255,72.4113,5.390,101483,195943,7858,,76.49,21.89,-25
,44    Tau,Tau,62.707755,26.480952,62.9327,5.390,19513,26322,1287,,-30.81,-36.1,19
,58    Peg,Peg,347.506080,9.822082,248.1390,5.390,114389,218700,8821,,-17.77,-7.75,9
,63    Eri,Eri,74.960220,-10.263325,53.9665,5.390,23221,32008,1608,,19.49,-136.75,-12
,75    Ori,Ori,94.277580,9.942390,69.1085,5.390,29850,43525,2247,,5.1,-59.86,12
,79    Leo,Leo,171.009690,1.407765,108.4599,5.390,55650,99055,4400,,-16.47,0.7,-10
,8    LMi,LMi,142.885065,35.103273,147.0588,5.390,46735,82198,3769,,-55.17,-97.25,38
,9    Cyg,Cyg,293.712195,29.462954,171.2329,5.390,96302,184759,7441,,15.14,17.81,-11
,Gam2For,For,42.475740,-27.941981,140.6470,5.390,13202,17729,845,,46.55,22.19,24
,Iot Aps,Aps,260.524485,-70.123208,404.8583,5.390,84979,156190,6411,,-1.73,-12.04,-4
,,Cam,57.307140,70.871050,106.3830,5.400,17854,23277,1138,,20.91,-62.7,17
,,Cam,65.448405,60.735625,136.7989,5.400,20376,27245,1335,,56.7,-113.66,29
,,Aur,99.136815,38.445500,100000.0000,5.400,31579,46687,2405,,-1.76,-21.41,12
,,CMa,110.752905,-31.923781,406.5041,5.400,35795,58155,2819,,-8.54,3.73,24
,,UMa,202.113045,59.945787,71.3776,5.400,65728,117376,5085,,-78.04,34.47,-3
,,Sco,246.165690,-29.704663,33.0907,5.400,80399,147722,6105,,69.27,-82.06,-0.2
,,CrA,281.238150,-39.686188,400.0000,5.400,91989,172991,7031,,8.61,-6.29,-17
,,Her,250.322355,31.601207,10.7956,5.400,,,,Gl 635B,-467.97,391.28,
,,Equ,318.620865,10.006094,18.4809,5.400,,,,Gl 822B,24.58,-298.99,
,11    LMi,LMi,143.915010,35.810133,11.3688,5.400,47080,82885,3815,Gl 356A,-730.05,-260.62,14.9
,115    Tau,Tau,81.792060,17.962216,168.3502,5.400,25499,35671,1808,,7.88,-21.06,18
,14    Aql,Aql,285.727080,-3.698987,153.1394,5.400,93526,176984,7209,,11.33,6.98,-39
,15    Aql,Aql,286.240305,-4.031420,88.7311,5.400,93717,177463,7225,,20.76,-26.73,-18
,21Nu 2CrB,CrB,245.621745,33.703478,182.1494,5.400,80214,147767,6108,,-5.22,50.03,-40
,22    Boo,Boo,216.614025,19.226900,89.1266,5.400,70602,126661,5405,,-71,26.7,-28
,25    Cet,Cet,15.760575,-4.836601,102.2495,5.400,4914,6203,296,,-117.05,-102.91,15
,26    Aur,Aur,84.658695,30.492412,173.6111,5.400,26536,37269,1914,,-21.15,-11.98,2
,2Ome Leo,Leo,142.114170,9.056778,33.1675,5.400,46454,81858,3754,,40.4,2.71,-6
,30    Cap,Cap,319.488690,-17.985138,163.6661,5.400,105143,202671,8137,,15.57,-0.68,-11
,51    Dra,Dra,286.229865,53.396654,111.1111,5.400,93713,178207,7251,,-4.15,21.02,-24
,57    Cnc,Cnc,133.561365,30.579115,141.4427,5.400,43721,75959,3532,,38.97,-25.57,-60
,66    Dra,Dra,301.386660,61.995420,52.6870,5.400,98962,191277,7701,,123.82,70.6,6
,69    Leo,Leo,168.439800,-0.069502,161.8123,5.400,54849,97585,4356,,-48.14,2.73,5
,83    Tau,Tau,67.655670,13.724402,45.2080,5.400,21036,28556,1430,,108.06,-19.71,39
,Iot Hor,Hor,40.638975,-50.800294,17.1674,5.400,12653,17051,810,Gl 108,333.73,219.21,15.5
,Kap1Aps,Aps,232.878420,-73.389591,380.2281,5.400,76013,137387,5730,,0.38,-18.28,62
Intercrus,,UMa,142.166625,45.601483,85.8369,5.400,46471,81688,3743,,-6.4,-128.2,39
,,Cas,11.321610,55.221396,98.8142,5.410,3544,4222,196,,-28.35,-5.34,-9
,,CMa,106.669860,-11.294014,934.5794,5.410,34301,53974,2678,,-3.27,1.96,31
,,CMa,110.882895,-32.202067,340.1361,5.410,35855,58286,2823,,-7.85,4.55,21
,,Pup,112.273740,-38.812065,165.0165,5.410,36363,59635,2875,,-21.01,16.42,24
,,Pup,115.315905,-38.533532,181.8182,5.410,37450,62226,2981,,-20.74,16.34,40
,,Hya,189.426135,-27.138888,34.3289,5.410,61621,109799,4803,,79.52,-94.16,-1
,,Sco,238.482765,-23.978094,130.8901,5.410,77859,142184,5907,,-12.88,-24.06,-9
,,Oph,247.141590,0.665002,124.8439,5.410,80693,148513,6136,,6.97,-67.95,7
,,Her,257.008605,35.935174,54.2594,5.410,83838,155103,6377,,-24.25,-17.05,-30
,,Oph,262.206900,0.330625,59.6303,5.410,85537,158352,6507,,-64.73,19.86,-36
,,Oph,274.789740,7.259767,46.7946,5.410,89772,168387,6857,,-45.38,1.96,-8
,,Her,275.536245,23.285176,199.6008,5.410,90023,169110,6882,,11.61,77.88,-58
,,Lyr,279.155595,33.469036,154.5595,5.410,91235,172044,6997,,-9.01,-0.39,-26
,,Pav,297.686625,-59.193667,84.9618,5.410,97646,186957,7531,,23.09,-12.21,4
,,Mic,318.322185,-27.619333,112.4859,5.410,104750,201901,8110,,98.92,-112.77,-42
,14    Cyg,Cyg,294.860340,42.818278,200.0000,5.410,96693,185872,7483,,23.75,27.26,-28
,18    Boo,Boo,214.817820,13.004299,26.0960,5.410,69989,125451,5365,GJ 3841,105.91,-32.22,-3
,44Eta Lib,Lib,236.018340,-15.672834,45.7457,5.410,77060,140417,5848,,-34.49,-63.48,-31
,50    Cet,Cet,23.995695,-15.400183,167.5042,5.410,7450,9856,459,,19.14,13.53,24
,51    Cyg,Cyg,310.552620,50.340030,390.6250,5.410,102177,197511,7929,,1.14,3.71,-3
,87    Vir,Vir,206.855790,-17.859839,207.4689,5.410,67288,120052,5181,,60.79,-31.04,64
,Iot Vol,Vol,102.862425,-70.963411,172.7116,5.410,32912,51557,2602,,4.02,25.56,19
,Kap2Scl,Scl,2.893410,-27.799737,243.3090,5.410,930,720,34,,4.61,17.09,-6
,Sig Pav,Pav,312.325995,-68.776521,92.5926,5.410,102773,197635,7934,,-64.57,-49.78,19
,,Phe,7.110405,-39.915002,115.2074,5.420,2240,2490,109,,135.95,-41.36,32
,,Phe,21.169935,-41.492549,72.2543,5.420,6592,8651,408,,16.95,-36.94,74
,,Cep,66.762090,80.824159,296.7359,5.420,20776,26836,1317,,12.94,-20.9,-9
,,Col,98.456175,-36.232029,120.0480,5.420,31299,46815,2411,,-15.31,97.95,32
,,Pup,113.462685,-36.338392,363.6364,5.420,36778,60606,2911,,-8.59,4.11,-9
,,Pyx,127.878855,-19.577462,105.8201,5.420,41817,72310,3367,,-33.24,-9.14,12
,,Cen,176.829810,-57.696498,215.5172,5.420,57512,102461,4526,,-25.51,19.99,-52
,,CVn,188.412150,33.247584,89.3655,5.420,61309,109317,4783,,21.21,-31.43,-20
,,Sco,246.132315,-37.566044,129.0323,5.420,80390,147628,6100,,-14.06,-30.44,9
,,CrA,279.896520,-43.185878,196.0784,5.420,91494,171967,6991,,-31.47,-42.22,29
,106    Vir,Vir,217.173840,-6.900536,191.5709,5.420,70794,126927,5410,,-14.02,-50.3,-49
,23    Cas,Cas,11.941785,74.847573,236.4066,5.420,3721,4382,208,,15.03,-5.94,-3
,28    Gem,Gem,101.189415,28.970932,145.9854,5.420,32311,48450,2480,,-8.75,-23.65,16
,37    Leo,Leo,154.169745,13.728334,179.5332,5.420,50333,89056,4035,,-22.85,-15.24,3
,39    Cet,Cet,19.151205,-2.500368,80.5802,5.420,5951,7672,373,,-100.62,-63.95,-20
,5    Psc,Psc,347.170500,2.127883,81.4996,5.420,114273,218527,8807,,137.43,108.99,-18
,55    And,And,28.322280,40.729790,193.4236,5.420,8814,11428,543,,-9.6,-4.17,-7
,5Iot Del,Del,309.454665,11.377676,57.9374,5.420,101800,196544,7883,,40.01,-8.51,-4
,60    Cet,Cet,30.798540,0.128507,86.1326,5.420,9589,12573,607,,75.85,21.74,13
,7    Cep,Cep,321.942300,66.809096,246.9136,5.420,105972,204770,8227,,-10.22,-20.72,3
,70    Cet,Cet,35.551650,-0.884852,80.1282,5.420,11046,14690,691,,-17.62,-45.98,20
,72Tau Cnc,Cnc,137.000220,29.654235,83.8926,5.420,44818,78235,3621,,-31.08,3.39,-13
,Kap1Scl,Scl,2.337765,-27.987928,77.4593,5.420,761,493,24,,72.57,-9.99,9
La Superba,,CVn,191.282610,45.440256,320.5128,5.420,62223,110914,4846,,-2.2,13.05,12
,,Cet,30.111765,-8.523873,145.9854,5.430,9372,12292,587,,86.73,-19.32,6
,,Cet,35.506380,-10.777534,29.6560,5.430,11029,14691,692,,153.43,-81.89,12
,,Mon,97.958595,-8.158235,214.1328,5.430,31121,46229,2381,,-9.21,-22.16,3
,,Vel,131.627280,-45.912504,100000.0000,5.430,43082,75149,3494,,-4.97,4.87,26
,,Ant,166.225815,-35.804678,158.7302,5.430,54173,96146,4313,,-21.69,4.45,11
,,Hya,167.183355,-28.080670,55.6483,5.430,54477,96819,4334,,-73.09,-22.24,16
,,Cir,229.704765,-60.496334,100000.0000,5.430,74941,135591,5680,,-3.17,-4.57,-3
,,Nor,234.706185,-52.372695,125.3133,5.430,76618,139129,5798,,-34.13,-30.86,-12
,,Sco,239.645280,-24.831488,170.3578,5.430,78246,142990,5942,,-11.41,-24.06,-11
,,Oph,257.449785,-10.523301,41.3223,5.430,83962,155078,6375,,54.71,-108.57,-3
,,Oph,279.162810,6.671805,33.0797,5.430,91237,171834,6987,,-30.62,-144.29,-21
,,Lac,342.442815,55.902777,121.8027,5.430,112731,216174,8688,,83.41,38,-36
,,Gru,342.758985,-39.156834,236.9668,5.430,112832,216149,8685,,18.26,-6.5,27
,112    Her,Her,283.068450,21.425142,124.3781,5.430,92614,174933,7113,,-7.25,-10.12,-20
,12Eta PsA,PsA,330.209265,-28.453736,250.6266,5.430,108661,209014,8386,,14.81,0.3,-5
,12Lam CrB,CrB,238.948260,37.946958,41.5628,5.430,78012,142908,5936,GJ 9531,29.45,80.08,-11.6
,14    Per,Per,41.021490,44.297040,301.2048,5.430,12768,16901,800,,2,-6.08,-3
,16    Ori,Ori,77.331840,9.829579,54.7046,5.430,23983,33254,1672,,63.54,-7.87,37
,16    Sco,Sco,243.030480,-8.547576,77.3994,5.430,79387,145607,6033,,44.39,1.45,5
,17    Cam,Cam,82.542525,63.067220,288.1844,5.430,25769,35583,1802,,-5.92,-4.77,-19
,2    Psc,Psc,344.864400,0.962927,91.6590,5.430,113521,217264,8742,,90.06,-67.66,-13
,34Psi2Dra,Dra,268.796430,72.005127,323.6246,5.430,87728,164613,6725,,8.03,-2.92,-2
,38    Aqr,Aqr,332.656170,-11.564939,137.9310,5.430,109472,210424,8452,,29.74,8.02,3
,46    Leo,Leo,158.049060,14.137270,212.7660,5.430,51585,91232,4127,,-40.94,24.71,34
,57    Cet,Cet,29.942490,-20.824539,180.5054,5.430,9326,12255,583,,17.93,15.2,-15
,6    Cas,Cas,357.209055,62.214516,100000.0000,5.430,117447,223385,9018,,-2.8,-1.45,-46
,Nu  Cha,Cha,146.585280,-76.776120,56.5291,5.430,47956,85396,3902,,83.51,-56.95,11
,Zet Oct,Oct,134.174235,-85.663152,49.7512,5.430,43908,79837,3678,,-116.27,33.74,-4
Tianyi,7    Dra,Dra,191.893095,66.790304,227.2727,5.430,62423,111335,4863,,1.64,-4.71,8
,,Cep,50.081745,77.734740,81.1688,5.440,15547,19978,961,,64.9,-66.2,4
,,Tau,57.086730,23.421250,118.3432,5.440,17776,23753,1172,,19.14,-46.8,4
,,Cam,78.093555,73.946674,115.8749,5.440,24254,32650,1643,,4.31,-28.83,9
,,Col,84.957675,-32.629216,129.3661,5.440,26649,37811,1958,,-15.92,-31.62,-8
,,Cam,101.560050,79.564811,17.8731,5.440,32439,46588,2401,Gl 240.1,-99.03,-603.61,15.7
,,Mon,103.602765,-1.126996,169.2047,5.440,33184,50747,2572,,14.01,-14.27,-9
,,Pup,118.264620,-36.363769,227.7904,5.440,38497,64572,3085,,-10.82,1.82,12
,,Vel,144.302760,-53.668508,71.5308,5.440,47204,83520,3840,,-23.99,-9.13,-13
,,Hya,161.716905,-17.296874,63.1313,5.440,52737,93397,4214,,-16.03,-17.91,-14
,,Cru,179.563470,-56.317310,233.6449,5.440,58379,103961,4576,,-21.56,1.77,-5
,,Lup,234.050460,-44.396823,166.9449,5.440,76397,138816,5784,,-45.01,-55.17,-19
,,Dra,241.582125,67.810134,77.8210,5.440,78893,145454,6025,,-35.94,62.65,-18
,,Oph,269.198940,-4.081823,122.6994,5.440,87847,163532,6686,,-5.52,-8.86,-39
,,Tel,276.725040,-48.117243,152.6718,5.440,90414,169405,6894,,3.74,-55.09,4
,11    And,And,349.874175,48.625322,87.7193,5.440,115152,219945,8874,,22.98,51.91,11
,21    Mon,Mon,107.848395,-0.301928,87.1840,5.440,34724,55057,2707,,-27.37,-9.12,30
,37    Eri,Eri,62.593845,-6.923852,107.7586,5.440,19483,26409,1290,,3.44,-11.99,-10
,4    Eri,Eri,44.349000,-23.862164,47.6872,5.440,13782,18454,883,,101.47,-35.81,29
,46Ome2Cyg,Cyg,307.828395,49.220297,122.3990,5.440,101243,195774,7851,,8.79,-31.28,-64
,59Sig2Cnc,Cnc,134.235840,32.910430,59.5593,5.440,43932,76398,3555,,-53.39,-65.58,5
,60    Cnc,Cnc,133.981455,11.626023,213.2196,5.440,43851,76351,3550,,-13.33,-14.42,24
,66    Aql,Aql,303.307845,-1.009339,216.9197,5.440,99631,192107,7720,,24.87,-30.06,-28
,68    Psc,Psc,14.458965,28.992217,198.8072,5.440,4510,5575,274,,5.28,-7.77,-1
,73    Ori,Ori,93.937350,12.551067,357.1429,5.440,29736,43247,2229,,-3.21,-1.54,13
,83    Aqr,Aqr,346.290780,-7.693801,64.2261,5.440,113996,218060,8782,,123.46,7.07,-13
,Lam Nor,Nor,244.823520,-42.673965,106.9519,5.440,79963,146667,6071,,6.62,-10.28,-15
,The Mus,Mus,197.029815,-65.306023,100000.0000,5.440,64094,113904,4952,,-5.35,-2.23,-28
,Zet Pic,Pic,79.842195,-50.605967,35.7143,5.440,24829,35072,1767,,23,227.39,45
,,And,9.338415,35.399501,259.7403,5.450,2942,3421,157,,-9.21,-3.57,-0.2
,,Cas,9.791220,49.354589,641.0256,5.450,3083,3574,164,,7.93,-2.74,-8
,,Tau,60.985845,8.197269,34.8554,5.450,18975,25570,1254,,168.35,27.98,36
,,Eri,62.324310,-16.385875,200.0000,5.450,19398,26326,1288,,-1.08,0.99,14
,,Ret,63.702285,-62.191811,80.5802,5.450,19805,27304,1340,,-2.96,97.94,36
,,Col,83.214195,-38.513371,52.8262,5.450,25993,36848,1877,,50.43,-10.57,-1
,,CMa,104.391300,-24.630841,37.9363,5.450,33478,51733,2607,,-96.27,88.42,20
,,Gem,112.951650,17.086046,96.8992,5.450,36616,59686,2877,,42.65,-75.39,-40
,,Pup,126.466305,-42.153072,220.2643,5.450,41323,71459,3326,,-16.47,13.36,28
,,Car,129.328500,-62.853465,103.6269,5.450,42286,73887,3432,,-10.96,-21.91,21
,,Vel,129.849390,-53.439767,136.4256,5.450,42459,74071,3440,,-23.97,23.51,15
,,Vel,142.521315,-51.517164,132.6260,5.450,46594,82419,3784,,-18.98,11.85,10
,,Leo,163.432140,-2.129205,95.8773,5.450,53273,94402,4253,,-83.35,15,15
,,Cen,187.093620,-39.041172,133.8688,5.450,60855,108541,4748,,-28.69,-14,5
,,Lup,225.746985,-32.643294,118.9061,5.450,73624,132955,5595,,-21.05,-19.66,6
,,Lup,227.816595,-55.346032,662.2517,5.450,74305,134270,5637,,-3.82,-7.41,-4
,,Ser,238.644225,20.310968,156.4945,5.450,77902,142574,5924,,-83.83,43.04,-61
,,Nor,244.180305,-53.811109,237.5297,5.450,79754,146003,6055,,8.62,-0.67,-28
,,CrA,273.972645,-44.206461,92.0810,5.450,89507,167096,6818,,69.29,14.67,-27
,,Gru,329.094885,-37.253655,102.9866,5.450,108294,208321,8366,,-25.18,-9.61,28
,16Lam PsA,PsA,333.578130,-27.766908,153.6098,5.450,109789,210934,8478,,22.88,1.9,-6
,29Rho2Cep,Cep,337.470705,78.824285,75.1315,5.450,111056,213798,8591,,3.47,-21.67,1
,3    Crv,Crv,182.766015,-23.602423,58.8235,5.450,59394,105850,4635,,-65.51,-20.64,11
,32Nu  Ari,Ari,39.704145,21.961408,103.3058,5.450,12332,16432,773,,-7.08,-15.12,8
,42    Aql,Aql,294.447150,-4.647640,32.1543,5.450,96556,185124,7460,,104.78,-53.59,-38
,49Chi3Sgr,Sgr,291.373590,-23.962457,153.1394,5.450,95503,182416,7363,,-18.24,-13.36,40
,52    Ari,Ari,46.361205,25.255174,165.2893,5.450,14376,19134,927,,3.99,-10.1,9
,69Nu  Cnc,Cnc,135.684435,24.452915,120.3369,5.450,44405,77350,3595,,-2.56,-7.13,-15
,93    Tau,Tau,70.014240,12.197609,127.7139,5.450,21735,29589,1484,,-1.29,-12.98,23
,Iot Oct,Oct,193.743285,-85.123369,107.8749,5.450,63031,111482,4870,,67.47,22.11,53
,Lam2Tuc,Tuc,13.751265,-69.527084,68.0272,5.450,4293,5457,270,,7.92,-43.35,5
,The Men,Men,104.143665,-79.420193,107.9914,5.450,33384,54239,2689,,-1.54,-1.61,6
Celaeno,16    Tau,Tau,56.200890,24.289470,115.6069,5.450,17489,23288,1140,,20.73,-44,3
Helvetios,51    Peg,Peg,344.366550,20.768832,15.6079,5.450,113357,217014,8729,Gl 882,208.06,60.96,-33.7
Polaris Australis,Sig Oct,Oct,317.191785,-88.956499,86.1326,5.450,104382,177482,7228,,25.96,5.02,12
,,Per,64.805085,50.048695,74.4602,5.460,20156,27084,1330,,62.89,-58.65,-17
,,Eri,69.832125,-14.359192,60.1323,5.460,21685,29613,1487,,121.08,-125.41,56
,,Aur,80.061135,41.086212,84.9618,5.460,24902,34557,1738,,-18.1,-52.22,22
,,Pic,82.539480,-47.077655,44.1306,5.460,25768,36553,1856,,20.84,-131.94,16
,,Lep,91.633740,-23.110846,141.0437,5.460,28943,41841,2163,,-10.39,-28.58,-15
,,CMa,107.580510,-27.491520,216.4502,5.460,34624,55070,2708,,-9.4,1.87,15
,,Lyn,108.347490,51.428745,221.7295,5.460,34912,54895,2703,,8.19,13.44,-51
,,CMa,109.060650,-15.585689,82.5083,5.460,35180,56405,2758,GJ 9228,-44.29,-14.07,10
,,Car,141.776820,-71.601895,61.8812,5.460,46358,82350,3777,,-102.43,80.99,3
,,Car,142.901280,-73.080913,242.1308,5.460,46741,83095,3821,,-25.16,2.44,14
,,UMa,173.086455,61.082520,27.9877,5.460,56290,100203,4439,Gl 431.1A,-14.21,-95.13,-47.9
,,Cen,174.391710,-47.747309,108.3424,5.460,56700,101067,4476,,-68.58,28.07,-1
,,Hya,191.002215,-28.323957,126.4223,5.460,62131,110666,4839,,-29.54,-39.41,7
,,Cen,193.831005,-42.915732,202.8398,5.460,63066,112213,4906,,-37.77,-12.64,-7
,,Cen,206.910780,-50.320682,152.6718,5.460,67304,119971,5176,,-141.24,-6.28,28
,,Boo,231.572490,34.335996,157.9779,5.460,75572,137704,5741,,-114.43,60.34,-48
,,Lup,231.825555,-36.767560,131.2336,5.460,75647,137432,5736,,-21.21,-24.02,4
,,Sco,249.094020,-42.858861,416.6667,5.460,81305,149404,6164,,-4.34,-3.04,-36
,,Sco,253.507650,-41.806389,793.6508,5.460,82676,152234,6260,,-1.75,-2.47,-6
,,Lyr,283.717410,41.602723,81.9672,5.460,92831,175740,7146,,-1.37,-2.3,-9
,,Sgr,292.467435,-26.985615,71.7360,5.460,95865,183275,7398,GJ 9657A,22.16,-42.97,-31.4
,,Sgr,294.393405,-14.301801,30.5623,5.460,96536,184985,7454,Gl 764.2,-104.36,-146.68,-15.4
,,Cyg,299.307780,40.367824,340.1361,5.460,98194,189178,7628,,7.08,-0.47,-26
,2    Vul,Vul,289.431810,23.025540,373.1343,5.460,94827,180968,7318,,1.49,-3.69,1
,27    Aql,Aql,290.148690,-0.892161,134.2282,5.460,95073,181440,7336,,5.63,3.1,-27
,27Omi Aur,Aur,86.475180,49.826255,126.7427,5.460,27196,38104,1971,,-11.18,-11.31,-6
,33    Ori,Ori,82.810545,3.292133,348.4321,5.460,25861,36351,1842,,1.28,-0.89,20
,36    And,And,13.742085,23.628335,37.9795,5.460,4288,5286,258,,137.06,-45.58,2
,36    Tau,Tau,61.090305,24.105993,347.2222,5.460,19009,25555,1252,,-0.31,-13.82,18
,5    Peg,Peg,324.439275,19.318607,98.4252,5.460,106787,205852,8267,,99.51,13.43,-25
,82    UMa,UMa,204.877080,52.921208,53.5906,5.460,66634,119024,5142,,-136.05,56.38,-15
,9    Her,Her,243.314295,5.021086,121.8027,5.460,79488,145892,6047,,36.31,-5.11,-2
,95    Vir,Vir,211.678440,-9.313515,58.0383,5.460,68940,123255,5290,,-140.62,4.05,-36
,Del1Cha,Cha,161.318190,-80.469597,106.8376,5.460,52595,93779,4231,,-17.4,-30.3,11
,Eta Cha,Cha,130.331595,-78.963359,94.9668,5.460,42637,75416,3502,,-29.31,27.58,14
,Eta1CrA,CrA,282.210360,-43.680047,103.0928,5.460,92308,173715,7062,,24.39,-20.84,-4
,Kap Men,Men,87.569985,-79.361362,87.4126,5.460,27566,40953,2125,,-4.5,65.95,10
,,Cet,13.169265,-24.005844,171.2329,5.470,4104,5098,247,,37.32,33.58,34
,,Per,44.957460,47.220693,156.4945,5.470,13965,18474,885,,11.87,22.35,7
,,Per,53.035815,48.023476,185.5288,5.470,16470,21699,1063,,22.84,-23.78,1
,,Cep,67.502385,83.340379,94.2507,5.470,20982,26659,1304,,-46.72,101.95,-38
,,Cam,73.021635,63.505421,152.9052,5.470,22626,30442,1527,,38.15,-94.28,-36
,,Vel,132.413175,-40.320158,387.5969,5.470,43325,75630,3514,,-9.76,-0.76,17
,,Car,159.362805,-58.733339,100000.0000,5.470,52004,92207,4169,,-7.46,3.11,-9
,,UMa,165.061260,45.526276,253.1646,5.470,53781,95212,4280,,9.66,3.03,9
,,Dra,184.708515,75.160561,97.8474,5.470,60044,107193,4687,,-36.03,4.35,-3
,,Cen,200.157645,-52.747825,125.3133,5.470,65112,115823,5026,,-30.71,-16.46,10
,,Hya,210.594930,-27.429773,134.7709,5.470,68581,122430,5265,,-32.38,-4.12,
,,Boo,222.623655,37.272047,64.3501,5.470,72582,131111,5541,,-212.26,95.24,-67
,,Ara,259.764825,-46.636235,8.8020,5.470,84720,156274,6416,Gl 666A,1035.25,109.22,23
,,CrA,273.302910,-41.336111,357.1429,5.470,89290,166596,6804,,-3.29,-5.94,-15
,,Sct,278.180505,-14.865662,884.9558,5.470,90913,170975,6959,,0.15,-3.37,5
,,Lyr,278.208150,30.554209,109.6491,5.470,90923,171301,6968,,13.4,11.61,-10
,,Mic,310.082610,-33.431843,72.6216,5.470,102014,196737,7893,,22.87,35.93,14
,,Cyg,313.474560,33.437891,184.1621,5.470,103145,199101,8005,,-20.6,34.02,-10
,,Pav,322.186815,-69.505386,126.2626,5.470,106044,203881,8196,,82.31,-46.41,43
,,Cep,336.503310,70.770898,153.6098,5.470,110725,213022,8557,,19.69,5.34,-17
,118    Tau,Tau,82.318740,25.150215,130.3781,5.470,25695,35943,1821,,11.44,-37.36,15
,130    Tau,Tau,86.859150,17.729141,546.4481,5.470,27338,38558,1990,,-2.05,-4.79,9
,18    Com,Com,187.362675,24.108925,61.6143,5.470,60941,108722,4753,,-18.09,1.84,25
,2    UMa,UMa,128.650665,65.145170,46.7508,5.470,42080,72037,3354,,-47.06,-42.5,-16
,20    Hya,Hya,137.398200,-8.787648,147.7105,5.470,44961,78732,3641,,-17.77,-7.05,26
,21    Com,Com,187.752345,24.567168,82.7130,5.470,61071,108945,4766,,-12.02,-8.94,1.2
,26    Lyn,Lyn,118.677960,47.564596,257.7320,5.470,38639,64144,3066,,-48.4,1.48,17
,45    Gem,Gem,107.091825,15.930675,98.9120,5.470,34440,54131,2684,,-5.02,-103.52,-17
,49    Lib,Lib,240.081705,-16.533350,35.2113,5.470,78400,143333,5954,GJ 3931,-636.53,-397.92,-25
,81    Tau,Tau,67.662030,15.691879,44.9236,5.470,21039,28546,1428,,104.17,-24.29,39
,89    Her,Her,268.854945,26.049991,100000.0000,5.470,87747,163506,6685,,4.39,4.97,-29
,Eta Men,Men,73.796475,-74.936852,204.9180,5.470,22871,32440,1629,,27.6,61.88,26
,Iot Pav,Pav,272.609220,-62.002197,17.6118,5.470,89042,165499,6761,Gl 705.1,-77.6,234.68,29.7
,Nu  Gru,Gru,337.163355,-39.131792,87.4126,5.470,110936,212953,8552,,37.24,-160.72,11
,Phi Oct,Oct,275.901840,-75.044277,59.4884,5.470,90133,167468,6829,,4.48,20.06,5
,,Lep,79.417680,-13.519826,49.0196,5.480,24679,34538,1737,,-7.59,-48.49,75
,,CMa,95.352975,-11.773238,337.8378,5.480,30214,44458,2284,,-4.25,2.37,16
,,Pup,118.545870,-35.877287,207.9002,5.480,38593,64802,3091,,-3.88,3.41,28
,,Vel,130.567470,-48.099090,100000.0000,5.480,42712,74455,3462,,-4.92,3.51,42
,,UMa,136.350420,48.530314,97.0874,5.480,44613,77601,3603,,-12.03,-18.22,-6
,,Dra,222.860430,59.293985,138.8889,5.480,72664,131507,5552,,-120.89,136.99,11
,,Boo,235.711605,52.360903,91.5751,5.480,76957,140728,5857,,-66.3,29.68,-16
,,Her,244.979850,39.708584,26.3783,5.480,80008,147365,6091,GJ 9557A,-129.35,-2.49,-29
,,Sco,251.699835,-39.376962,88.2613,5.480,82135,151078,6221,,-17.66,-26.16,-9
,,Mic,311.583570,-39.199262,99.5025,5.480,102497,197630,7933,,42.68,-30.14,-30
,,Cyg,313.327350,45.181673,308.6420,5.480,103094,199098,8003,,8.6,-4.43,-24
,15Xi 2Lib,Lib,224.192130,-11.409701,168.3502,5.480,73133,131918,5564,,7.93,11.21,15
,18    Aqr,Aqr,321.047880,-12.878108,47.1032,5.480,105668,203705,8187,,91.67,8.96,8
,19    UMi,UMi,242.706360,75.877563,189.3939,5.480,79280,146926,6079,,-1.38,13.19,-1
,21    Aqr,Aqr,321.320655,-3.556747,119.0476,5.480,105767,203926,8199,,-12.39,-69.77,-24
,21    Vir,Vir,188.444790,-9.452077,79.2393,5.480,61318,109309,4781,,-82.2,0.11,-11
,24Iot Crt,Crt,174.666735,-13.201943,26.7308,5.480,56802,101198,4488,GJ 3677A,99.62,126.17,-23.8
,24Xi  Ari,Ari,36.204405,10.610565,267.3797,5.480,11249,14951,702,,19.63,-13.6,4
,27    Sco,Sco,254.296560,-33.259492,290.6977,5.480,82960,152820,6288,,5.93,-9.61,-76
,30    Eri,Eri,58.173570,-5.361259,179.5332,5.480,18141,24388,1202,,3.24,-7.1,15
,47    Her,Her,252.580755,7.247683,54.4070,5.480,82402,151956,6250,,51.83,-8.98,-4
,5    Pup,Pup,116.986335,-12.192705,28.5959,5.480,38048,63336,3029,,-104.67,77.39,27
,Eta3For,For,42.668355,-35.675849,140.8451,5.480,13265,17829,851,,3.86,-54.37,12
,,Cet,11.548935,-22.522097,93.2836,5.490,3607,4398,210,,197.14,-12.25,-15
,,Scl,23.233545,-36.865231,84.3882,5.490,7213,9525,445,,0.09,-20.33,13
,,Phe,26.524800,-50.816256,194.5525,5.490,8240,10934,519,,43.66,-17.45,-2
,,Cep,46.533045,79.418535,211.8644,5.490,14417,18438,881,,-34.64,10.28,-38
,,Per,59.119545,35.080899,265.9574,5.490,18434,24640,1215,,2.56,-3.96,17
,,Lep,87.402255,-14.483665,82.0345,5.490,27517,39070,2021,,-20.98,-47.58,-2
,,Lep,92.241105,-22.427412,75.5287,5.490,29150,42301,2180,,-3.85,-52.83,44
,,Mon,116.509125,-6.772511,82.1018,5.490,37901,62902,3014,,48.91,-93.07,-33
,,Vel,130.579170,-53.100056,153.1394,5.490,42715,74535,3466,,-23.22,24.05,17
,,Ant,142.477110,-26.589616,242.1308,5.490,46578,82205,3770,,-22.42,0.69,12
,,Cru,187.918065,-59.423922,429.1845,5.490,61136,108968,4768,,-13.19,-3.47,-20
,,Her,272.009385,36.401264,63.6132,5.490,88836,166229,6793,,-95,-186.09,-7
,,Sgr,286.104405,-31.047079,147.0588,5.490,93667,177074,7211,,2.95,-19.17,-26
,,Sgr,295.889700,-15.470105,48.9237,5.490,97063,186185,7496,GJ 9666,135.55,-185.17,12.8
,14    Sgr,Sgr,273.566250,-21.713164,138.8889,5.490,89369,167036,6816,,-15,-23.4,-59
,18    Sco,Sco,243.905280,-8.369442,13.9005,5.490,79672,146233,6060,Gl 616,232.16,-495.84,12
,20    Psc,Psc,356.985600,-2.761598,97.0874,5.490,117375,223252,9012,,96.45,5.5,-7
,23    LMi,LMi,154.060155,29.310501,79.9361,5.490,50303,88960,4024,,-71.25,-24.05,16
,24    Hya,Hya,139.172370,-8.744759,207.4689,5.490,45526,79931,3683,,-15.94,0.02,10
,24    Sgr,Sgr,278.472855,-24.032283,632.9114,5.490,91004,171115,6961,,-2.99,-7.1,-14
,26    Com,Com,189.780465,21.062559,83.8223,5.490,61724,110024,4815,,-77.41,-8.86,-21
,30    Per,Per,49.447275,44.025024,224.2152,5.490,15338,20315,982,,26.61,-23.72,-1
,52    Leo,Leo,161.605335,14.194645,88.1057,5.490,52689,93291,4209,,-125.33,-64.92,35
,58    Eri,Eri,71.901195,-16.934456,13.2767,5.490,22263,30495,1532,Gl 177,130.41,169.2,21.7
,7    Aqr,Aqr,314.225115,-9.697545,167.5042,5.490,103401,199345,8015,,-3.51,-11.53,-33
,75    Peg,Peg,354.486675,18.400667,71.3776,5.490,116611,222133,8963,,48.52,17.61,-16
,Psi Oct,Oct,334.461135,-77.511553,38.4911,5.490,110078,210853,8471,,-37.28,14.28,17
,,Eri,50.350050,-23.635135,112.4859,5.500,15643,20894,1016,,-24.17,-18.93,8
,,Ori,78.683535,5.156151,149.0313,5.500,24450,34043,1709,,-7.01,8.74,-8
,,Tau,83.058930,17.058128,917.4312,5.500,25950,36408,1847,,-4.23,-10.85,15
,,Car,105.812925,-59.178109,151.2859,5.500,34000,53921,2674,,-9.98,10.93,7
,,Car,110.089320,-52.311524,31.7158,5.500,35564,57852,2813,,-35.17,147.45,22
,,UMa,149.965425,56.811807,153.3742,5.500,49005,86378,3939,,-31.49,-28.04,-13
,,Ant,158.803575,-39.562589,268.0965,5.500,51821,91793,4153,,-32.17,3.29,37
,,Cen,173.737095,-49.136490,58.8235,5.500,56497,100708,4462,,-172.45,188.13,-1
,,UMi,204.295965,71.242252,126.1034,5.500,66435,118904,5139,,-36.28,-6.02,15
,,Lib,233.152920,-19.670460,70.0771,5.500,76106,138413,5762,,-18.92,-39.51,-33
,,Sco,242.469135,-33.545805,125.0000,5.500,79199,144987,6007,,-25.69,-44.91,-21
,,Aps,248.580660,-70.988097,248.1390,5.500,81141,148488,6135,,-16.37,-13.31,-17
,,Oph,272.667915,3.324256,123.6094,5.500,89065,166460,6800,,18.87,-5.34,10
,,Mic,321.756810,-42.547930,56.4334,5.500,105913,204018,8202,,-49.29,14.46,18
,,Gru,329.824605,-38.395096,132.6260,5.500,108543,208737,8379,,42.47,-0.98,-10
,10    Vul,Vul,295.928850,25.771929,101.7294,5.500,97077,186486,7506,,11.6,23.05,-9
,103    Tau,Tau,77.027595,24.265175,458.7156,5.500,23900,32990,1659,,1.74,-5.29,16
,11    Ser,Ser,233.241405,-1.186399,85.9107,5.500,76133,138562,5772,,-17.27,-41.17,-16
,25    Vul,Vul,305.514300,24.446099,305.8104,5.500,100435,193911,7789,,1.92,-6.89,-13
,3Eps Tri,Tri,30.741495,33.284135,120.0480,5.500,9570,12471,599,,-15.99,-6.75,3
,51    Leo,Leo,161.602260,18.891523,57.2082,5.500,52686,93257,4208,,94.06,-40.64,-6
,53    Tau,Tau,64.858740,21.142307,82.7815,5.500,20171,27295,1339,,29.49,-42.73,12
,62    Eri,Eri,74.100780,-5.171356,227.2727,5.500,22958,31512,1582,,-5.67,-2.32,24
,64    Ari,Ari,51.076980,24.724063,63.7755,5.500,15861,21017,1022,,15.72,-51.42,13
,69Sig Psc,Psc,15.704565,31.804263,132.9787,5.500,4889,6118,291,,15.53,-30.38,10
,86    Vir,Vir,206.484660,-12.426528,124.6883,5.500,67172,119853,5173,,-19.18,8,-11
,94    Psc,Psc,21.673650,19.240422,85.5432,5.500,6732,8763,414,,50.82,-58.73,-42
,Pi  Tuc,Tuc,5.162670,-69.624913,97.5610,5.500,1647,1685,83,,-4.01,-0.64,12
,Pi 2Col,Col,91.970250,-42.154043,74.4602,5.500,29064,42303,2181,,-11.08,-17.37,31
,Sig Scl,Scl,15.610110,-31.552005,71.2251,5.500,4852,6178,293,,81,15.25,-8
,Tau Oct,Oct,352.014900,-87.482214,149.0313,5.500,115836,219765,8862,,16.29,11.48,31
,The TrA,TrA,248.936625,-65.495399,104.9318,5.500,81252,148890,6151,,33.92,-28.75,10
,,Cep,67.055385,83.807790,232.0186,5.510,20860,26356,1289,,-4.23,11.25,-7
,,Tau,74.343090,17.153677,146.1988,5.510,23043,31539,1585,,-11.16,-12.3,25
,,CMa,94.557195,-19.966974,243.9024,5.510,29941,43955,2266,,-5.84,7.22,23
,,Vol,126.819900,-70.093482,85.6898,5.510,41451,72337,3370,,-18.51,46.57,13
,,Vel,144.506040,-43.190944,145.5604,5.510,47267,83548,3842,,24,-31.03,2
,,Car,160.047720,-65.100209,160.5136,5.510,52221,92664,4185,,-17.45,12.86,30
,,Crt,165.811995,-11.303470,103.8422,5.510,54029,95808,4305,,-81.71,-107.11,-8
,,Cen,182.227455,-41.231605,487.8049,5.510,59232,105521,4625,,-12.05,-8.27,
,,CVn,206.749155,38.542697,97.1817,5.510,67250,120164,5186,,-134.18,-21.69,-10
,,Lup,217.535985,-45.321355,146.1988,5.510,70915,126981,5412,,-37.72,-27.81,10
,,Vir,224.388540,-0.167612,89.3655,5.510,73193,132132,5573,GJ 3881A,59.91,-26.2,20.6
,,Her,267.595380,29.322143,77.7605,5.510,87308,162555,6654,,30.88,47.88,-15
,,Dra,282.895680,52.975117,25.6674,5.510,92549,175225,7123,Gl 732.1,-65.14,245.24,-1.6
,,Tel,283.113435,-46.595119,317.4603,5.510,92630,174387,7092,,29.04,0.14,-28
,,Sgr,284.849175,-12.840517,146.1988,5.510,93225,176162,7166,,-1.05,-22.44,-13
,,Sgr,288.314685,-12.282584,166.1130,5.510,94437,179497,7282,,12.51,-30.44,-18
,,Sgr,296.505075,-31.908571,217.8649,5.510,97260,186500,7507,,1.49,-13.52,-31
,,Cyg,299.658240,30.983665,142.6534,5.510,98325,189395,7640,,33.23,-2.6,-7
,,Cep,319.815375,58.623502,591.7160,5.510,105259,203338,8164,,-3.55,-3.28,-21
,,Cyg,325.776975,41.154970,196.8504,5.510,107235,206749,8306,,-15.96,-12.2,-23
,,PsA,344.898990,-29.462311,95.7854,5.510,113532,217236,8740,,-6.77,5.15,
,18    Vul,Vul,302.639730,26.904169,129.8701,5.510,99404,191747,7711,,18.29,12.92,-12
,19    Vul,Vul,302.949900,26.808990,432.9004,5.510,99518,192004,7718,,1.41,-10.37,-23
,1Omi CrB,CrB,230.035710,29.616209,82.7815,5.510,75049,136512,5709,,-118.74,-42.02,-53
,21    Oph,Oph,252.853875,1.215947,116.1440,5.510,82480,152127,6255,,-17.2,-14.02,-26
,37    Peg,Peg,337.491405,4.431690,51.8672,5.510,111062,213235,8566,,-18.89,-151.08,1
,40    LMi,LMi,160.757865,26.325577,48.3793,5.510,52422,92769,4189,,-99.56,-49.34,10
,43Ome1Tau,Tau,62.291520,19.609217,87.0322,5.510,19388,26162,1283,,107.44,-31.64,25
,47    Cet,Cet,21.714855,-13.056512,37.4672,5.510,6748,8829,421,,14.53,9.01,10
,49    Dra,Dra,285.181080,55.658301,150.8296,5.510,93340,177249,7218,,-11.73,-7.36,10
,58    Psc,Psc,11.756070,11.973849,86.8056,5.510,3675,4482,213,,53.83,-35.12,-1
,67    Cet,Cet,34.246020,-6.422116,102.0408,5.510,10642,14129,666,,93.21,-106.93,7
,74    Her,Her,260.088045,46.240780,170.9402,5.510,84835,157325,6464,,-29.83,40.92,-57
,80    Psc,Psc,17.092500,5.649819,35.2113,5.510,5346,6763,330,,-248.4,-165.49,7
,Iot Hyi,Hyi,48.989265,-77.388454,29.7089,5.510,15201,21024,1025,,113.2,62,19
,Lam2Phe,Phe,8.921505,-48.000907,34.8189,5.510,2802,3302,147,GJ 3041,47.14,-101.4,7.6
,The Hyi,Hyi,45.564225,-71.902457,157.7287,5.510,14131,19400,939,,27.18,15.95,12
Musica,18    Del,Del,314.608065,10.839286,75.3012,5.510,103527,199665,8030,,-47.95,-34.35,
Tianfu,63Tau Aql,Aql,301.034640,7.277966,141.6431,5.510,98823,190327,7669,,14.24,12.97,-28
,,Eri,25.621875,-53.740834,17.4338,5.520,7978,10647,506,GJ 3109,166.97,-106.71,12.9
,,Mon,99.147210,-5.211143,230.9469,5.520,31583,47054,2418,,2.99,-14.33,27
,,Pup,120.686610,-41.309828,147.0588,5.520,39360,66624,3162,,-6.11,15.23,26
,,Car,121.265445,-53.107921,117.6471,5.520,39566,67364,3180,,2.46,-3.08,18
,,Vel,123.392670,-50.196072,221.2389,5.520,40282,69194,3247,,21.68,-1.96,-7
,,Lyn,125.952135,53.219712,50.4286,5.520,41152,70313,3277,,-27.58,-98.39,21
,,Pup,126.674805,-12.534602,84.3170,5.520,41395,71377,3324,,-92.03,-25.69,61
,,Ant,154.531635,-28.992000,813.0081,5.520,50456,89353,4049,,-15.4,10.85,-33
,,Cam,157.425555,84.252009,40.6339,5.520,51384,89571,4062,,-128.39,-39.6,4
,,Com,185.082000,26.619482,49.3583,5.520,60170,107325,4693,,-66.7,-110.4,-13
,,Lib,225.332610,-2.754927,227.7904,5.520,73497,132833,5590,,28.68,-22.4,-15
,,Boo,225.775245,35.205795,85.8369,5.520,73634,133392,5609,,-39.95,9.3,-27
,,Lib,229.095885,-22.399416,144.7178,5.520,74732,135534,5678,,-33.86,1.83,-5
,,Her,261.704700,20.080977,178.8909,5.520,85385,158148,6502,,0.16,16.11,-30
,,Sgr,271.951425,-17.154159,77.1010,5.520,88816,165687,6769,,-103.48,58.14,-32
,,Sgr,275.870100,-36.237987,87.8735,5.520,90124,168838,6874,,7.61,5.34,-6
,,Pav,289.300935,-66.661048,91.5751,5.520,94789,179366,7278,,8.89,-4.33,12
,,Mic,312.753165,-37.913332,180.1802,5.520,102916,198357,7971,,-6.71,-17.22,17
,,Cep,332.661930,70.132573,33.5909,5.520,109474,210884,8474,,-64.78,24.17,1
,,Gru,341.419965,-46.547328,241.5459,5.520,112381,215405,8657,,-29.41,-11.39,42
,116    Tau,Tau,81.940035,15.874052,130.0390,5.520,25555,35770,1814,,4.39,-21.26,16
,15    Peg,Peg,328.124670,28.793538,27.4499,5.520,107975,207978,8354,GJ 4234,-58.67,-63.26,19
,18    Ori,Ori,79.017225,11.341354,135.8696,5.520,24555,34203,1718,,-8.52,-6.54,-8
,26    Cep,Cep,336.772125,65.132270,100000.0000,5.520,110817,213087,8561,,-0.74,-1.93,-15
,28    LMi,LMi,156.035850,33.718531,130.0390,5.520,50935,90040,4081,,-15.65,-1.93,-22
,43Sig Ari,Ari,42.873270,15.082071,151.5152,5.520,13327,17769,847,,31.26,-23.29,17
,5    Cam,Cam,73.763055,55.259109,190.1141,5.520,22854,30958,1555,,-16.14,-8.6,2
,50    Per,Per,62.152455,38.039733,20.9952,5.520,19335,25998,1278,Gl 161.1,163.93,-203.52,26.2
,65    Leo,Leo,166.725870,1.955525,63.2111,5.520,54336,96436,4319,,-383.06,-85.67,55
,75    Vir,Vir,203.215185,-15.363012,157.7287,5.520,66091,117789,5099,,-77.23,0.27,-40
,Omi Ind,Ind,327.696720,-69.629416,166.6667,5.520,107835,207241,8333,,-24.77,-4.73,20
,Rho For,For,56.983500,-30.167882,82.4402,5.520,17738,23940,1184,,26.2,-231.06,53
,Sig Col,Col,89.087265,-31.382440,510.2041,5.520,28098,40248,2092,,1.39,5.94,19
,,Phe,0.333825,-50.337373,166.3894,5.530,107,224865,9082,,7.34,10.59,2
,,Tau,67.133835,1.380821,117.3709,5.530,20884,28375,1415,,17.66,-21.97,18
,,Eri,71.033250,-18.666586,93.8086,5.530,22028,30127,1513,,52.09,-17.64,5
,,Lyn,96.607710,56.285096,74.9625,5.530,30651,44691,2291,,-25.21,21.57,-10
,,Cen,208.386555,-35.664248,52.2739,5.530,67819,120987,5222,,-82.39,-22.28,-8
,,Cen,213.318390,-53.665674,653.5948,5.530,69462,124147,5308,,-12.66,-9.52,-3
,,Vir,213.850365,-18.200690,75.6430,5.530,69658,124683,5332,,-45.46,-11.45,-19
,,Lib,237.236655,-3.818513,54.0249,5.530,77464,141378,5875,,-29.12,6.18,-16
,,Sco,244.886370,-30.906716,48.2625,5.530,79980,146836,6077,,82.88,21.81,-8
,,Ara,254.574765,-50.641185,159.2357,5.530,83057,152824,6289,,-10.2,-38.25,-44
,,Sco,259.265235,-32.662840,48.3793,5.530,84551,156098,6409,,-99.18,-55.48,-36
,,Sco,265.712910,-36.945564,211.4165,5.530,86698,160668,6583,,8.42,-23.5,-4
,,Sgr,272.524215,-30.728666,137.7410,5.530,89020,166023,6780,,12.57,-28.23,-22
,,Lyr,286.657200,28.628595,39.9680,5.530,93843,178233,7253,,75.83,84.43,-24
,,Cep,322.747050,60.459432,462.9630,5.530,106227,205139,8243,,-1.68,-3.31,-15
,,Lac,333.455085,45.440613,77.1605,5.530,109745,211096,8487,,73.41,4.01,-9
,,Ind,346.217400,-68.820226,53.4474,5.530,113969,217831,8769,,44.78,63.39,4
,1    Per,Per,27.997140,55.147385,396.8254,5.530,8704,11241,533,,12.53,-8.25,-3
,10    Lep,Lep,82.781775,-20.863659,83.2639,5.530,25853,36473,1849,,5.07,-43.02,-11
,12    Aqr,Aqr,316.019685,-5.823066,153.8462,5.530,103981,200496,8058,,20.9,-7.01,-5
,12    Cep,Cep,326.855430,60.692689,140.4494,5.530,107586,207528,8339,,-9.68,-1.84,-20
,122    Tau,Tau,84.265560,17.040324,48.5909,5.530,26382,37147,1905,,42.9,-34.86,41
,14    Boo,Boo,213.521595,12.959444,33.9213,5.530,69536,124570,5323,,-254.02,-54.6,-39
,16    Dra,Dra,249.047610,52.900048,130.8901,5.530,81290,150100,6184,,-12.94,28.67,-9
,18    Pup,Pup,122.665965,-13.799207,22.3814,5.530,40035,68146,3202,Gl 297.2A,-250.56,57.68,33
,22    Eri,Eri,55.159725,-5.210706,152.2070,5.530,17167,22920,1121,,0.14,-3.64,16
,25    Her,Her,246.350700,37.394079,74.4602,5.530,80460,148283,6123,,2.63,0.18,-1
,28    Aql,Aql,289.913955,12.374680,103.4126,5.530,94982,181333,7331,,4.28,16.69,3
,35Zet4Lib,Lib,233.230095,-16.852844,201.2072,5.530,76126,138485,5764,,-10.66,-15.26,9
,40    Com,Com,196.594170,22.616187,225.7336,5.530,63950,113866,4949,Gl 499.1,29.84,-42.71,-5.1
,49    Aqr,Aqr,335.878515,-24.762661,80.3213,5.530,110529,212271,8529,,97.6,-2.5,-11
,49    Cyg,Cyg,310.260585,32.307287,244.4988,5.530,102066,197177,7921,,2.86,-11.79,-29
,50    Lib,Lib,240.198465,-8.411353,150.1502,5.530,78436,143459,5959,,-15.05,-11.99,-19
,72    Tau,Tau,66.822705,22.996337,115.8749,5.530,20789,28149,1399,,-0.35,-13.25,5
,77    Aqr,Aqr,343.689480,-16.271957,41.1862,5.530,113148,216640,8711,,-223.65,-88.58,-36
,80    Cet,Cet,39.000195,-7.831597,142.6534,5.530,12107,16212,759,,-33.57,-59.29,14
,95    Leo,Leo,178.918890,15.646818,151.7451,5.530,58159,103578,4564,,10.08,3.52,-21
,Mu  Men,Men,70.766460,-70.931027,150.6024,5.530,21949,30612,1541,,9.3,34.77,-1
,Mu 1Cha,Cha,150.182865,-82.214670,115.0748,5.530,49065,87971,3983,,-26.99,31.11,16
,Omi Gru,Gru,351.652350,-52.721603,30.7692,5.530,115713,220729,8907,,33.16,130.07,18
,Zet1Ret,Ret,49.438545,-62.575322,12.0077,5.530,15330,20766,1006,Gl 136,1337.83,648.71,12.2
,,Aur,80.709660,41.029260,89.6861,5.540,25143,34904,1760,,-12.49,2.94,-9
,,Col,90.317910,-33.911835,188.3239,5.540,28524,41047,2131,,5.44,-26.39,19
,,Col,92.543370,-40.353792,261.0966,5.540,29263,42682,2203,,-20.93,73.14,-19
,,Col,94.255125,-37.737445,91.5751,5.540,29842,43899,2263,,1.35,83.91,67
,,Lyn,102.051105,55.704195,44.2674,5.540,32609,48766,2486,,57.71,-104.75,9
,,Lyn,108.958875,47.239964,16.8919,5.540,35136,55575,2721,GJ 1095,29.44,-186.12,85.2
,,Car,138.231780,-59.413928,145.1379,5.540,45219,79698,3673,,5.55,15.65,16
,,Cen,175.332540,-43.095667,65.4879,5.540,57013,101615,4502,,-82.4,4.24,8
,,Vir,180.185205,-10.446014,12.7632,5.540,58576,104304,4587,Gl 454,141.98,-483.34,0.1
,,Lib,230.281710,-5.824853,92.6784,5.540,75127,136479,5707,,-51.92,-10.86,-33
,,TrA,236.971170,-65.442291,111.9821,5.540,77390,140483,5851,,-27.98,-41.74,-30
,,Dra,258.135705,62.874337,43.0478,5.540,84183,156295,6421,,15.91,48.03,-5
,,Ser,263.693130,-11.241999,123.3046,5.540,86019,159358,6544,,3.02,3.24,-11
,,Her,265.494315,15.952430,34.8554,5.540,86623,160910,6594,,-6.99,103.01,-44
,,Vul,298.006635,24.992162,518.1347,5.540,97765,187982,7573,,-0.15,-3.93,-3
,,Cep,314.855655,59.438594,188.6792,5.540,103598,200205,8049,,44.6,15.35,-17
,102Pi  Psc,Psc,24.274650,12.141535,35.0877,5.540,7535,9919,463,,-74.9,9.96,-1
,11    Sge,Sge,299.439360,16.789163,139.6648,5.540,98234,189090,7622,,11.52,19.66,-26
,135    Tau,Tau,87.620445,14.305608,97.0874,5.540,27581,39019,2016,,4.42,-37.43,46
,16    Del,Del,313.910715,12.568558,60.4961,5.540,103298,199254,8012,,31.23,21.1,2
,17    Peg,Peg,329.234880,12.076492,122.8501,5.540,108339,208565,8373,,-28.38,-13.92,15
,34    Psc,Psc,2.509170,11.145813,93.6330,5.540,813,560,26,,29.73,1.64,14
,70    UMa,UMa,185.211915,57.864118,194.9318,5.540,60212,107465,4701,,47.75,-70.53,-43
,86    Leo,Leo,172.620975,18.409801,96.5251,5.540,56146,100006,4433,,-81.49,25.91,27
,Eps Men,Men,111.409050,-79.094188,143.0615,5.540,36039,60816,2919,,-29.88,5.95,11
,Phi Gru,Gru,349.541085,-40.824361,35.4108,5.540,115054,219693,8859,GJ 4330,127.46,-122.41,28.6
,Phi Ser,Ser,239.310720,14.414480,73.9645,5.540,78132,142980,5940,,-120.83,87.25,-68
,,Scl,8.421015,-29.558278,165.0165,5.550,2661,3059,138,,-27.91,-29.31,-9
,,Cas,24.531525,57.977631,534.7594,5.550,7617,9900,461,,2.98,-5.54,-8
,,Cet,48.109860,6.660883,230.9469,5.550,14915,19926,958,,-8.09,-1.26,5
,,Per,55.282725,37.580198,251.8892,5.550,17203,22780,1113,,22.86,-27.3,-1
,,Per,65.047965,50.920933,332.2259,5.550,20234,27192,1333,,0.57,-7.56,-16
,,Aur,79.565385,42.792111,172.7116,5.550,24738,34269,1722,,18.11,-30.5,-38
,,Col,88.718700,-39.957857,155.2795,5.550,27955,40091,2082,,-12.71,21.58,114
,,Col,95.151000,-34.144144,595.2381,5.550,30143,44506,2288,,0.42,19.94,54
,,Mon,96.814965,-0.275999,212.3142,5.550,30720,45433,2335,,1.62,-5.19,39
,,Mon,96.835215,2.908288,94.4287,5.550,30728,45415,2333,,-43.38,13.01,53
,,Gem,106.548330,34.473967,92.6784,5.550,34267,53329,2660,,-55,-49.06,5
,,Pup,111.996510,-29.155896,282.4859,5.550,36258,59256,2863,,-10.12,2.32,4
,,Gem,115.513410,14.208503,396.8254,5.550,37521,61913,2967,,-0.98,-10.81,-16
,,Cam,124.884300,75.756907,85.9845,5.550,40793,68375,3216,,32.28,15.76,7
,,UMa,159.773715,53.668300,139.0821,5.550,52136,92095,4165,,-90.15,-79.36,45
,,Mus,171.046500,-72.256608,304.8780,5.550,55657,99264,4406,,-26.02,-2.45,2
,,Mus,192.437310,-71.986260,143.2665,5.550,62608,111315,4862,,10.52,-5.87,-7
,,Lup,215.040435,-43.058843,113.1222,5.550,70054,125383,5362,,-8.95,7.66,-19
,,Lup,219.079320,-46.245451,214.5923,5.550,71419,128068,5444,,-31.17,16.46,-60
,,UMi,246.431100,78.963854,42.8816,5.550,80480,149681,6173,,-113.04,104.23,-12
,,Oph,250.473705,-19.924377,42.0521,5.550,81754,150453,6202,,28.16,41.95,5
,,Ara,251.831925,-58.341441,826.4463,5.550,82171,150898,6219,,-5.77,-20.09,-53
,,Her,260.431740,39.974649,73.9645,5.550,84949,157482,6469,,5.67,-65.62,3
,,Cyg,292.830585,50.306706,141.6431,5.550,96014,184293,7427,,-30.6,45.82,-9
,,Cyg,314.581005,44.471711,79.3021,5.550,103519,199870,8035,,101.62,69.74,-23
,,PsA,345.330750,-28.853960,163.9344,5.550,113669,217484,8754,,58.42,-21.46,-25
,,Cep,348.907155,70.888080,116.2791,5.550,114831,219586,8851,,17.04,-2.27,12
,,Cas,356.757990,57.451359,492.6108,5.550,117299,223173,9010,,4.13,-7.45,-6
,11    Tri,Tri,36.865725,31.801280,85.2515,5.550,11432,15176,712,,-23.81,-28.18,-39
,12    Tau,Tau,54.963015,3.056863,114.0251,5.550,17103,22796,1115,,-36.61,8.32,21
,14    Cep,Cep,330.519060,58.000366,934.5794,5.550,108772,209481,8406,,-3.47,-1.59,-7
,15    And,And,353.656425,40.236441,80.3213,5.550,116354,221756,8947,,-17.71,-45.77,13
,15    Hya,Hya,132.893385,-7.177226,136.7989,5.550,43496,75737,3523,,-48.79,-5.34,37
,30    Aqr,Aqr,330.818580,-6.522406,93.1099,5.550,108868,209396,8401,,47.8,8.65,30
,32    Boo,Boo,220.431345,11.660662,123.6094,5.550,71837,129336,5481,,-159.52,-112.25,-23
,5    Aqr,Aqr,313.036230,-5.507059,199.2032,5.550,103005,198667,7985,,1.26,-6.2,-2
,53    Aqr,Aqr,336.642795,-16.742138,20.2020,5.550,110778,212697,8544,Gl 859B,209.77,3.96,2
,62    Ari,Ari,50.549550,27.607553,271.0027,5.550,15696,20825,1012,,4.42,-9.88,6
,65    Psc,Psc,12.471495,27.710286,88.5740,5.550,3885,4757,230,,86.54,-10.2,5
,74Psi1Psc,Psc,16.423785,21.465442,85.9107,5.550,5132,6457,311,,53.93,-12.63,-4
,83    Vir,Vir,206.124270,-16.179072,252.5253,5.550,67057,119605,5165,,12.62,-5.63,1
,86    Peg,Peg,1.424835,13.396266,114.2857,5.550,476,87,4,,42.59,-6.51,-2
,Eta Mic,Mic,316.606305,-41.385965,218.3406,5.550,104177,200702,8069,,29.24,-11.98,11
,,Cas,14.195655,60.362836,165.0165,5.560,4440,5408,266,,27.37,-4.77,-5
,,Cas,17.856420,64.202677,124.0695,5.560,5566,6960,342,,40.94,-19.3,-10
,,Eri,53.990280,-11.193782,115.8749,5.560,16780,22409,1098,,23.65,80.6,37
,,Eri,70.028355,-24.482368,107.4114,5.560,21743,29737,1495,,-69.92,17.7,-18
,,Col,82.063890,-37.230767,87.7963,5.560,25608,36187,1835,,11.9,67.75,50
,,Lep,92.393850,-14.584619,63.8162,5.560,29205,42341,2183,,-15.74,29.55,31
,,Pup,105.988920,-43.608039,16.5153,5.560,34065,53705,2667,Gl 264.1A,-102.7,388.95,86.4
,,Vel,130.072815,-53.015398,147.2754,5.560,42535,74196,3448,,-25.47,23.17,15
,,Vel,135.336930,-41.864254,131.5789,5.560,44299,77475,3600,,-18.74,14.8,21
,,Vel,138.127200,-43.613262,212.3142,5.560,45189,79416,3661,,-22.34,12.25,15
,,Vel,140.462400,-42.194860,176.0563,5.560,45924,81034,3726,,60.21,-50.28,49
,,Vel,145.926090,-53.891282,105.1525,5.560,47717,84461,3875,,-67.58,32.72,10
,,Car,147.731625,-62.745116,334.4482,5.560,48310,85656,3914,,-12.16,8.46,12
,,Cen,178.043055,-56.987741,102.8807,5.560,57870,103101,4551,,-106.9,35.13,23
,,Hya,186.715380,-32.830121,155.5210,5.560,60735,108323,4735,,-5.65,-30.09,-15
,,Cir,216.276390,-68.195333,621.1180,5.560,70492,125835,5379,,-7.96,-3.8,-22
,,Boo,230.655720,39.581463,595.2381,5.560,75257,137071,5726,,2.21,-13.77,-12
,,Her,256.575210,22.084153,104.8218,5.560,83692,154733,6364,,-97.78,-38.65,-96
,,Lyr,273.911580,42.159345,181.4882,5.560,89482,167965,6845,,-2.93,0.95,-21
,,Sgr,283.879200,-16.376635,31.7158,5.560,92882,175317,7126,,-26.33,-183.97,-42
,,Sgr,287.069595,-19.290289,396.8254,5.560,93996,178175,7249,,5.27,-1.14,-20
,,Vul,298.629480,24.319388,144.3001,5.560,97961,188485,7601,,23.52,-0.79,-8
,,Ind,337.156365,-67.489059,43.1220,5.560,110935,212728,8547,,151.41,-70.67,-17
,,Aqr,348.892740,-3.496380,71.2251,5.560,114822,219402,8840,,-12.43,-3.26,11
,,Cas,350.635530,60.133485,526.3158,5.560,115395,220369,8894,,6.83,-1.59,-12
,,Cep,351.749850,87.307504,102.1450,5.560,115746,221525,8938,,76.9,19.35,-11
,25    Eri,Eri,56.235405,-0.296720,120.9190,5.560,17506,23413,1150,,60.54,-1.86,71
,27    Cnc,Cnc,126.683085,12.654612,276.2431,5.560,41400,71250,3319,,-17.37,-103.01,-7
,33    Hya,Hya,143.636040,-5.914948,173.6111,5.560,46982,82870,3814,,10.79,-58.3,13
,5    Eri,Eri,44.921505,-2.464952,111.1111,5.560,13951,18633,899,,-4.56,-20.82,18
,59    UMa,UMa,174.585840,43.625429,46.4900,5.560,56770,101107,4477,,-146.17,-34.98,2
,64    Ser,Ser,284.319120,2.535346,348.4321,5.560,93051,175869,7158,,-4.7,-12.53,-10
,67    Peg,Peg,351.211800,32.384882,145.1379,5.560,115591,220599,8903,,16.51,2.76,18
,79Psi2Psc,Psc,16.988160,20.739113,47.3037,5.560,5310,6695,328,,85.43,-85.81,-2
,83    Her,Her,265.618185,24.564058,124.3781,5.560,86667,161074,6602,,-55.19,-103.84,-27
,96    Aqr,Aqr,349.849905,-5.124352,34.1647,5.560,115142,219877,8868,,200.98,-20.42,-9
,Kap Oct,Oct,205.233855,-85.786043,83.7521,5.560,66753,117374,5084,,-87.65,-21.03,-9
,Pi 1Dor,Dor,95.659350,-69.984043,189.7533,5.560,30321,45669,2352,,25.96,34.75,16
,,Phe,8.615610,-52.373090,25.4842,5.570,2711,3158,140,Gl 22.2,227.8,38.21,34.8
,,Cet,9.335895,-24.767267,15.4012,5.570,2941,3443,159,Gl 25A,1422.09,-17.15,18.6
,,Cet,12.004440,-21.722492,105.1525,5.570,3741,4622,220,,24.99,-7.23,21
,,Phe,29.911770,-42.030532,89.9281,5.570,9313,12296,588,,-50.58,-99.76,27
,,Eri,52.400115,-12.674737,128.2051,5.570,16263,21688,1062,,7.74,4.95,15
,,Aur,72.303525,31.437375,65.8328,5.570,22393,30454,1529,,16.81,-102.84,23
,,Gem,98.400690,14.155163,77.0416,5.570,31277,46374,2391,,-14.27,-87.02,-12
,,Car,117.277995,-56.410360,334.4482,5.570,38152,64067,3062,,-6.58,10.2,22
,,Leo,144.178545,31.161734,175.4386,5.570,47168,83069,3820,,2.3,-43.74,-20
,,Vir,197.135280,-8.984385,97.0874,5.570,64122,114113,4957,,-36.21,-64.19,16
,,Boo,204.894240,10.746269,59.9880,5.570,66640,118889,5138,,-113.44,-13.38,-18
,,Cen,215.582175,-34.786792,420.1681,5.570,70243,125745,5376,,-26.28,-0.33,-37
,,Ser,236.347845,5.447315,113.3787,5.570,77163,140775,5859,,27.17,-3.19,-10
,,Ara,250.335060,-48.762957,100000.0000,5.570,81702,150136,6187,,-1.14,5.49,23
,,Oph,262.838895,2.724507,111.6071,5.570,85749,158837,6524,,-19.25,19.22,-29
,,Her,272.495805,36.466284,120.7729,5.570,89008,166640,6807,,13.14,11.2,-26
,,Aql,292.342305,14.596019,91.7431,5.570,95822,183492,7407,,50.77,-23.72,-40
,,Gru,323.348010,-44.848700,200.4008,5.570,106429,204960,8236,,-18.92,-2.29,11
,,Gru,327.065445,-47.303615,15.9949,5.570,107649,207129,8323,Gl 838,165.64,-295,-6.5
,,Cyg,330.736110,44.649863,151.0574,5.570,108845,209515,8407,,-21.46,-32.32,-1
,,Cas,348.316470,57.168355,6.5462,5.570,114622,219134,8832,Gl 892,2074.37,294.97,-18.2
,,Cas,359.285340,55.705705,70.9723,5.570,118077,224355,9059,,-20.44,-12.22,13
,10    Cas,Cas,1.610550,64.196168,265.9574,5.570,531,144,7,,9.7,0.01,-0.4
,13    Del,Del,311.951385,6.008209,131.4060,5.570,102633,198069,7953,,8.81,-13.01,-7
,21    Ari,Ari,33.928260,25.043043,51.0725,5.570,10535,13872,657,,-88.69,-87.16,-44
,24    Oph,Oph,254.200155,-23.150346,93.1099,5.570,82925,152849,6291,,-2.29,-9.89,-26
,31    Vir,Vir,190.487985,6.806617,71.5308,5.570,61968,110423,4829,,-71.67,-11.15,4
,32    Cas,Cas,17.922435,65.018854,119.0476,5.570,5589,6972,345,,23.85,-12.92,-2
,34    LMi,LMi,158.378805,34.988695,209.6436,5.570,51685,91365,4137,,-28.7,-3.08,7
,42    UMa,UMa,162.848910,59.320119,83.5422,5.570,53064,93875,4236,,-29.73,-51.2,-17
,43    Cas,Cas,25.585320,68.043021,119.1895,5.570,7965,10221,478,,53.08,-10.34,5
,48Lam Cap,Cap,326.633745,-11.365954,86.3558,5.570,107517,207052,8319,,30.36,-9.25,1
,50    Sgr,Sgr,291.579810,-21.776693,132.2751,5.570,95564,182629,7375,,36.16,-4.55,-20
,6    UMa,UMa,134.156115,64.603831,94.0734,5.570,43903,75958,3531,,-32.93,-81.88,3
,63    And,And,35.242485,50.151466,120.3369,5.570,10944,14392,682,,38.84,-31.23,-2
,81Psi3Psc,Psc,17.455005,19.658408,115.4734,5.570,5454,6903,339,,-4.65,9.34,-8
,87    Peg,Peg,2.260080,18.211963,87.4126,5.570,729,448,22,,140.93,-25.57,-23
,Del Ant,Ant,157.397415,-30.607065,133.1558,5.570,51376,90972,4118,,-29.27,2.44,14
,Iot2Nor,Nor,242.327310,-57.934318,85.8369,5.570,79153,144480,5994,,-13.19,-59.65,
,Pi 1Hyi,Hyi,33.560490,-67.841441,238.0952,5.570,10418,14141,667,,25.19,45.66,26
,Rho Oct,Oct,235.817415,-84.465273,66.1376,5.570,76996,137333,5729,,137.01,96.74,-11
Stephanos,9Pi  CrB,CrB,235.997100,32.515807,74.6269,5.570,77048,140716,5855,,-28.8,-8.69,-4
,,Cas,0.404235,61.222801,943.3962,5.580,124,224893,9085,,-2.8,-1.34,-23
,,Cas,6.065220,52.019914,306.7485,5.580,1921,1976,91,,13.7,-4.4,-7
,,Cet,24.715770,-21.275384,77.2798,5.580,7679,10148,473,,129.52,37.13,14
,,Per,52.218000,49.848384,160.7717,5.580,16210,21362,1037,,22.51,-25.55,-2
,,Car,97.826160,-51.825953,36.9140,5.580,31079,46569,2400,,102.5,104.6,16
,,CMa,108.713190,-27.037996,83.3333,5.580,35044,56160,2750,,-40.79,-29.65,15
,,Lyn,115.301730,48.131533,96.3391,5.580,37441,61363,2939,,-52.69,-130.99,40
,,Pup,125.338425,-20.079058,173.9130,5.580,40944,70442,3279,,-2.58,-18.81,-8
,,Vel,146.626560,-44.755060,305.8104,5.580,47963,84816,3886,,-13.12,-0.43,-4
,,Vel,156.703860,-54.877302,621.1180,5.580,51140,90677,4107,,-13.71,5.01,6
,,Hya,157.370745,-29.663832,110.1322,5.580,51364,90957,4117,,-59.71,8.85,-5
,,Car,166.707990,-70.877930,252.5253,5.580,54327,96706,4329,,-22.57,3.3,7
,,Crv,188.392740,-12.830203,49.3583,5.580,61296,109272,4779,,-16.99,51.63,-16
,,Vir,195.942120,-20.583497,28.2087,5.580,63738,113415,4935,Gl 496A,142.13,5.14,26.7
,,Sco,268.347795,-34.895125,252.5253,5.580,87569,162587,6658,,2.38,-6.15,-7
,,Pav,273.919335,-63.055366,90.3342,5.580,89487,166599,6805,,-35.71,-23.95,-7
,,Aql,283.864350,6.615290,88.2613,5.580,92872,175515,7135,,6.02,-88.83,23
,,Aql,288.833715,15.083651,212.3142,5.580,94624,180262,7300,,1.04,-11.17,-25
,,Cyg,305.522340,45.794994,124.2236,5.580,100437,194152,7798,,25.06,39.7,-22
,,Peg,320.268255,23.855966,82.9187,5.580,105411,203344,8165,,243.57,-120.04,-89
,,PsA,333.435120,-25.180905,77.3994,5.580,109737,210848,8470,,71.18,8.36,-28
,,Cas,349.176075,53.213476,20.5044,5.580,114924,219623,8853,GJ 4324,111.7,-236.29,-25.3
,11Del1Lyr,Lyr,283.431495,36.971721,303.9514,5.580,92728,175426,7131,,1.49,-2.6,-26
,18    Sgr,Sgr,276.255990,-30.756570,196.0784,5.580,90260,169233,6888,,-127.97,-69.59,-19
,22Phi1Cnc,Cnc,126.615450,27.893583,114.4165,5.580,41377,71093,3304,,-34.48,-114.89,24
,22The Ari,Ari,34.531410,19.901164,137.1742,5.580,10732,14191,669,,-16.07,0.9,6
,24    Boo,Boo,217.157955,49.844851,100.0000,5.580,70791,127243,5420,,-304.53,-46.36,-6
,27Pi 1Peg,Peg,332.306835,33.172337,88.4956,5.580,109352,210354,8449,,-60,-65.86,-6
,28    Cet,Cet,16.521450,-9.839354,180.8318,5.580,5164,6530,317,,30.98,5.89,11
,36    Cyg,Cyg,304.619370,36.999803,62.5000,5.580,100108,193369,7769,,40.35,20.06,-8
,46Rho3Ari,Ari,44.108940,18.023119,35.3482,5.580,13702,18256,869,,281.23,-218.84,15
,57    Tau,Tau,64.990425,14.035201,45.7038,5.580,20219,27397,1351,,115.42,-19.91,42
,6    Vir,Vir,178.763055,8.443943,52.5762,5.580,58110,103484,4559,,-30.47,15.53,-10
,63    Peg,Peg,350.206455,30.414921,128.7001,5.580,115271,220088,8882,,77.44,-68.83,-19
,70    Gem,Gem,114.636900,35.048550,114.0251,5.580,37204,60986,2924,,37.26,27.28,-36
,80    Tau,Tau,67.535820,15.637840,45.8295,5.580,20995,28485,1422,,107.59,-23.92,30
,81    Leo,Leo,171.401565,16.456539,43.9174,5.580,55765,99285,4408,,-141.15,-4.89,18
,Iot Pic,Pic,72.730590,-53.461508,41.5628,5.580,22531,31203,1563,,-79.08,87.79,16
,,Tuc,1.171965,-71.436891,175.4386,5.590,377,225253,9108,,30,-13.62,-3
,,Cas,7.921575,52.839526,116.8224,5.590,2497,2774,124,,-55.33,-13.14,-52
,,Cet,12.356730,-13.561274,85.1064,5.590,3849,4730,227,,103.34,-105.83,4
,,Cep,13.720005,83.707435,87.7193,5.590,4283,4853,240,,62,-10.71,12
,,Cas,43.986780,61.521138,26.7094,5.590,13665,17948,860,GJ 3188,145.07,30.84,29.2
,,Eri,55.890975,-10.485661,42.4268,5.590,17395,23281,1139,,-7.97,-20.23,16
,,Eri,61.405920,-27.651807,45.0450,5.590,19095,25945,1275,GJ 9143,200.52,94.21,63.3
,,Dor,69.190155,-62.077154,54.6150,5.590,21479,29712,1492,,-68.46,-71.22,26
,,Col,98.850915,-36.779879,156.2500,5.590,31457,47144,2424,,-8.31,20.82,23
,,CMa,104.649585,-25.414157,264.5503,5.590,33575,52018,2616,,-6.65,5.27,28
,,CMa,110.242860,-14.360489,184.8429,5.590,35615,57478,2796,,-10.5,-0.35,13
,,Car,119.444190,-60.303072,16.2048,5.590,38908,65907,3138,Gl 294A,518.38,118.86,14.1
,,Pup,124.572480,-35.451703,126.2626,5.590,40678,70002,3266,,11.4,1.01,-9
,,Car,132.902175,-57.633577,226.2443,5.590,43499,76113,3536,,-15.29,15.56,8
,,Hya,151.789575,-17.141733,117.2333,5.590,49569,87808,3977,,15.41,-56.22,11
,,Vel,153.881505,-43.112369,155.5210,5.590,50241,89062,4036,,22.4,-52.68,18
,,Hya,157.749330,-13.588470,160.2564,5.590,51491,91120,4123,,-33.59,-0.81,13
,,Cru,179.416770,-62.448748,187.2659,5.590,58326,103884,4573,,-24.01,-5.19,20
,,Cru,179.698605,-64.339560,100000.0000,5.590,58427,104035,4578,,-5.98,-1.53,2
,,UMa,180.414525,36.042086,102.7749,5.590,58654,104438,4593,,-82.19,-78.75,30
,,Cen,196.646145,-41.588443,105.5966,5.590,63972,113778,4941,,44.26,-14.59,2
,,Aps,223.306455,-73.190071,101.0101,5.590,72833,130458,5520,,18.33,34.31,38
,,Lup,229.734915,-40.788222,167.7852,5.590,74950,135876,5687,,-19.36,-21.78,11
,,Sgr,289.916640,-35.421452,276.2431,5.590,94986,180885,7316,,7.04,-11.14,2
,,Sgr,290.158950,-22.402535,55.3710,5.590,95077,181240,7327,,-10.44,27.94,-6
,,Tel,293.340105,-45.271748,121.6545,5.590,96178,183806,7416,,-16.24,-24.46,-8
,,Dra,305.024970,68.880317,205.3388,5.590,100261,194258,7804,,18.02,26.44,-43
,,Cyg,314.625135,50.461791,331.1258,5.590,103530,199955,8040,,9.8,3.44,-21
,,Cyg,321.331245,46.714341,33.4672,5.590,105769,204153,8208,,188.61,48.2,1
,,Scl,359.866230,-29.485168,226.2443,5.590,118277,224630,9073,,-7.86,-5.98,-5
,22    Aql,Aql,289.129305,4.834795,164.4737,5.590,94727,180482,7303,,14.77,-10.42,-23
,22    Psc,Psc,357.990990,2.930384,229.3578,5.590,117683,223719,9033,,14.69,-14.42,0.4
,27    Vul,Vul,309.269460,26.461947,97.3710,5.590,101716,196504,7880,,16.27,-11.39,-22
,4    Cep,Cep,310.795830,66.657447,42.7899,5.590,102253,197950,7945,,25.11,34.71,-11
,47    Boo,Boo,226.357725,48.150972,84.1043,5.590,73841,133962,5627,,-65.26,29.71,-13
,53    Cas,Cas,30.750780,64.390018,537.6344,5.590,9573,12301,589,,-0.98,-1.95,-20
,8Del2CMi,CMi,113.298615,3.290379,41.7537,5.590,36723,60111,2887,,-15.73,42.84,1
,Eps Pyx,Pyx,137.485050,-30.365401,64.9773,5.590,45001,78922,3644,,-2.15,-48.86,-8
,Xi  Scl,Scl,15.326100,-38.916527,157.4803,5.590,4770,6055,288,,66.98,49.92,-31
,Xi 2Lup,Lup,239.225490,-33.964281,46.0617,5.590,78106,142630,5926,,20.26,-49.68,-12
,,Cep,18.069015,79.673963,82.8500,5.600,5626,6798,333,,95.83,-4.91,18
,,Cet,34.506000,1.757802,24.3546,5.600,10723,14214,672,,365.99,371.16,27
,,Per,56.130930,36.460103,90.5797,5.600,17460,23193,1133,,48.24,-41.44,22
,,Lep,77.845290,-11.849089,149.0313,5.600,24169,33664,1693,,31.76,56.93,46
,,Ori,81.257265,-10.328887,133.8688,5.600,25329,35536,1799,,3.16,-17.09,57
,,Ori,83.805165,10.240093,343.6426,5.600,26215,36881,1883,,1.45,-3.76,35
,,Tau,87.742125,27.967861,107.0664,5.600,27629,39004,2013,,-3.08,11.56,8
,,Mon,98.096370,-5.868820,41.8410,5.600,31167,46304,2386,,-0.87,-41.78,-21
,,Car,101.827950,-55.539988,184.5018,5.600,32531,49877,2526,,-0.86,25.08,35
,,CMa,111.783285,-17.864861,92.3361,5.600,36186,58954,2853,,-3.27,1.56,-29
,,Mon,112.327785,-1.905329,684.9315,5.600,36388,59311,2865,,-11.58,-9,-5
,,Pup,115.799940,-36.050089,191.9386,5.600,37623,62578,2994,,-21.14,14.17,-1
,,Mon,117.544065,-9.183441,367.6471,5.600,38253,63752,3047,,0.02,0.1,-7
,,Sex,156.434460,-7.059829,121.6545,5.600,51046,90362,4092,,-135.2,129,32
,,Her,251.343825,15.745289,139.0821,5.600,82028,151203,6227,,24.04,-50.64,-19
,,Sco,258.830190,-33.548420,100000.0000,5.600,84401,155806,6397,,0.1,-2.98,4
,,Cyg,297.996120,47.027339,100000.0000,5.600,97757,188209,7589,,-2.76,-3.99,-6
,,Cyg,311.955375,47.831869,179.8561,5.600,102635,198345,7969,,-8.68,-17.58,-30
,,Cyg,317.162025,30.205637,115.7407,5.600,104371,201433,8094,,25.35,-20.78,-26
,,Scl,347.087790,-28.823697,82.4402,5.600,114254,218434,8802,,-43.24,-52.69,19
,,Tuc,351.330930,-56.848985,89.0472,5.600,115620,220572,8901,,85.19,-20.73,-19
,,Cep,351.818700,70.359782,65.3595,5.600,115770,220974,8918,,120.97,-4.43,-3
,,Cet,39.891945,-11.871068,27.0343,5.600,,,,Gl 105.4B,141.88,-229.72,16.8
,,Ant,146.049045,-27.769033,117.7856,5.600,,,,Gl 366.1B,-42.77,25.9,
,137    Tau,Tau,88.092885,14.171787,130.0390,5.600,27743,39317,2033,,-17.46,-2.88,-4
,16    Lac,Lac,344.098455,41.603876,390.6250,5.600,113281,216916,8725,,-0.99,-4.25,-7
,19    Hya,Hya,137.175750,-8.589524,188.3239,5.600,44883,78556,3630,,-21.2,-4.42,23
,2    Hya,Hya,126.613365,-3.987479,50.0250,5.600,41375,71297,3321,,-34.28,-73.76,27
,23    CVn,CVn,200.079000,40.150548,156.0062,5.600,65072,116010,5032,,-57.97,-3.29,-21
,28    Aqr,Aqr,330.270900,0.604715,219.2982,5.600,108691,209128,8390,,7.14,-11.6,7
,28    Hya,Hya,141.350145,-5.117394,275.4821,5.600,46221,81420,3738,,-11.68,-6.14,5
,3    Cnc,Cnc,120.197115,17.308703,243.3090,5.600,39177,65759,3128,,-10.34,-2.73,41
,35    Ori,Ori,83.476185,14.305578,136.7989,5.600,26093,36653,1864,,-1.96,-5.74,19
,36    Peg,Peg,337.283265,9.129034,182.8154,5.600,110986,213119,8562,,51.63,-20.51,-30
,47    And,And,20.919180,37.714943,63.8570,5.600,6514,8374,395,,81.77,-19.64,13
,5    Com,Com,183.038715,20.542064,130.3781,5.600,59501,106057,4643,,-14.21,-17.24,-25
,5    Vul,Vul,291.555195,20.097733,72.8863,5.600,95560,182919,7390,,3.36,-36.13,-21
,58    Aql,Aql,298.686660,0.273627,113.8952,5.600,97980,188350,7596,,42.37,-13.2,-50
,81    UMa,UMa,203.530470,55.348434,91.5751,5.600,66198,118214,5109,,-18.71,-6.64,-7
,Eta2CrA,CrA,282.395820,-43.434102,147.7105,5.600,92382,173861,7068,,-2.88,-25.39,-23
,Kap1Sgr,Sgr,305.614575,-42.049548,66.1376,5.600,100469,193571,7779,,32.94,-81.98,-12
,Nu  Pic,Pic,95.732685,-56.369969,48.2625,5.600,30342,45229,2320,,-40.24,-20.04,7
,,Cet,5.442795,-20.058024,270.2703,5.610,1728,1760,85,,62.63,-12.77,29
,,Cet,30.918705,-4.103516,166.1130,5.610,9622,12642,611,,6.62,-62.67,25
,,Ari,48.835155,30.556689,159.7444,5.610,15154,20149,971,,-16.56,6.01,-3
,,Eri,59.875545,-12.574425,225.2252,5.610,18647,25165,1235,,-1.4,-38.11,-5
,,Eri,67.278855,-13.048370,465.1163,5.610,20922,28497,1423,,0.3,-0.95,22
,,Lep,75.971955,-24.388151,58.1734,5.610,23554,32667,1645,,25.69,-38.42,7
,,CMa,95.982990,-25.577629,310.5590,5.610,30436,45018,2311,,3.57,-40.92,34
,,Pup,117.397530,-33.288950,232.5581,5.610,38200,63852,3052,,-37.43,1.79,33
,,Pyx,127.619220,-32.159285,323.6246,5.610,41723,72227,3362,,-12.67,0.97,19
,,Vel,140.458635,-55.514686,81.1688,5.610,45920,81157,3732,,-64.28,76.25,59
,,Ant,162.487590,-34.058183,132.4503,5.610,52965,93905,4238,,-40.12,6.99,-12
,,Cen,204.952320,-40.051708,152.2070,5.610,66656,118799,5136,,-47.42,-54.98,1
,,CVn,207.161400,31.190206,87.1840,5.610,67384,120420,5195,,-4.49,37.76,11
,,Cen,213.677865,-41.837495,136.6120,5.610,69598,124433,5318,,-129.08,-19.27,-38
,,Lup,236.684250,-34.682454,117.9245,5.610,77286,140784,5860,,-19.83,-26.63,5
,,CrB,239.740455,36.643773,234.1920,5.610,78276,143435,5957,,25.2,27.65,11
,,Nor,243.957510,-57.912350,129.7017,5.610,79689,145782,6040,,-12.12,-49.86,-15
,,Her,247.946790,45.598281,69.3001,5.610,80953,149303,6162,,-7.89,39.89,-16
,,Oph,263.374350,-5.744803,48.1000,5.610,85922,159170,6534,,-42.2,-95.38,-26
,,Her,266.783520,17.697014,143.0615,5.610,87044,161833,6627,,11.07,-11.19,3
,,Cep,342.844020,61.696740,72.7273,5.610,112864,216380,8696,,97.14,41.95,2
,1    Hya,Hya,126.145890,-3.751240,26.6170,5.610,41211,70958,3297,Gl 306,-211,-25.83,73
,108    Her,Her,275.237370,29.858925,56.1798,5.610,89925,168913,6876,,0.69,54.1,-20
,20    Peg,Peg,330.272280,13.119823,77.2201,5.610,108693,209166,8392,,57.6,-56.74,7
,43    Lyn,Lyn,145.501470,39.757851,106.4963,5.610,47570,83805,3851,,-49.55,-48.31,30
,44    Leo,Leo,156.313305,8.784845,314.4654,5.610,51008,90254,4088,,10.54,-38.65,-20
,55    Hya,Hya,221.843985,-25.624267,227.7904,5.610,72323,130158,5514,,-7.84,-13.85,-18
,Zet Men,Men,100.012110,-80.813593,126.9036,5.610,31897,50506,2559,,-5.08,53.37,7
Cor Caroli B,12Alp1CVn,CVn,194.002020,38.314912,36.9004,5.610,63121,112412,4914,,-203.89,88.34,-3
,,Cep,53.082300,84.911040,103.0928,5.620,16489,20084,965,,62.36,-133.04,33
,,Eri,61.094655,-12.792295,117.9245,5.620,19011,25723,1265,,15.85,17.95,32
,,Cam,85.610205,65.697649,83.6120,5.620,26882,37289,1916,,-0.27,-21.48,-19
,,Col,88.138245,-37.631063,98.7167,5.620,27766,39720,2053,,30.75,-29.76,32
,,Lep,88.681785,-11.774192,203.2520,5.620,27938,39853,2065,,75.57,28.25,86
,,Ori,93.892770,-0.512189,37.1885,5.620,29716,43318,2233,,-158.04,-218.33,-37
,,Col,96.004215,-36.707764,101.5228,5.620,30444,45145,2316,,-12.79,54.66,53
,,CMa,98.647215,-32.716255,161.2903,5.620,31362,46936,2415,,3.18,2.7,28
,,CMa,101.379960,-30.948980,581.3953,5.620,32385,49131,2501,,-3.11,4.2,7
,,Pup,116.142375,-24.674079,793.6508,5.620,37751,62747,3004,,-4.27,5.23,15
,,Pup,117.929280,-21.173662,93.7207,5.620,38375,64152,3068,,-45.76,33.27,32
,,Car,118.722300,-57.302806,103.4126,5.620,38656,65273,3105,,-69.25,31.64,26
,,Ant,144.291195,-32.178646,85.7633,5.620,47199,83380,3833,,31.48,-13.87,-3
,,Vel,147.832215,-46.193871,99.1080,5.620,48348,85563,3910,,-49.65,33.82,18
,,Vir,177.759300,-5.333332,91.4077,5.620,57791,102928,4544,,0.88,0.86,12
,,Lup,224.133585,-47.879198,169.2047,5.620,73111,131657,5559,,-29.91,-22.46,15
,,CrB,242.950230,36.425094,207.0393,5.620,79358,145849,6046,,-8.89,-28,-31
,,Ara,250.417605,-49.651552,671.1409,5.620,81733,150168,6188,,-2.79,-2.74,6
,,Her,268.961715,22.464221,133.3333,5.620,87777,163547,6687,,-2.11,-0.17,-44
,,Her,278.876655,23.605530,144.3001,5.620,91139,171745,6980,,3.31,0.73,16
,,Dra,284.107215,65.258084,96.1538,5.620,92969,176598,7187,,-15.79,-28.94,-5
,,Cyg,301.150725,32.218598,100000.0000,5.620,98863,190603,7678,,-2.8,-11.12,21
,,Ind,327.500535,-64.712537,103.6269,5.620,107773,207229,8331,,-3.6,-38.31,-1
,15    Cnc,Cnc,123.286950,29.656536,209.6436,5.620,40240,68351,3215,,-10.39,-20.48,20
,23Phi4Cet,Cet,14.682780,-11.379975,98.0392,5.620,4587,5722,279,,-33.16,-15.02,-19
,32    Tau,Tau,59.216970,22.477971,42.3370,5.620,18471,24740,1218,,69.43,-114.82,32
,4    Ser,Ser,228.954495,0.372139,46.1467,5.620,74689,135559,5679,,-107.26,12.83,-12
,45    Cnc,Cnc,130.801365,12.680876,284.0909,5.620,42795,74228,3450,,-9.98,2.1,-13
,49    Cet,Cet,23.657400,-15.676359,59.3824,5.620,7345,9672,451,,94.7,-2.67,9
,93    Cet,Cet,45.593820,4.352884,168.6341,5.620,14143,18883,910,,16.7,5.64,12
,95    Cet,Cet,49.593435,-0.930288,67.1592,5.620,15383,20559,992,,251.68,-60.59,20
,Kap2Ind,Ind,331.462440,-59.636072,150.6024,5.620,109081,209529,8409,,56.46,-53.57,-11
,Pi 2Gru,Gru,335.783025,-45.928488,40.0000,5.620,110506,212132,8524,,233.33,-57.92,20
,Ups Gru,Gru,346.723410,-38.892293,87.3362,5.620,114132,218242,8790,,33.56,5.78,16
,,And,25.165110,43.297687,69.5894,5.630,7825,10204,476,,111.06,-31.65,17
,,Tri,25.514520,35.245707,84.2460,5.630,7943,10390,490,,49.41,-24.67,-2
,,Cas,26.935020,63.852501,10.0675,5.630,8362,10780,511,Gl 75,582.05,-246.83,4
,,For,49.895445,-24.122902,299.4012,5.630,15479,20729,1004,,5.94,-22.68,15
,,Mon,106.021860,-5.323979,380.2281,5.630,34086,53208,2655,,-3.57,-3.2,40
,,Cam,112.719570,68.465621,137.5516,5.630,36528,58425,2830,,-2.22,-43.68,56
,,Ant,160.679955,-32.715673,187.2659,5.630,52407,92845,4194,,-30.95,-0.12,4
,,UMa,173.770425,54.785419,134.5895,5.630,56510,100615,4457,,10.66,18.02,18
,,Crv,187.572690,-23.696419,301.2048,5.630,61015,108821,4759,,-25.36,0.7,-11
,,Cen,196.726035,-35.862033,76.8049,5.630,64003,113852,4947,,34.8,-86.36,16
,,Cen,204.301200,-61.691856,35.7270,5.630,66438,118261,5113,,149.75,-116.81,40
,,UMi,222.582210,82.511944,43.2900,5.630,72573,133002,5596,GJ 3876,177.66,-223.33,-44
,,Boo,224.095860,49.628449,25.1067,5.630,73100,132254,5581,GJ 3880,110.79,-226.45,-16
,,Oph,256.384410,-0.892070,342.4658,5.630,83635,154445,6353,,4.34,-1.91,16
,,Her,262.730715,31.158139,120.9190,5.630,85715,158974,6528,,3.81,15.59,-26
,,CrA,277.112970,-38.995671,126.1034,5.630,90541,169853,6910,,-0.21,-41.67,-21
,,Sgr,277.549425,-18.728794,90.1713,5.630,90687,170433,6933,,33.67,-90.48,-1
,,Sgr,285.615330,-24.846826,78.9889,5.630,93498,176704,7195,,-22.9,-177.32,2
,,Lyr,286.241115,31.744072,189.7533,5.630,93718,177808,7237,,75.55,-76.41,6
,,Aql,298.328070,-3.114464,80.1282,5.630,97871,188041,7575,,21.64,13.62,-20
,,Cap,320.752050,-22.669048,237.5297,5.630,105576,203475,8172,,36.82,0.39,-7
,,Tuc,351.812355,-58.476110,96.3391,5.630,115769,220790,8909,,52.45,69.25,-11
,11    Peg,Peg,326.808180,2.686124,174.5201,5.630,107575,207203,8328,,6.28,-2.83,17
,2    Boo,Boo,205.259790,22.495768,102.9866,5.630,66763,119126,5149,,-15.28,-26.28,5
,28    Her,Her,248.148690,5.521220,118.3432,5.630,81007,149121,6158,,15.55,-0.41,-27
,29    Lyn,Lyn,124.460070,59.571133,91.8274,5.630,40646,68930,3235,,-4.22,1.85,-15
,3    Equ,Equ,316.144380,5.502862,235.8491,5.630,104031,200644,8066,,14.15,0.49,-16
,3Pi 1UMa,UMa,129.798855,65.020907,14.3554,5.630,42438,72905,3391,Gl 311,-27.73,87.9,-12.7
,4    Sco,Sco,238.875345,-26.265993,125.1564,5.630,77984,142445,5917,,-34.96,-29.93,-29
,40    Cyg,Cyg,306.892755,38.440332,81.4332,5.630,100907,195050,7826,,-22.98,-78.6,0.4
,45    Ser,Ser,241.906410,9.891743,99.0099,5.630,79007,144874,6004,,-20.84,-7.13,-28
,49    Cnc,Cnc,131.187660,10.081670,129.7017,5.630,42917,74521,3465,,-13.55,-17.39,24
,66    Ori,Ori,91.243170,4.158671,100000.0000,5.630,28814,41380,2145,,0.28,-2.38,33
,73    Peg,Peg,353.659185,33.497328,88.9680,5.630,116355,221758,8948,,-4.54,21.66,-3
,Kap2Vol,Vol,125.002290,-71.505377,128.3697,5.630,40834,71066,3302,,-17.73,35.09,-6
Alrakis,21Mu  Dra,Dra,256.330710,54.469093,23.2558,5.630,,154906,6370,GJ 9584A,-76,79.53,-14.3
,,Ari,46.598685,13.187250,96.0615,5.640,14439,19270,931,,-3.31,-62.68,-15
,,Aur,72.788910,48.740685,97.1817,5.640,22545,30557,1535,,-43,-30.3,29
,,Cam,80.094225,62.653711,628.9308,5.640,24914,34255,1720,,-3,-2.34,-6
,,Lep,81.118710,-16.975781,68.2594,5.640,25280,35505,1792,,34.67,-15.86,22
,,CMa,105.274770,-25.215634,312.5000,5.640,33804,52670,2640,,-4.58,4.65,6
,,Pup,109.064475,-46.774533,230.4147,5.640,35181,56813,2771,,1.64,32.07,20
,,Pup,113.331510,-19.412525,83.6120,5.640,36732,60341,2899,,24.1,-70.23,16
,,Pup,115.700640,-26.351326,96.8054,5.640,37590,62412,2988,,-2.51,-29.55,-18
,,Hya,135.491610,-0.482673,150.3759,5.640,44356,77353,3596,,-46.67,69.24,73
,,Cen,173.200395,-40.436194,171.2329,5.640,56319,100378,4447,,-74.9,58.55,3
,,Cen,173.805450,-47.372580,221.2389,5.640,56518,100733,4463,,-87.27,-7.7,18
,,CVn,196.467795,45.268550,132.6260,5.640,63916,113847,4945,,-14.53,24.63,-20
,,Vir,198.630345,11.331656,146.6276,5.640,64607,115046,4998,,68.52,-52.81,12
,,Sco,251.177475,-40.839675,163.6661,5.640,81972,150742,6214,,-11.52,-21.63,12
,,Ara,255.026175,-54.597179,51.8135,5.640,83187,153053,6297,,-7.69,-73.04,-20
,,Oph,276.411660,8.032006,241.5459,5.640,90313,169689,6902,,-4.24,-7.39,-8
,,Lyr,283.555200,27.909528,111.3586,5.640,92768,175443,7132,,-7.54,-71.21,15
,,Cep,317.950995,59.986610,100000.0000,5.640,104642,202214,8119,,-2.9,-3.58,-16
,,Mic,321.595200,-37.829429,80.8407,5.640,105854,203949,8200,,167.05,-10.91,-76
,,Tuc,349.239885,-62.001198,20.5381,5.640,114948,219482,8843,GJ 1282,176,-26.12,-1.8
,10    Ari,Ari,30.913905,25.935471,48.7092,5.640,9621,12558,605,,125.66,9.27,16
,15    Leo,Leo,145.888590,29.974473,49.0196,5.640,47701,84107,3861,,-16.87,-103.45,16
,18    Sex,Sex,152.732760,-8.418462,145.1379,5.640,49865,88333,3996,,-0.12,-45.43,0.2
,21    Cas,Cas,11.412930,74.988073,93.0233,5.640,3572,4161,192,,-14.93,-21.86,9
,31    Ari,Ari,39.157965,12.447639,34.7343,5.640,12153,16234,763,,279.53,-85.4,7
,32Zet1Lib,Lib,232.064205,-16.716484,240.3846,5.640,75730,137744,5743,,16.66,-33.36,-21
,38    Peg,Peg,337.507545,32.572638,110.4972,5.640,111068,213323,8574,,30.94,-14.03,-16
,40    Boo,Boo,224.903970,39.265333,51.4933,5.640,73369,132772,5588,,-31.53,41.85,12
,45    Aql,Aql,295.180500,-0.621233,107.9914,5.640,96807,185762,7480,,12.59,24.51,-46
,51    Sgr,Sgr,294.006885,-24.719081,90.2527,5.640,96406,184552,7431,,6.08,-26.37,-31
,51    Tau,Tau,64.596660,21.579297,54.0541,5.640,20087,27176,1331,,96.42,-33.92,35
,63    Tau,Tau,65.854410,16.777260,49.9002,5.640,20484,27749,1376,,105.09,-27.62,35
,64    Cet,Cet,32.837835,8.569805,40.7166,5.640,10212,13421,635,,-141.2,-114.26,-18
,72    Psc,Psc,16.272315,14.946133,54.5852,5.640,5081,6397,308,,6.94,53.33,4
,Kap2Aps,Aps,235.088970,-73.446685,239.2344,5.640,76750,138800,5782,,-12.76,-20.73,-19
,Kap2Sgr,Sgr,305.971590,-42.422868,95.5110,5.640,100591,193807,7787,,-11.08,14.99,3
,Pi  Cha,Cha,174.316110,-75.896544,41.5110,5.640,56675,101132,4479,,-128.21,-1.21,-10
,,Per,57.518460,44.967856,114.6789,5.650,17932,23838,1176,,-37.8,-26.82,14
,,Lep,74.755695,-16.376027,40.4694,5.650,23166,31925,1604,,-121.61,127.52,30
,,Pic,90.204915,-51.216319,65.1890,5.650,28484,41214,2138,,-29.72,95.95,5
,,Col,91.084440,-32.172430,308.6420,5.650,28756,41534,2149,,-15.62,120.75,93
,,CMa,103.328400,-19.032763,95.5110,5.650,33077,50644,2565,,-48.87,6.49,30
,,CMa,111.747840,-23.086023,383.1418,5.650,36168,58978,2855,,-6.65,4.04,25
,,CMi,120.307875,4.879824,94.4287,5.650,39213,65900,3136,,-32.14,18.55,46
,,Sex,146.598375,1.785586,80.5802,5.650,47960,84607,3879,,-54.69,-41.2,15
,,Crt,163.574070,-13.758036,151.0574,5.650,53316,94481,4255,,-6.35,9.53,5
,,Hya,192.109455,-27.597384,98.2318,5.650,62500,111295,4860,,-152.82,-63.33,-10
,,Mus,201.459855,-70.627248,136.0544,5.650,65522,116458,5049,,-55.5,1.05,8
,,Boo,230.021445,51.958515,67.6590,5.650,75043,136729,5715,,10.88,11.28,8
,,Cir,230.793975,-60.657176,40.3388,5.650,75308,136359,5700,,-81.96,-27.74,6
,,UMi,234.413250,69.283344,235.2941,5.650,76519,140227,5844,,-49.11,52.08,-29
,,Dra,261.422325,60.048398,96.8992,5.650,85290,158460,6511,,-8.1,23.57,7
,,Her,263.345100,19.256677,37.6506,5.650,85912,159332,6541,,-29.48,-91.32,-59
,,Dra,277.437345,77.547068,125.3133,5.650,90647,172340,7006,,1.59,-0.7,1
,,Aql,289.111620,14.544616,125.6281,5.650,94720,180555,7307,,9.15,0.22,-19
,,Sgr,300.084315,-33.703452,21.2495,5.650,98470,189245,7631,Gl 773.4,130.79,-289.3,-8.2
,,Tel,303.579255,-52.445770,210.0840,5.650,99747,191829,7714,,20.8,-52.67,14
,,Scl,350.314575,-26.986769,101.3171,5.650,115312,220096,8883,,-19.59,-11.2,13
,1    Sge,Sge,288.822330,21.232118,91.8274,5.650,94620,180317,7301,,36.38,7.82,-23
,19    Peg,Peg,330.288480,8.257164,165.8375,5.650,108699,209167,8393,,-7.35,-2.77,-23
,33    Vir,Vir,191.593920,9.539684,45.1467,5.650,62325,111028,4849,,278.73,-455.04,52
,59    Hya,Hya,224.663580,-27.657314,113.1222,5.650,73284,132219,5577,,-47.62,-8.6,-10
,66    Cet,Cet,33.198090,-2.393637,39.6983,5.650,10305,13612,650,Gl 87.1A,374.41,-73.08,-6
,71    Vir,Vir,202.304175,10.818310,98.2318,5.650,65790,117304,5081,,-60.34,-35.52,-1
,81    Cet,Cet,39.424170,-3.396175,92.5069,5.650,12247,16400,771,,38.95,-44.05,8
,Nu 2Lup,Lup,230.452605,-48.317628,14.8126,5.650,75181,136352,5699,Gl 582,-1622.71,-275.1,-69.4
,Pi  Men,Men,84.287400,-80.469122,18.3150,5.650,26394,39091,2022,GJ 9189,311.97,1050.19,9.4
,Pi 1Oct,Oct,225.461310,-83.227646,120.7729,5.650,73540,130650,5525,,18.65,53.3,14
,Pi 2Oct,Oct,226.195665,-83.038311,598.8024,5.650,73771,131246,5545,,-8.65,-17.65,-21
,,Scl,4.036890,-31.446394,152.2070,5.660,1288,1187,57,,117.87,-27.11,26
,,Cas,11.109180,47.863984,191.2046,5.660,3478,4142,189,,-39.77,8.54,-60
,,Oct,24.365835,-84.769593,116.6861,5.660,7568,11025,525,,34.69,23.45,18
,,Per,32.169090,58.423601,100000.0000,5.660,9990,12953,618,,-0.82,-1.63,-36
,,Per,56.496900,45.681899,229.3578,5.660,17584,23300,1141,,17.51,-18.44,2
,,Per,70.350480,48.300881,90.9091,5.660,21823,29526,1482,,44.67,-44.2,23
,,Cae,70.788735,-30.765557,196.8504,5.660,21958,30080,1509,,-30.32,-66.45,-4
,,Aur,80.302860,29.569884,88.5740,5.660,25001,34790,1752,,-1.54,-0.19,-19
,,Mon,101.662575,-10.107360,165.5629,5.660,32474,49147,2502,,-10.77,0.77,17
,,Pup,114.016230,-14.492771,389.1051,5.660,36981,60855,2921,,-6.29,0.88,21
,,Lyn,114.131835,46.180288,168.6341,5.660,37023,60437,2903,,-28.39,-32.92,29
,,Vel,122.289615,-48.684413,280.8989,5.660,39919,68161,3203,,-10.3,-1.26,27
,,Pup,122.368890,-16.248922,518.1347,5.660,39943,67880,3194,,-8.83,-6.19,33
,,Car,122.390130,-56.085384,120.7729,5.660,39957,68434,3218,,1.56,37.14,25
,,UMa,129.592560,53.401539,81.6993,5.660,42372,73017,3400,,-76.32,-14.66,-43
,,Hya,142.302675,-20.749127,364.9635,5.660,46511,82077,3763,,-19.14,6.94,-8
,,Car,154.771245,-64.676258,80.3213,5.660,50520,89715,4065,,-35.18,12.33,10
,,Vel,155.069655,-47.699090,515.4639,5.660,50609,89736,4066,,-9.13,4,16
,,Cen,208.800630,-52.160822,108.2251,5.660,67973,121190,5230,,-29.45,-21.61,23
,,Oph,247.445505,-14.550879,91.3242,5.660,80793,148604,6140,,33.75,7.57,-31
,,Sco,258.067530,-39.506949,62.9327,5.660,84150,155259,6381,,-13.81,-71.78,12
,,Sgr,291.735330,-29.743225,69.9301,5.660,95619,182681,7380,,17.55,-49.32,1
,,Sgr,294.263925,-18.231052,121.8027,5.660,96496,184835,7443,,10.54,-13.78,-7
,,Cap,308.098725,-9.853384,24.4021,5.660,101345,195564,7845,,307.59,106.07,9
,,Vul,312.867660,28.250505,369.0037,5.660,102949,198726,7988,,3.92,-5.48,-1
,,PsA,339.714435,-33.081347,129.8701,5.660,111809,214484,8616,,4.25,14.57,4
,,PsA,345.024105,-25.164180,210.5263,5.660,113562,217303,8743,,35.14,-79.51,-35
,,Tuc,352.253970,-63.110656,118.4834,5.660,115908,221006,8919,,39.18,-13.63,15
,,Aqr,354.414825,-13.060243,81.9001,5.660,116591,222093,8958,,34.83,25.77,-13
,18    Tau,Tau,56.290575,24.839260,125.4705,5.660,17527,23324,1144,,19.03,-46.64,-2
,26    Aqr,Aqr,325.542135,1.285253,342.4658,5.660,107144,206445,8287,,-5.89,-8.31,10
,31    Tau,Tau,58.000950,6.534907,238.6635,5.660,18089,24263,1199,,7.6,-2.8,16
,4    Com,Com,182.963250,25.870280,271.7391,5.660,59468,105981,4640,,-38.11,-30.87,22
,4    Peg,Peg,324.633075,5.771742,54.7046,5.660,106856,205924,8270,,112.64,28.64,-19
,43    UMa,UMa,162.796005,56.582250,109.5290,5.660,53043,93859,4235,,-69.47,5.46,15
,6    Crv,Crv,185.839950,-24.840669,101.5228,5.660,60425,107815,4711,,-21.4,-19.59,-2
,78    Her,Her,262.956585,28.407499,82.0345,5.660,85790,159139,6533,,7.46,25.64,-26
,,Scl,2.014545,-33.529326,94.9668,5.670,655,344,13,,-42.75,3.15,7
,,Phe,7.608630,-48.214910,43.0849,5.670,2383,2726,120,,163.44,-87.3,2
,,Hyi,46.883115,-78.989244,82.8500,5.670,14521,20313,981,,79.07,73.56,11
,,Hor,53.144880,-50.378646,95.7854,5.670,16509,22231,1090,,94.26,83.16,37
,,Tau,60.442230,9.998017,175.1313,5.670,18805,25330,1243,,5.59,1.13,3
,,Tau,68.534445,5.568616,148.5884,5.670,21295,28978,1448,,-15.58,-7.77,-8
,,Aur,77.678775,46.962070,48.6855,5.670,24109,33167,1668,,57.35,-150.22,33
,,Ori,83.754195,-6.009270,826.4463,5.670,26197,36959,1886,,1.02,-0.27,30
,,Ori,95.017605,14.651127,181.8182,5.670,30099,44033,2269,,-6.26,-17.27,36
,,Cha,126.084555,-80.914202,75.8725,5.670,41191,72922,3393,,-151.92,213.07,27
,,Pup,126.229920,-23.153745,173.0104,5.670,41242,71141,3308,,-26.59,29.66,26
,,Vel,130.146915,-45.191103,295.8580,5.670,42564,74167,3444,,3.36,5.01,13
,,Vel,166.130145,-47.679103,87.6424,5.670,54137,96113,4311,,-115.47,32.74,-16
,,Cen,220.255815,-36.134858,189.7533,5.670,71783,128974,5466,,-31.58,-6.17,-23
,,Dra,245.946555,61.696461,155.2795,5.670,80309,148374,6130,,-29.54,33.99,-24
,,Nor,247.063215,-58.599795,411.5226,5.670,80675,147977,6114,,-22.18,-35.34,2
,,Oph,272.475060,3.119827,46.9263,5.670,89000,166285,6797,,13.68,-193.49,-14
,,Pav,312.910215,-62.429335,76.3359,5.670,102962,198160,7959,,83.04,-49.38,-16
,,Pav,317.340780,-73.172968,19.7668,5.670,104440,200525,8061,Gl 818.1A,461.31,-287.24,-10.1
,,Vul,321.141675,26.174560,68.6342,5.670,105703,203925,8198,,48.93,6.42,-3
,12    Sco,Sco,243.066840,-28.417305,93.0233,5.670,79399,145483,6029,,-22.99,-40.9,-3
,120    Tau,Tau,83.381790,18.540231,476.1905,5.670,26064,36576,1858,,0.15,0.01,41
,18    Leo,Leo,146.597205,11.810043,156.9859,5.670,47959,84561,3877,,-15.45,17.28,30
,44    And,And,17.578200,42.081475,52.2739,5.670,5493,6920,340,,-135.76,-41.87,-11
,46    Boo,Boo,227.099085,26.301152,158.7302,5.670,74087,134320,5638,,1.14,-12.41,21
,48    Dra,Dra,284.187765,57.814851,84.6740,5.670,92997,176408,7175,,-26.37,-59.39,-34
,49    Leo,Leo,158.758995,8.650425,131.4060,5.670,51802,91636,4148,,-52.74,-5.56,17
,4Eps Sge,Sge,294.322470,16.462802,147.2754,5.670,96516,185194,7463,,17.24,13.7,-33
,51Sig1Cnc,Cnc,133.144260,32.474157,64.4745,5.670,43584,75698,3519,,-3.78,13.88,-14
,62    Aql,Aql,301.096470,-0.709309,127.8772,5.670,98844,190299,7667,,-2.21,-118.27,0.2
,63    Ori,Ori,91.242435,5.419970,401.6064,5.670,28812,41361,2144,,-7.96,-0.18,20
,Del Men,Men,64.496640,-80.214033,129.8701,5.670,20049,28525,1426,,28.26,61.02,-20
,Kap1CrA,CrA,278.346390,-38.725985,298.5075,5.670,90968,170868,6952,,-0.6,-21.79,-16
,Pi 2Hyi,Hyi,33.869100,-67.746366,149.7006,5.670,10513,14287,678,,43.01,-12.65,17
,,Cep,1.174560,67.166445,92.6784,5.680,379,225216,9104,,95.58,23.8,-27
,,Men,52.495500,-78.351850,98.3284,5.680,16290,22676,1109,,-11.26,-26.72,10
,,Aur,73.198995,42.586626,138.8889,5.680,22699,30823,1550,,-11.07,0.11,-1
,,Ori,80.382675,-0.416491,307.6923,5.680,25028,35007,1764,,-0.28,1.18,7
,,Gem,102.999960,23.601718,141.8440,5.680,32968,49968,2533,,-39.29,-10.11,40
,,Pup,114.575865,-48.601436,961.5385,5.680,37174,61715,2957,,-4.18,5.13,11
,,Vel,128.020680,-53.211920,229.8851,5.680,41861,72737,3386,,-16.2,16.78,19
,,Ant,144.250875,-25.296759,95.5110,5.680,47187,83332,3830,,-62.6,36.18,30
,,Leo,150.703965,21.949258,289.0173,5.680,49220,87015,3952,,-13.75,-5.28,3
,,Cen,177.613665,-62.649381,100000.0000,5.680,57741,102878,4541,,-5.99,0.89,-10
,,Vir,189.593355,1.854662,151.0574,5.680,61658,109896,4807,,-79.51,-17.47,-16
,,Lib,222.328110,-24.251470,310.5590,5.680,72488,130529,5521,,-20.69,-0.43,-26
,,Ser,229.602105,20.572778,109.2896,5.680,74896,136138,5692,,-14.57,-13.13,-8
,,Her,259.702185,28.822968,97.0874,5.680,84691,156874,6443,,47.98,-6.63,-14
,,Her,263.414115,16.317553,92.9368,5.680,85930,159353,6542,,-5.67,-62.67,-22
,,Ara,267.618300,-53.612406,303.0303,5.680,87314,161783,6622,,2.43,-10.42,-8
,,Lyr,280.964985,31.926613,50.3018,5.680,91883,173417,7044,,-33,-126.13,-2
,,Cyg,297.655530,40.599759,649.3506,5.680,97634,187879,7567,,-2.19,-7.67,-4
,,Vul,306.418875,21.409642,145.7726,5.680,100754,194577,7811,,8.88,-8.67,-22
,,Cyg,309.748005,30.334265,108.5776,5.680,101899,196852,7904,,-27.45,-65.54,13
,,Cyg,310.485420,41.716875,335.5705,5.680,102155,197392,7926,,4.07,1.12,-27
,,Cyg,313.957515,47.417656,100000.0000,5.680,103312,199478,8020,,-2.82,-3.74,-15
,,Cyg,320.501700,49.388848,100.9082,5.680,105497,203644,8185,,37.46,61.45,-2
,,Gru,345.281445,-50.950028,149.7006,5.680,113657,217403,8749,,88.21,0.28,8
,,Peg,347.677650,17.594372,155.5210,5.680,114449,218792,8824,,24.37,-27.28,2
,108    Vir,Vir,221.375850,0.717271,151.2859,5.680,72154,129956,5501,,-39.85,-7.92,-20
,13    Tau,Tau,55.578945,19.700254,165.2893,5.680,17309,23016,1126,,5.82,-13.24,-10
,14    Vul,Vul,299.793915,23.101281,49.1159,5.680,98375,189410,7641,,-70.78,3.07,-38
,15    Ari,Ari,32.656635,19.500338,171.2329,5.680,10155,13325,631,,88.73,-27.1,60
,16    Psc,Psc,354.097020,2.102222,30.9789,5.680,116495,221950,8954,,-104.5,62.11,39
,2    Cas,Cas,347.433915,59.332692,534.7594,5.680,114365,218753,8822,,0.14,1.17,-12
,20    Com,Com,187.430160,20.896109,84.0336,5.680,60957,108765,4756,,24.89,-31.29,-5
,33    Sgr,Sgr,283.500375,-21.359845,502.5126,5.680,92747,174947,7114,,2.02,-20.25,-7
,35    Gem,Gem,102.606240,13.413177,540.5405,5.680,32814,49738,2525,,-1.86,-7.55,26
,39    Boo,Boo,222.422145,48.720804,68.5871,5.680,72524,131041,5538,,-76.93,99.13,-32
,5    And,And,346.938900,49.295776,34.3407,5.680,114210,218470,8805,,152.15,132.08,-2
,63Omi2Cnc,Cnc,134.396655,15.581281,46.1255,5.680,44001,76582,3565,,60.93,19.01,-4
,69Tau1Aqr,Aqr,341.928195,-14.056428,97.3710,5.680,112542,215766,8673,,29.03,-9.44,15
,73    UMa,UMa,186.896310,55.712724,127.8772,5.680,60795,108502,4745,,-20.94,-11.43,17
,84    UMa,UMa,206.648595,54.432679,89.0472,5.680,67231,120198,5187,,-19.19,-4.51,-2
,Gam1Vol,Vol,107.176470,-70.497087,49.6524,5.680,34473,55864,2735,,17.17,104.08,-3
,,And,15.014820,44.713243,119.0476,5.690,4675,5788,282,,14.72,-25.24,17
,,Cas,23.357130,58.327334,675.6757,5.690,7251,9352,439,,3.78,-4.66,-1
,,Cam,64.223130,61.849989,136.7989,5.690,19968,26670,1305,,6.07,-21.36,-2
,,Ori,80.926290,-0.159818,268.8172,5.690,25223,35299,1781,,1.21,-2.09,22
,,Aur,81.784470,30.208603,440.5286,5.690,25492,35600,1804,,0.27,-4.54,17
,,Cam,105.339180,70.808296,156.0062,5.690,33827,50885,2581,,12.75,-15.8,-17
,,CMa,107.429265,-25.231034,564.9718,5.690,34579,54912,2704,,-4.94,3.95,27
,,Pup,114.170970,-19.702338,518.1347,5.690,37036,61068,2928,,-8.12,6.2,22
,,Pup,114.183000,-48.830167,142.0455,5.690,37043,61391,2940,,-7.55,0.87,-1
,,Vir,200.423505,2.087243,67.7048,5.690,65198,116160,5037,,-61.27,-52.4,-7
,,Cen,201.733830,-41.497562,598.8024,5.690,65593,116835,5060,,-9.71,1.1,-24
,,Hya,203.149605,-28.692768,71.5820,5.690,66065,117716,5097,,-95.64,-22.18,-22
,,Her,255.242235,22.632095,952.3810,5.690,83254,153834,6325,,-8.7,-23.29,11
,,Dra,260.439000,53.420428,191.2046,5.690,84950,157681,6479,,18.54,2.6,-8
,,Ara,261.004485,-62.864153,444.4444,5.690,85147,156838,6440,,0.66,-8.95,4
,,Sco,263.677050,-32.581662,100000.0000,5.690,86011,159176,6535,,3.68,-1.68,-4
,,Her,267.103200,20.565441,79.4913,5.690,87158,162076,6638,,25.03,5.52,-26
,,Her,269.984190,45.501378,175.4386,5.690,88122,164646,6728,,3.89,-34.03,-10
,,Tel,277.483065,-47.220546,198.0198,5.690,90662,170069,6922,,29.59,-13.41,-18
,,Sct,281.680515,-10.125048,100000.0000,5.690,92136,173638,7055,,0.37,-3.91,10
,,Her,284.025510,18.105410,92.2509,5.690,92937,175743,7148,,-47.38,-160.08,44
,,Lyr,285.322320,26.291411,199.2032,5.690,93393,176871,7202,,-0.74,-9.1,-14
,,Dra,305.298000,63.980122,215.0538,5.690,100357,194298,7805,,6.14,14.52,30
,,Del,315.115365,19.329581,160.5136,5.690,103675,200044,8044,,-17.03,-59.66,-15
,,Peg,328.405755,19.668437,72.3066,5.690,108060,208108,8358,,22.1,23.51,6
,10    Pup,Pup,118.078665,-14.846175,334.4482,5.690,38427,64238,3073,,-7.73,1.34,17
,2    CVn,CVn,184.031445,40.660180,236.4066,5.690,59831,106690,4666,,17.08,-32.06,-16
,23    Peg,Peg,331.394460,28.963981,106.3830,5.690,109056,209833,8419,,30.03,-9.48,-12
,47    Ser,Ser,242.116980,8.534310,247.5248,5.690,79072,145002,6010,,-13.62,-6.16,-22
,51    Psc,Psc,8.099085,6.955463,80.9717,5.690,2548,2913,132,,45.91,3.54,17
,56    And,And,29.038905,37.251830,96.9932,5.690,9021,11749,557,,182.88,10.54,59
,63    Sgr,Sgr,300.494160,-13.637217,90.9918,5.690,98633,189741,7649,,38.87,10.41,-42
,79    Cyg,Cyg,325.856865,38.283589,84.1751,5.690,107253,206774,8307,,34.65,-4.91,-23
,8The Del,Del,309.683280,13.315125,617.2840,5.690,101882,196725,7892,,2.66,-0.39,-14
,Chi2Hya,Hya,166.489860,-27.287853,212.3142,5.690,54255,96314,4317,,34.44,-17.1,30
,Del Mic,Mic,316.504755,-30.125120,92.4214,5.690,104148,200718,8070,,32.5,-68.66,22
,Mu  Pic,Pic,97.992960,-58.753835,232.0186,5.690,31137,46860,2412,,-0.67,2.39,2
,Tau Scl,Scl,24.035415,-29.907317,69.3481,5.690,7463,9906,462,,119.68,47.98,5
,The Aps,Aps,211.333545,-76.796752,113.1222,5.690,68815,122250,5261,,-87.41,-31.23,10
,Zet For,For,44.900715,-25.274133,32.6158,5.690,13942,18692,901,,181.75,84.67,21
,,Phe,1.579155,-49.075191,25.7136,5.700,522,142,6,Gl 4.2A,575.21,-39.94,2.6
,,Cet,11.930085,-18.061339,108.9325,5.700,3717,4585,218,,30.18,34.4,2
,,Hyi,25.449825,-60.789339,111.4827,5.700,7921,10615,505,,12.81,-40.52,2
,,Scl,25.512495,-36.832305,93.1099,5.700,7941,10538,498,,-29.32,-16.7,17
,,Eri,58.596525,-40.357009,153.1394,5.700,18262,24744,1219,,-22.06,8.3,2
,,Eri,62.699025,-8.819814,87.7193,5.700,19511,26464,1293,,48.06,2.84,30
,,Ori,89.721825,12.808264,243.3090,5.700,28302,40369,2099,,-8.64,2.84,12
,,Ori,92.241270,2.499692,200.8032,5.700,29151,42111,2174,,-1.75,-14.17,34
,,Ori,94.317240,5.100112,19.2493,5.700,29860,43587,2251,Gl 231.1A,-189.37,171.18,9.6
,,CMa,99.927750,-30.470491,73.3676,5.700,31870,47946,2460,,-7.33,-191.92,-24
,,CMa,109.867410,-16.395244,42.7716,5.700,35487,57167,2788,,165.37,-136.41,-39
,,Lyn,112.214520,48.183930,153.1394,5.700,36348,58661,2844,,-3.18,-44.36,21
,,Car,118.123935,-54.367165,409.8361,5.700,38438,64722,3088,,-5.44,8.01,18
,,Hya,131.510310,-2.048655,92.5926,5.700,43026,74794,3478,,39.64,46.73,10
,,Vel,133.799040,-54.965768,24.1546,5.700,43797,76653,3570,GJ 3519,24.23,-91.2,-2
,,Hya,151.087290,-24.285534,70.1754,5.700,49339,87427,3965,,-117.3,25.29,4
,,Car,152.943600,-58.060544,390.6250,5.700,49934,88661,4009,,-10.71,6.63,31
,,Hya,164.807250,-33.737595,48.5201,5.700,53699,95221,4282,,-4.53,-58.03,-10
,,Cen,192.741195,-52.787424,101.8330,5.700,62703,111588,4872,,-27.2,-12.02,-7
,,Cen,196.909575,-53.459764,100.1001,5.700,64053,113902,4951,,-36.87,-20.4,22
,,Aps,241.482765,-72.400898,89.2061,5.700,78868,143346,5955,,-33.29,71.48,49
,,Tel,291.950490,-54.325272,164.7446,5.700,95690,182509,7370,,-5.7,10.26,-5
,,Sgr,292.349265,-43.445195,62.3830,5.700,95823,183007,7392,,93.03,-114.9,-31
,,Cyg,303.849060,33.729084,97.4659,5.700,99841,192787,7743,,-31.88,-117.82,-10
,,Cap,314.197185,-26.296378,21.9684,5.700,103389,199260,8013,Gl 811,95.07,-65.06,-16.1
,,Vul,320.995080,24.274135,51.8135,5.700,105652,203803,8190,,136.43,18.11,-18
,,Cep,328.004310,55.796743,460.8295,5.700,107930,208095,8357,,18.9,-0.53,-7
,,Cep,338.067765,76.226441,240.9639,5.700,111242,214035,8599,,-19.96,-11.12,-22
,,Aqr,357.638685,-14.401490,139.4700,5.700,117567,223559,9029,,38.04,-21.27,-58
,,Tau,76.863405,18.647141,15.8680,5.700,,,,Gl 188B,529.27,27.74,
,2    Per,Per,28.039020,50.792794,147.9290,5.700,8714,11291,536,,18.39,-28.68,10
,25    Com,Com,189.243060,17.089536,194.5525,5.700,61571,109742,4801,,-35.65,-17.53,-8
,3    Per,Per,29.639595,49.204352,75.0188,5.700,9222,11949,568,,6.26,41.23,-0.4
,32    Psc,Psc,0.623760,8.485463,36.9004,5.700,194,225003,9093,,-93.55,-47.5,10
,37    Cap,Cap,323.712720,-20.084274,27.1003,5.700,106559,205289,8245,,-28.98,44.4,6
,38    Cet,Cet,18.704880,-0.973795,42.9185,5.700,5833,7476,368,,-14.55,205.45,26
,4    Lib,Lib,220.806465,-24.997753,152.4390,5.700,71974,129433,5484,,-21.77,-9.12,-4
,51    Aur,Aur,99.664755,39.390854,149.7006,5.700,31771,47070,2419,,-22.05,-107.49,33
,57    Aql,Aql,298.656885,-8.227289,147.9290,5.700,97966,188293,7593,,8.11,-25.71,-6
,67    Leo,Leo,167.204535,24.658464,141.2429,5.700,54487,96738,4332,,10.25,6.08,-6
,68    Dra,Dra,302.895105,62.078542,48.3559,5.700,99500,192455,7727,,137.31,80.09,-15
,73    Her,Her,261.027450,22.960285,42.6985,5.700,85157,157728,6480,,-43.53,-36.77,-20
,80    Vir,Vir,203.880405,-5.396191,97.1817,5.700,66320,118219,5111,,15.54,82.55,-8
,86    UMa,UMa,208.462605,53.728677,146.8429,5.700,67848,121409,5238,,-28.6,-6.22,-16
,97Kap2Cet,Cet,50.278350,3.675620,98.9120,5.700,15619,20791,1007,,56.05,-25.17,11
,Kap2Lup,Lup,227.990445,-48.743687,77.7605,5.700,74380,134482,5647,,-98.31,-45.39,
,,Hor,48.138135,-57.321549,321.5434,5.710,14930,20234,977,,18.65,13.55,14
,,Eri,73.778430,-16.740670,145.1379,5.710,22860,31414,1579,,4.88,-8.94,10
,,Eri,73.827705,-16.417767,85.3242,5.710,22881,31444,1581,,11.79,36.48,32
,,Lep,76.317480,-26.152391,76.2195,5.710,23668,32890,1655,,10.48,-62.1,-3
,,Ori,84.148725,-6.064752,471.6981,5.710,26345,37209,1911,,,0.35,28
,,Lep,92.449830,-22.774343,49.0436,5.710,29234,42443,2186,,87.66,60.76,22
,,CMi,108.635925,12.115824,90.2527,5.710,35005,55730,2728,,-50.09,-17.02,30
,,Pup,125.477535,-17.586334,95.2381,5.710,40990,70523,3281,,-92.42,-13.93,69
,,Vel,131.828520,-46.155415,100000.0000,5.710,43148,75276,3496,,-3.83,5.21,32
,,Vel,148.713510,-50.243959,92.8505,5.710,48613,86087,3927,,-37.02,7.29,14
,,UMa,151.151385,53.891716,50.7357,5.710,49363,87141,3954,,-22.58,-3.84,-16
,,Hya,159.134910,-12.230121,25.0752,5.710,51933,91889,4158,Gl 398.1,268.49,-672.31,-6.2
,,UMa,167.329530,36.309379,117.0960,5.710,54522,96813,4333,,-44.02,-22.81,22
,,Hya,174.145590,-33.570057,111.6071,5.710,56620,100893,4469,,29.35,-33.95,42
,,Com,184.377405,28.937189,54.9451,5.710,59923,106887,4673,,-33.12,35.2,-7
,,Cen,186.340590,-35.186417,134.5895,5.710,60610,108114,4724,,-40.55,-6.48,-11
,,Cru,192.824910,-60.329789,100000.0000,5.710,62732,111613,4876,,-5.26,-1.09,-21
,,Vir,225.453825,-0.140295,704.2254,5.710,73536,132933,5594,,6.45,-15.03,-34
,,TrA,231.887895,-64.531504,209.2050,5.710,75665,137066,5725,,-12.91,-19.25,-9
,,Sct,275.800680,-12.014755,188.6792,5.710,90096,169033,6881,,-8.14,-19.62,-11
,,Ser,276.994890,6.194104,216.9197,5.710,90497,170200,6928,,-1.25,-23.26,-12
,,CrA,277.984260,-43.507383,337.8378,5.710,90842,170521,6937,,-1.04,-7.5,7
,,Sgr,291.546000,-15.053251,214.1328,5.710,95557,182645,7378,,17.43,-0.55,-7
,,Cyg,293.582415,51.236620,25.1130,5.710,96258,184960,7451,GJ 4116,31.72,-188.14,0.4
,,Aqr,328.543215,-4.276180,89.6861,5.710,108102,208111,8360,,52.23,-91.47,-37
,10    Sge,Sge,299.005260,16.634799,100000.0000,5.710,98085,188727,7609,,1,-6.89,-10
,19    Aqr,Aqr,321.304275,-9.748552,91.8274,5.710,105761,203875,8195,,16.65,-169.45,-21
,23    And,And,3.378600,41.035370,34.9040,5.710,1086,905,41,,-122.76,-146.91,-29
,29    Com,Com,192.225885,14.122584,122.3990,5.710,62541,111397,4865,,28.96,-20.23,-8
,30    Cet,Cet,16.942530,-9.785550,47.1476,5.710,5296,6706,329,,149.04,16.99,22
,30Ups1Cnc,Cnc,127.877175,24.081105,76.6284,5.710,41816,72041,3355,,-82.12,-45.72,19
,31Ups Ser,Ser,236.822160,14.115348,76.6871,5.710,77336,141187,5870,,-54.99,31.57,-34
,36    Aur,Aur,90.244005,47.901923,354.6099,5.710,28499,40394,2101,,3.02,-21.03,16
,45    Tau,Tau,62.834505,5.523047,36.9822,5.710,19554,26462,1292,,146.86,5,37
,46    Eri,Eri,68.478030,-6.738908,253.8071,5.710,21278,29009,1449,,-2.65,-4.76,2
,6Nu 1CMa,CMa,99.095205,-18.659904,107.5269,5.710,31564,47138,2423,,-11.82,16.82,25
,7    Boo,Boo,208.303875,17.932868,211.4165,5.710,67787,121107,5225,,-33.54,5.25,-10
,71    Dra,Dra,304.902945,62.257472,115.8749,5.710,100221,193964,7792,,16.74,24.16,-19
,73    Oph,Oph,272.391225,3.993276,54.7945,5.710,88964,166233,6795,,50.07,-4.47,-17
,Chi2For,For,51.889215,-35.681323,139.4700,5.710,16112,21574,1054,,76.73,6.38,30
,Tau Phe,Phe,0.269115,-48.809876,181.8182,5.710,88,224834,9081,,-17.92,-6.75,8
,The Pav,Pav,282.158070,-65.077679,67.7048,5.710,92294,173168,7036,,-38.07,-78.2,-1
,,Cas,6.276675,53.046786,158.2278,5.720,1982,2054,96,,25.8,0.3,10
,,And,38.911425,37.312263,191.2046,5.720,12072,16028,748,,-0.91,-11.38,-6
,,Eri,49.671435,-18.559794,36.9686,5.720,15411,20631,997,,124.9,-63.27,18
,,Per,52.086240,33.807557,117.2333,5.720,16168,21402,1041,,28.13,-57.43,6
,,Hor,56.316150,-47.359476,103.5197,5.720,17534,23719,1169,,-3.07,-9.03,-3
,,Cam,64.283700,57.860355,79.8085,5.720,19983,26755,1313,,24.16,-50.06,-38
,,Tau,67.003245,21.619907,47.1254,5.720,20842,28226,1403,,98.82,-40.59,36
,,Eri,71.267340,-21.283383,218.3406,5.720,22086,30238,1521,,16.86,-17.14,22
,,Lep,92.644500,-27.154343,101.1122,5.720,29294,42621,2200,,-9.1,-57.18,1
,,Col,99.307650,-36.990651,350.8772,5.720,31637,47500,2446,,-9.85,13.59,21
,,Gem,102.422145,32.606756,127.5510,5.720,32740,49380,2512,,-39.68,-50.71,-16
,,Pup,108.691755,-46.849672,142.4501,5.720,35029,56455,2761,,-10.15,0.1,40
,,Lyn,134.208270,45.631646,70.7214,5.720,43923,76291,3545,,-125.02,-44.75,59
,,Hya,137.994750,-19.747628,93.1966,5.720,45158,79181,3653,,-55.93,46.45,-1
,,UMa,145.562055,69.237537,151.2859,5.720,47594,83489,3838,,-66.55,-69.4,-9
,,Vel,147.674775,-46.933923,176.9912,5.720,48287,85483,3904,,-38.82,32.7,17
,,Vel,148.573575,-45.283516,305.8104,5.720,48561,85980,3925,,-17.2,4.42,13
,,Dra,183.785490,70.200008,142.8571,5.720,59746,106574,4659,,-24.44,-28.29,-14
,,Boo,204.246180,24.613297,140.6470,5.720,66417,118508,5123,,-25.95,-2.26,-31
,,Cir,214.161345,-66.587894,400.0000,5.720,69763,124471,5320,,-7.14,-5.24,-9
,,Boo,220.935150,40.459254,209.6436,5.720,72012,129846,5493,,-13.4,20.79,13
,,Boo,224.298660,16.388128,163.1321,5.720,73166,132146,5575,,-4.08,-4.98,-16
,,Lib,224.366475,-21.415475,5.8404,5.720,73184,131977,5568,Gl 570A,1034.18,-1725.6,29.1
,,Dra,230.660115,63.341439,112.8668,5.720,75260,137443,5737,,-15.15,-92.4,-46
,,Lib,230.967660,-12.369501,172.4138,5.720,75352,136956,5720,,-37.69,-36.45,-26
,,Lup,241.817520,-36.755676,54.7945,5.720,78970,144415,5991,,52.54,-56.45,26
,,Ara,261.990030,-52.297168,109.6491,5.720,85470,157753,6483,,-15.57,-57.04,-9
,,Her,263.280300,41.243449,99.5025,5.720,85888,159501,6550,,-67.5,-62.08,-29
,,Sgr,270.476580,-22.780298,100000.0000,5.720,88298,164402,6716,,-0.49,-2.95,-13
,,Her,271.456710,32.230674,212.3142,5.720,88636,165683,6768,,19.1,-19.96,1
,,Sgr,291.339975,-13.897130,154.7988,5.720,95485,182477,7367,,52.85,55.2,-34
,,Lac,333.684840,42.953910,82.3723,5.720,109831,211211,8489,,50.49,-21.96,-38
,,Lac,338.419215,56.624737,105.5966,5.720,111362,213930,8594,,78.48,41.08,-11
,,Peg,340.219485,14.549161,33.7952,5.720,111974,214850,8631,,272.25,123.47,-10
,,Aqr,343.795665,-4.987899,83.4028,5.720,113184,216718,8716,,29.13,-8.54,-9
,11    Vir,Vir,182.514240,5.807008,44.0529,5.720,59309,105702,4629,,-159.75,18.33,-9
,12    Cet,Cet,7.509825,-3.957332,173.9130,5.720,2353,2637,117,,8.61,-14.51,5
,131    Tau,Tau,86.804805,14.488322,104.1667,5.720,27316,38545,1989,,3.84,-42.3,21
,16    Her,Her,243.869325,18.808087,106.6098,5.720,79666,146388,6065,,-68.39,-84.77,-18
,19    Ari,Ari,33.263760,15.279860,146.8429,5.720,10328,13596,648,,99.23,-20.94,23
,3    Hya,Hya,128.867490,-7.982292,92.8505,5.720,42146,72968,3398,,-21.98,16.14,24
,3    Leo,Leo,142.121565,8.188298,124.2236,5.720,46457,81873,3755,,-28.58,-30.79,22
,5    UMa,UMa,133.344015,61.962268,88.8099,5.720,43644,75486,3505,,-9.98,22.3,-31
,60    Tau,Tau,65.514645,14.077198,44.3853,5.720,20400,27628,1368,,114.04,-21.4,41
,84    Cet,Cet,40.308330,-0.695653,22.5887,5.720,12530,16765,790,,218.94,-125.3,8
,Eta1Dor,Dor,91.539045,-66.039621,98.6193,5.720,28909,42525,2194,,13.51,27.98,18
,Gam2Oct,Oct,359.387385,-82.169804,93.5454,5.720,118114,224362,9061,,-26.62,-25.15,27
,Tau3Gru,Gru,344.199195,-47.969221,74.6269,5.720,113307,216823,8722,,-26.3,1.82,6
,Xi  Phe,Phe,10.443150,-56.501315,67.0241,5.720,3277,3980,183,,90.15,57.28,10
,,Tuc,13.407585,-62.871352,218.3406,5.730,4200,5276,257,,74.42,0.65,-10
,,Tau,70.332330,28.614994,116.9591,5.730,21819,29646,1490,,37.35,-30.04,25
,,Col,80.850090,-39.678423,199.2032,5.730,25194,35515,1793,,26.66,5.04,61
,,Lep,85.840290,-18.557475,75.0751,5.730,26966,38206,1975,,18.45,-13.2,25
,,CMa,98.162400,-32.030447,537.6344,5.730,31190,46547,2397,,-2.84,2.87,20
,,Pup,114.932565,-38.139287,175.4386,5.730,37322,61878,2963,,-22.54,16.9,30
,,UMa,124.821555,62.507159,141.6431,5.730,40772,69148,3245,,-20.48,8.41,-2
,,Hya,137.267550,-18.328548,83.6820,5.730,44923,78702,3638,,-63.2,20.86,17
,,UMa,155.544105,41.229530,39.4322,5.730,50786,89744,4067,GJ 9326,-120.17,-138.6,-6.5
,,UMa,163.742445,34.034798,88.8889,5.730,53377,94497,4256,,-57.68,-45.2,-28
,,UMa,171.488100,55.850459,94.0734,5.730,55797,99283,4407,,-71.92,48.81,-6
,,UMa,177.423870,34.931758,69.4444,5.730,57670,102713,4536,,-118.21,7.65,-7
,,Hya,204.201900,-26.495198,81.5661,5.730,66400,118349,5120,,-92.7,15.43,-10
,,Cir,207.947610,-69.401258,223.2143,5.730,67664,120404,5194,,3.94,-4.78,10
,,UMi,240.880770,76.793939,157.4803,5.730,78661,145622,6034,,-17.52,20.44,-16
,,Ara,256.103010,-57.712166,174.5201,5.730,83535,153716,6320,,-3.54,-24.38,3
,,CrA,285.823725,-38.253147,68.4932,5.730,93552,176723,7197,,13.31,14.51,4
,,Aql,300.875070,16.031255,195.6947,5.730,98754,190229,7664,,5.05,-7.73,-22
,,Cyg,300.905595,29.896805,15.8579,5.730,98767,190360,7670,Gl 777A,683.32,-524.06,-45.9
,,Cap,303.822090,-27.032977,8.9111,5.730,99825,192310,7722,Gl 785,1241.35,-181.46,-54.4
,,Ind,318.941070,-53.263084,131.2336,5.730,104978,202103,8114,,35.09,-14.12,-13
,,Lac,338.967855,39.634331,662.2517,5.730,111546,214167,,,1.11,-4.39,-11
,,Lac,343.935435,36.351390,191.2046,5.730,113222,216831,8723,,19.89,-1.54,1
,,Tuc,356.050140,-64.404451,223.2143,5.730,117088,222820,8996,,14.42,34.6,-13
,1    Boo,Boo,205.168635,19.955719,100.6036,5.730,66727,119055,5144,,-46.46,23.23,-26
,14Psi Cnc,Cnc,122.613270,25.507334,41.3565,5.730,40023,67767,3191,,-71.82,-348.06,-43
,4    Her,Her,238.877490,42.566193,164.4737,5.730,77986,142926,5938,,-23.28,16.79,-17
,41    Gem,Gem,105.065940,16.078998,100000.0000,5.730,33715,52005,2615,,-0.44,-3.02,22
,43    Cyg,Cyg,306.759360,49.383367,37.5657,5.730,100859,195068,7828,,68.79,58.48,-20
,50    Her,Her,252.662325,29.806538,327.8689,5.730,82422,152173,6258,,-5.54,-2.99,-10
,55    Per,Per,66.121470,34.130758,137.3626,5.730,20579,27777,1377,,20.5,-34.17,5
,62    UMa,UMa,175.392900,31.746058,41.1523,5.730,57029,101606,4501,,-351.85,30.63,32
,77    Cyg,Cyg,325.595640,41.077019,126.4223,5.730,107162,206644,8300,,23.38,-1.6,-25
,7Iot1Cyg,Cyg,291.858180,52.320436,107.5269,5.730,95656,183534,7408,,-13.16,-27.58,2
,7Zet2Lyr,Lyr,281.200830,37.594615,47.6872,5.730,91973,173649,7057,,19.23,20.65,-25
,8    Leo,Leo,144.260760,16.437952,355.8719,5.730,47189,83189,3826,,-16.99,-3.01,6
,8    PsA,PsA,324.045690,-26.171516,58.4454,5.730,106654,205471,8253,,107.81,-24.3,-19
,84    Her,Her,265.839885,24.327821,39.0625,5.730,86731,161239,6608,,-116.66,72.26,-26
,Gam Hor,Hor,41.364435,-63.704553,55.9910,5.730,12871,17504,833,,19.39,-8.81,-11
,Zet1Mus,Mus,185.550135,-68.307316,100.2004,5.730,60329,107567,4704,,-2.45,-48.14,20
,,Cas,4.237695,61.533185,190.1141,5.740,1354,1239,60,,-6,-3.46,-4
,,Eri,52.003950,-11.286600,97.6562,5.740,16142,21530,1050,,-1.48,-46.39,-2
,,Cam,55.678065,59.969391,632.9114,5.740,17342,22764,1112,,0.56,2.75,-10
,,Ret,66.941820,-62.521206,109.7695,5.740,20825,28732,1435,,-11.73,3.5,1
,,Aur,84.146760,54.428658,228.8330,5.740,26344,36678,1866,,-7.14,-10.59,1
,,Lep,91.739640,-21.812299,384.6154,5.740,28984,41933,2166,,-6.12,-3.67,8
,,CMa,97.163520,-32.371279,264.5503,5.740,30840,45871,2364,,-2.14,7.55,23
,,CMa,102.597285,-31.706057,199.2032,5.740,32810,50123,2545,,-1.7,15.12,20
,,CMi,106.956210,7.471214,182.4818,5.740,34387,54079,2682,,6.69,-33.29,24
,,Lyn,110.322960,45.228200,35.4862,5.740,35643,56963,2776,,-49.53,12.12,25
,,Car,119.077710,-60.526436,401.6064,5.740,38783,65662,3120,,-4.33,10.59,23
,,Hya,126.398070,2.102209,273.9726,5.740,41299,71095,3305,,-21.42,-16.4,12
,,Pyx,131.216370,-37.147249,485.4369,5.740,42923,74824,3479,,-8.27,4.27,12
,,UMa,136.001670,54.283887,119.6172,5.740,44504,77309,3592,,-1.38,4.12,-4
,,Vel,140.599965,-46.047445,162.8664,5.740,45962,81136,3730,,-3.02,23.71,-7
,,Hya,143.085045,-19.400303,115.6069,5.740,46813,82573,3796,,-33.68,9.3,27
,,UMa,160.451205,68.443499,157.4803,5.740,52338,92354,4176,,-29.43,-24.78,5
,,Car,160.963350,-64.249042,359.7122,5.740,52487,93163,4204,,-16.35,4.05,11
,,Car,168.378285,-59.619318,675.6757,5.740,54829,97670,4361,,-7.52,-0.57,18
,,Crv,188.150010,-13.859105,38.1679,5.740,61212,109141,4776,,-146.68,-53.89,-1
,,Cam,201.738075,78.643869,87.6424,5.740,65595,117566,5091,,-140.35,30.28,15
,,Cen,204.999330,-49.949956,157.4803,5.740,66666,118767,5134,,-99.4,18.73,-11
,,Cir,208.704690,-67.652100,289.0173,5.740,67942,120913,5218,,-16.82,-14.59,-8
,,Dra,218.128890,55.398010,190.1141,5.740,71111,128000,5442,,5.68,-14.75,3
,,Boo,218.665140,49.368354,262.4672,5.740,71280,128333,5452,,-45.83,50.41,-20
,,Cen,219.183900,-40.211580,147.4926,5.740,71453,128207,5449,,-22.67,-22.05,2
,,Boo,219.552555,43.642130,276.2431,5.740,71568,128902,5464,,-102.95,31.79,-49
,,Lup,221.620860,-47.441116,93.7207,5.740,72250,129858,5494,,-39.79,-14.74,-11
,,Cir,229.152885,-60.903996,515.4639,5.740,74750,135160,5661,,-1.55,-4.09,6
,,Dra,232.732710,64.208693,94.6074,5.740,75974,138852,5785,,-111.9,77.48,10
,,Nor,237.778365,-55.055533,662.2517,5.740,77645,141318,5873,,-2.95,-3.08,-1
,,TrA,239.742315,-65.037585,272.4796,5.740,78279,142514,5920,,-9.49,-6.78,1
,,Ara,251.588445,-58.503595,302.1148,5.740,82110,150745,6215,,-2.22,-10.78,-16
,,UMi,259.904415,80.136399,294.1176,5.740,84769,158996,6529,,18.49,0.16,-7
,,Ser,264.539595,-10.926268,117.7856,5.740,86313,160018,6568,,-14.4,-8.61,-33
,,Sgr,269.732025,-36.858376,121.8027,5.740,88038,163652,6691,,12.1,13.51,-87
,,Ser,271.563315,-4.751252,36.7647,5.740,88684,165438,6756,,142.64,-30.41,-19
,,Pav,277.486290,-57.523143,97.5610,5.740,90664,169836,6908,,56.44,-24.91,-0.5
,,Sct,278.412585,-14.853614,69.5894,5.740,90991,171130,6962,,27.26,-9.49,-21
,,Dra,279.389610,62.526591,119.0476,5.740,91315,172728,7018,,-8.4,52.56,-11
,,Pav,299.671740,-69.163957,70.1262,5.740,98332,188097,7579,,69.18,-100.6,-12
,,Cep,324.740085,57.489037,606.0606,5.740,106886,206267,8281,,-1.71,-5.04,-8
,,Peg,331.869120,19.475526,61.9579,5.740,109209,210074,8435,,121.91,36.78,-15
,,Oct,356.169645,-78.791442,148.5884,5.740,117125,222806,8995,,54.95,1.16,21
,,Aqr,356.816310,-11.911126,93.5454,5.740,117314,223170,9009,,-48.26,-93.56,11
,1    Lep,Lep,75.687420,-22.795052,143.4720,5.740,23474,32503,1634,,61.22,14.58,33
,10    Her,Her,242.908485,23.494801,209.2050,5.740,79349,145713,6039,,-21.23,-11.72,-25
,13    Cep,Cep,328.721490,56.611227,100000.0000,5.740,108165,208501,8371,,-3.72,-2.2,-15
,14    Oph,Oph,250.427010,1.181231,55.5864,5.740,81734,150557,6205,,-101.96,53.42,-45
,26    Oph,Oph,255.039615,-24.989070,33.7041,5.740,83196,153363,6310,,49.14,-54.89,19
,32    UMa,UMa,154.508745,65.108351,79.5545,5.740,50448,88983,4026,,-89.48,-9.28,-7
,34Mu  Ari,Ari,40.591410,20.011465,116.8224,5.740,12640,16811,793,,27.49,-46.08,-7
,37    Gem,Gem,103.827795,25.375697,17.2414,5.740,33277,50692,2569,Gl 252,-35.75,25.14,-15.1
,41    Dra,Dra,270.037890,80.004095,63.5324,5.740,88136,166866,6810,,46.91,124.03,10
,55    Ari,Ari,47.403090,29.077080,323.6246,5.740,14677,19548,944,,22.14,-13.22,-2
,77    Cet,Cet,38.677605,-7.859445,140.6470,5.740,12002,16074,752,,60.32,-64.45,25
,85    Leo,Leo,172.424355,15.413269,134.2282,5.740,56080,99902,4426,,-28.06,-47.74,-29
,Iot1For,For,39.038610,-30.044978,178.5714,5.740,12122,16307,767,,-15.95,-5.75,2
96 G. Psc,,Psc,12.095730,5.280615,7.4549,5.740,3765,4628,222,Gl 33,758.04,-1141.22,-10
,,Cet,23.428485,-7.025341,29.5159,5.750,7276,9562,448,,176.82,-81.49,-15
,,Cet,25.436805,-11.324669,39.4477,5.750,7916,10453,492,,60.1,-411.71,-10
,,Per,62.745915,33.586792,301.2048,5.750,19525,26311,1286,,-1.52,-8.91,20
,,Cam,74.029485,52.869761,129.7017,5.750,22936,31134,1561,,-2.59,18.06,-22
,,Col,78.620190,-35.976996,152.4390,5.750,24426,34266,1721,,11.33,14.2,13
,,Col,83.280735,-35.139376,78.9266,5.750,26019,36874,1881,,100.02,-28.13,15
,,Mon,102.079440,-1.318922,39.9840,5.750,32617,49434,2514,,-37.74,-34.33,-14
,,Mon,102.318375,-2.272038,176.0563,5.750,32698,49643,2521,,-8.82,-4.33,10
,,Mon,103.206120,8.380373,62.3053,5.750,33024,50277,2551,,-32.9,-30.86,27
,,CMa,106.844115,-23.840722,100000.0000,5.750,34360,54309,2690,,-2.55,5.11,29
,,Mon,112.342110,-10.326664,396.8254,5.750,36396,59381,2867,,-6.96,-2.73,-7
,,Pyx,126.997590,-35.113761,284.9003,5.750,41515,71801,3343,,-6.91,11.03,25
,,Hya,133.801785,-18.241189,136.7989,5.750,43798,76376,3554,,17.87,7.11,37
,,Leo,149.900925,29.645233,105.1525,5.750,48982,86513,3942,,-94.44,-37.84,-1
,,Cen,168.414165,-53.231813,130.0390,5.750,54840,97651,4360,,-16.39,37.23,47
,,Cen,182.224215,-44.325989,104.1667,5.750,59229,105509,4624,,-47.03,-42.33,-9
,,Cru,193.341240,-60.328489,100000.0000,5.750,62894,111904,4887,,-4.12,-0.97,-19
,,CVn,193.735530,47.196722,213.2196,5.750,63024,112264,4909,,-17.24,-6.5,-17
,,Com,201.277830,23.854419,87.4891,5.750,65466,116706,5057,,-9.95,-8.06,-3
,,Lup,227.050545,-40.583930,110.7420,5.750,74066,133880,5624,,-28.59,-30.38,3
,,Lib,227.577645,-26.332621,130.3781,5.750,74239,134373,5641,,-32.15,-8.39,-33
,,TrA,228.579870,-70.079476,359.7122,5.750,74582,134453,5644,,4.39,-8.24,-4
,,Dra,246.105555,55.205096,119.9041,5.750,80375,148330,6127,,11.87,20.67,-4
,,Her,261.131400,16.301006,125.0000,5.750,85185,157740,6481,,12.58,-28.83,11
,,Mic,310.348530,-31.598289,138.8889,5.750,102092,196917,7909,,110.84,-60.44,-97
,,Pav,317.136255,-63.928260,156.9859,5.750,104364,200751,8073,,-6.33,4.5,-20
,,Cyg,317.564850,53.563100,135.8696,5.750,104516,201834,8106,,22.52,-3.7,-21
,,Cyg,319.869780,49.510294,167.2241,5.750,105282,203245,8161,,14.52,1.98,-23
,,Cyg,322.034325,32.225330,44.7227,5.750,106003,204485,8220,,134.05,79.39,-24
,,Peg,331.297215,26.673689,119.3317,5.750,109023,209761,8415,,28.42,29.23,-25
,,Gru,351.055215,-51.891174,180.5054,5.750,115537,220440,8898,,23.17,-37.03,-5
,11    Sco,Sco,241.901730,-12.745410,112.3596,5.750,79005,144708,6002,,-41.67,-27.64,-25
,13    And,And,351.780750,42.912010,91.9963,5.750,115755,220885,8913,,87.42,17.07,-9
,25    Cep,Cep,334.552575,62.804388,282.4859,5.750,110103,211833,8511,,42.73,9.8,-2
,3    Gem,Gem,92.433270,23.113466,100000.0000,5.750,29225,42087,2173,,-1.05,-1.43,16
,44    Aqr,Aqr,334.277085,-5.387164,94.7867,5.750,110023,211434,8504,,-4.2,19.51,7
,47    Gem,Gem,107.846115,26.856587,119.1895,5.750,34722,54801,2700,,-20.57,-33.5,39
,48    Aur,Aur,97.142040,30.493034,100000.0000,5.750,30827,45412,2332,,0.34,-14.95,22
,52Pi  Aql,Aql,297.175245,11.815896,157.7287,5.750,97473,187259,7544,,15.95,-9.79,13
,53    Gem,Gem,108.988200,27.897419,235.8491,5.750,35152,55870,2738,,-14.07,-3.24,24
,76    Dra,Dra,310.646325,82.531158,108.1081,5.750,102208,199095,8002,,30.77,21.68,-20
,8    Per,Per,34.499400,57.899820,125.9446,5.750,10718,13982,661,,60.79,5.04,3
,8Rho1Eri,Eri,45.291765,-7.663012,99.3049,5.750,14060,18784,907,,97.77,-72.1,14
,Mu 1Pav,Pav,300.096270,-66.949360,73.2601,5.750,98478,188584,7603,,-3.67,-194.28,29
,Zet1Ant,Ant,142.692060,-31.889222,124.3781,5.750,46657,82383,3780,,24.54,-20.88,-3
Alruba,,Dra,265.996545,53.801715,163.3987,5.750,86782,161693,6618,,13.32,-16.35,-2
Kamelos,,Cam,100.120185,77.995782,214.1328,5.750,31940,45866,2363,,14.25,-6.02,-14
,,Eri,52.479840,-42.634256,65.4450,5.760,16285,21882,1075,,-59.48,-1.45,12
,,Per,58.411215,48.650495,120.7729,5.760,18212,24240,1198,,37.72,-30.08,8
,,Tau,65.171850,6.130798,110.6195,5.760,20268,27497,1360,,-13.06,-44.79,7
,,Eri,68.156475,-3.209541,145.7726,5.760,21192,28843,1441,,17.97,-16.69,18
,,Col,83.814465,-33.079724,92.4214,5.760,26219,37192,1909,,28.7,117.16,44
,,Col,94.920645,-34.396591,125.0000,5.760,30069,44323,2279,,4.39,1.84,26
,,Pup,96.431895,-48.176898,180.1802,5.760,30591,45572,2348,,-3.81,-20.28,6
,,CMa,97.155915,-17.466009,139.8601,5.760,30836,45765,2359,,16.89,9.83,18
,,Pup,114.949485,-38.260652,352.1127,5.760,37329,61899,2964,,-10.37,9.71,23
,,Mon,118.199415,-5.428257,39.7141,5.760,38474,64235,3072,,-21.36,-28.8,-2
,,Hya,137.297970,-12.357706,138.8889,5.760,44936,78668,3636,,20.75,0.61,-9
,,Vel,157.989330,-45.066710,166.9449,5.760,51561,91355,4135,,-15.4,1.41,-0.4
,,Cen,188.676720,-44.673018,28.3206,5.760,61379,109409,4788,,-75.86,-206.23,18
,,Vir,198.137175,11.556096,257.0694,5.760,64445,114780,4986,,-50.68,-30.57,25
,,Cen,200.240505,-46.880008,126.7427,5.760,65144,115912,5029,,-74.13,20.84,-3
,,TrA,227.374650,-67.084133,100000.0000,5.760,74184,133683,5621,,-3.94,-2.59,9
,,Boo,234.567495,46.797751,35.7015,5.760,76568,139798,5830,,97.18,-100.38,-2
,,TrA,239.024730,-60.482477,66.0066,5.760,78045,142139,5905,,-36.48,-70.88,-11
,,Nor,245.105175,-55.139706,102.3541,5.760,80054,146690,6073,,19.61,-14.3,-0.1
,,Her,247.805970,22.195458,257.7320,5.760,80898,149009,6154,,-10.21,7.76,-26
,,Her,255.577890,25.505620,95.9693,5.760,83367,154084,6333,,55.19,99.25,-50
,,Sco,259.699305,-44.129746,111.4827,5.760,84690,156293,6420,,-11.78,-16.14,-12
,,Ara,260.779650,-56.525547,121.2121,5.760,85068,156854,6442,,7.48,3.75,-6
,,Ara,261.078315,-60.673799,272.4796,5.760,85169,156942,6447,,0.52,-12.29,-10
,,Sgr,269.174325,-28.065394,51.3084,5.760,87836,163318,6680,,31.86,-18.17,7
,,Sgr,275.345775,-18.859999,378.7879,5.760,89968,168608,6863,,-2.76,-6.48,-3
,,Her,277.768545,16.928556,133.5113,5.760,90762,170878,6955,,-33.04,-20.79,-9
,,Ser,279.399840,-0.309472,160.5136,5.760,91322,171978,6993,,11.74,-19.83,12
,,Pav,280.905525,-64.551425,108.9325,5.760,91854,172211,7004,,14.53,-46.8,-11
,,Aql,291.600555,13.023801,55.9910,5.760,95572,182900,7389,,14.1,59.03,-34
,,Tel,293.224200,-53.185618,115.7407,5.760,96141,183552,7411,,32.87,-6.87,14
,,Tel,298.157145,-54.971026,172.4138,5.760,97816,187420,7548,,20.52,4.41,-18
,,Cyg,304.603140,55.397095,90.4977,5.760,100097,193592,7781,,-7.58,-31.19,1
,,Oct,308.323410,-80.964862,160.0000,5.760,101427,193721,7785,,8.35,-14.88,9
,,Ind,315.089640,-51.265312,28.0112,5.760,103673,199623,8027,,-88.47,132.61,-23
,,Cep,333.093525,63.291035,290.6977,5.760,109620,211029,8483,,3.72,-15.08,-14
,,Aqr,358.210530,-8.996756,189.0359,5.760,117756,223807,9040,,61.73,-23.61,-18
,10    Boo,Boo,209.662185,21.696219,144.7178,5.760,68276,121996,5255,,-9.52,-42.08,6
,11    Per,Per,40.761765,55.106019,132.2751,5.760,12692,16727,785,,34.78,-21.32,-2
,30    Com,Com,192.322740,27.552379,92.9368,5.760,62576,111469,4869,,-92.9,21.73,-11
,33    Lyn,Lyn,128.682870,36.419619,108.8139,5.760,42090,72524,3377,,-26.73,-41.19,25
,34    Peg,Peg,336.655770,4.393766,38.1534,5.760,110785,212754,8548,GJ 9782A,286.36,52.92,-17.8
,45Rho2Ari,Ari,43.952070,18.331640,107.7586,5.760,13654,18191,867,,-8.08,-14.91,46
,50    Aqr,Aqr,336.112755,-13.529369,140.4494,5.760,110602,212430,8534,,50.69,14.24,-21
,52    Peg,Peg,344.799225,11.728844,94.3396,5.760,113503,217232,8739,,26.84,-40.09,20
,53    Aur,Aur,99.595875,28.984354,106.2699,5.760,31737,47152,2425,,-18.7,-15.52,18
,56    Aql,Aql,298.534485,-8.574211,193.7984,5.760,97928,188154,7584,,7.87,-18.97,-50
,57    Hya,Hya,221.989830,-26.646155,137.1742,5.760,72378,130274,5517,,-10.65,-8.83,6
,59    Eri,Eri,72.135555,-16.329484,41.7188,5.760,22325,30606,1538,,7.09,39.68,35
,6    Tau,Tau,53.149785,9.373438,107.4114,5.760,16511,21933,1079,,32.55,-49.15,7
,66    Vir,Vir,201.138450,-5.164010,29.9670,5.760,65420,116568,5050,,157.73,-36.24,14
,68    Ori,Ori,93.005580,19.790543,255.1020,5.760,29433,42509,2193,,1.96,-11.82,31
,7    Ari,Ari,28.962660,23.577322,170.9402,5.760,8993,11763,559,,12.06,-8.88,14
,79    Her,Her,264.379560,24.309991,76.6871,5.760,86254,160181,6571,,-6.19,9.29,-4
,89    Leo,Leo,173.591460,3.060165,27.2257,5.760,56445,100563,4455,GJ 9367,-181.62,-102.66,3
,The2Mic,Mic,321.103395,-41.006695,119.7605,5.760,105696,203585,8180,,26.4,-0.23,11
,Ups Oct,Oct,337.907520,-85.967253,99.4036,5.760,111196,211539,8505,,-37.64,61.25,19
,p Eri,Eri,24.947535,-56.196400,7.8223,5.760,,10360,486,Gl 66B,286.1,16.66,22.5
Asterope,21    Tau,Tau,56.476980,24.554511,114.0251,5.760,17579,23432,1151,,19.44,-45.36,9
Merga,38    Boo,Boo,222.327795,46.116205,48.9956,5.760,72487,130945,5533,,-7.35,-77.32,-5
,,Cet,3.727140,-9.569571,103.8422,5.770,1191,1064,51,,22.64,-8.45,17
,,Cas,17.139405,58.263449,184.8429,5.770,5361,6676,326,,17.15,-12.39,-4
,,Eri,72.151605,-5.674045,26.4201,5.770,22336,30562,1536,,312.68,-249.28,79
,,Ori,82.478220,1.789260,438.5965,5.770,25751,36166,1833,,1.64,-0.34,12
,,CMa,102.590700,-17.084555,363.6364,5.770,32809,49980,2535,,-6.8,1.27,23
,,CMa,108.279975,-11.251341,202.4291,5.770,34888,55589,2723,,-2.75,8.04,9
,,Lyn,115.061250,38.344539,359.7122,5.770,37369,61294,2935,,-40.19,-11.53,46
,,Car,119.710650,-60.824462,322.5806,5.770,38994,66194,3147,,-4.54,10.73,11
,,Vel,122.999865,-46.644351,751.8797,5.770,40155,68808,3232,,-3.65,7.61,26
,,Pup,123.555255,-35.490019,68.8705,5.770,40344,69123,3242,,-46.16,21.91,27
,,Car,141.363795,-61.950476,77.3994,5.770,46225,81830,3752,,-115.54,55.95,12
,,Cen,168.311190,-44.372216,192.6782,5.770,54811,97576,4354,,-5.4,1.92,1
,,Crt,172.410915,-24.464011,136.6120,5.770,56078,99922,4428,,-49.69,19.4,-2
,,Cen,183.354345,-38.929188,436.6812,5.770,59607,106231,4648,,-29.09,-11.69,-43
,,Cen,207.946755,-46.898666,487.8049,5.770,67663,120640,5206,,-15.69,-14.83,-5
,,Lup,226.858110,-49.088612,103.5197,5.770,74006,133631,5617,,22.29,9.5,-12
,,Dra,233.987730,54.630567,78.3085,5.770,76376,139493,5818,,-38.19,-0.57,-19
,,Oph,260.990070,8.852571,221.7295,5.770,85139,157617,6476,,4.22,-6.91,16
,,Oph,268.309110,6.101424,31.1236,5.770,87558,162917,6670,,-127.82,69.89,-33
,,Sct,277.857060,-10.795836,330.0330,5.770,90804,170740,6946,,1.67,-17.6,-15
,,Cyg,316.626015,31.184657,518.1347,5.770,104185,201078,8084,,3.98,-4.78,-1
,,Cyg,323.235780,49.977629,151.0574,5.770,106393,205314,8246,,15.81,11.86,-33
,,Peg,324.754935,20.265451,39.7456,5.770,106897,206043,8276,,122.57,-1.14,-13
,,Gru,348.744165,-41.105397,76.5697,5.770,114775,219263,8835,,110.13,-111.8,26
,117    Tau,Tau,82.006710,17.239130,187.9699,5.770,25583,35802,1816,,16.53,-46.15,-23
,12    And,And,350.221845,38.182326,41.9639,5.770,115280,220117,8885,,129.56,-61.21,-9
,12    Oph,Oph,249.089370,-2.324584,9.7513,5.770,81300,149661,6171,Gl 631,455.22,-307.63,-12.1
,19    CVn,CVn,198.883230,40.855199,74.0741,5.770,64692,115271,5004,,-120.26,11.09,-18
,19    Sex,Sex,153.201525,4.614680,127.5510,5.770,50027,88547,4004,,-48.72,-4.37,32
,21    Psc,Psc,357.364485,1.076131,93.1099,5.770,117491,223438,9022,,-0.25,-26.32,5
,22    UMa,UMa,143.722620,72.205679,49.0918,5.770,47013,82189,3768,,72.02,-76.06,-38
,35    Sex,Sex,160.837170,4.747669,169.4915,5.770,52452,92841,4193,,19.69,-32.96,-6
,37    Her,Her,250.161195,4.219789,90.0090,5.770,81641,150378,6195,,-0.23,-10.7,-34
,44    Psc,Psc,6.350865,1.939692,144.0922,5.770,2006,2114,97,,-14.33,-12.89,-4
,48    Hya,Hya,210.000555,-25.010403,55.9910,5.770,68390,122066,5257,,-194.14,-91.78,-17
,56    Per,Per,66.156060,33.959686,40.6174,5.770,20591,27786,1379,,54.69,-83.07,-32
,59    Gem,Gem,111.139380,27.637857,57.4053,5.770,35941,57927,2816,,14.32,15.45,-5
,80    Peg,Peg,357.838530,9.313351,259.0674,5.770,117628,223637,9030,,-9.84,-65.52,-9
,,Cet,1.082475,-16.529036,90.6618,5.780,343,225197,9101,,53.77,-60.27,-27
,,Oct,3.331485,-84.993978,298.5075,5.780,1074,1032,47,,10.97,17.4,4
,,Cas,9.113925,60.326215,100000.0000,5.780,2876,3283,146,,3.05,-1.1,-9
,,Tri,27.173250,32.690210,27.8552,5.780,8433,11007,523,GJ 3115,-166.73,297.35,-26.5
,,Cet,28.217130,-16.929250,94.1620,5.780,8778,11522,547,,41.36,-51.94,-4
,,Per,51.123735,33.535962,133.5113,5.780,15876,20995,1019,,31.87,-22.99,2
,,Per,57.973830,34.359119,258.3979,5.780,18081,24131,1191,,4.28,-4.22,18
,,Ori,80.431500,8.428556,436.6812,5.780,25041,34989,1763,,-2.2,-2.97,26
,,Lep,81.499275,-19.695399,45.0248,5.780,25397,35736,1812,,3.43,-19.06,6
,,Ori,86.717235,9.522343,91.3242,5.780,27280,38527,1987,,-33.29,-64.54,-26
,,Aur,93.083850,32.693380,285.7143,5.780,29451,42471,2189,,-8.69,-4.02,-51
,,Pic,96.057750,-60.281325,93.0233,5.780,30463,45557,2345,,-30.78,29.99,10
,,Mon,98.815950,0.890216,467.2897,5.780,31446,46769,2409,,-3.36,-2.33,10
,,Mon,102.707640,-0.540882,29.6824,5.780,32851,49933,2530,,22.12,-187.07,-15
,,Gem,105.572895,15.336008,183.1502,5.780,33914,52556,2632,,4.79,-25.03,-14
,,Mon,106.412610,9.185800,303.9514,5.780,34215,53510,2663,,41.94,-14.99,46
,,CMi,108.914295,7.977742,166.3894,5.780,35120,56031,2747,,23.64,2.2,-9
,,Pup,112.270485,-31.456216,327.8689,5.780,36362,59550,2873,,-10.44,5.47,8
,,Pup,113.644995,-27.012275,99.2063,5.780,36848,60666,2916,,-46.86,71.46,-6
,,Pup,114.682920,-36.496830,305.8104,5.780,37223,61641,2954,,-6.84,4.84,19
,,Car,117.303855,-60.283688,34.5901,5.780,38160,64185,3070,,-37.41,140.08,20
,,Vol,117.420810,-66.195974,150.8296,5.780,38210,64484,3081,,-1.81,-0.58,11
,,Lyn,120.336510,59.047398,46.1255,5.780,39221,65301,3106,,25.3,32.64,-40
,,Car,133.452765,-60.353909,440.5286,5.780,43669,76538,3560,,-10.05,9.22,2
,,Vel,137.889105,-46.583911,304.8780,5.780,45122,79275,3658,,-7.17,7.65,7
,,Vel,153.366720,-51.755788,104.7120,5.780,50078,88842,4020,,-53.27,6.95,18
,,Cru,187.475820,-56.524940,156.0062,5.780,60969,108732,4754,,5.79,11.99,42
,,Cen,189.004335,-39.869505,72.7802,5.780,61498,109573,4796,,-55.92,-24,6
,,Cen,197.787075,-42.232891,84.8896,5.780,64332,114435,4970,,-76.67,-26.1,-11
,,Boo,221.524785,15.131788,247.5248,5.780,72208,130144,5512,,-85.07,19.27,-22
,,Nor,237.529560,-53.209770,94.5180,5.780,77562,141168,5869,,-27.6,-39.07,16
,,Nor,238.884975,-60.177647,51.2558,5.780,77990,142049,5900,,-47.33,-71.19,
,,Lup,239.338860,-36.185344,242.7184,5.780,78142,142691,5929,,-9.83,-12.37,-5
,,Sco,253.743765,-41.150858,694.4444,5.780,82775,152408,6272,,-0.16,-1.36,-140
,,Ara,265.317660,-46.921830,245.7002,5.780,86552,160263,6572,,10.77,-7.68,-12
,,Pav,267.897795,-60.164056,123.1527,5.780,87393,161814,6624,,-0.14,-15.69,17
,,Sgr,279.627975,-23.504893,151.0574,5.780,91405,171961,6990,,-0.53,-19.6,-33
,,Vul,286.659975,24.250793,107.1811,5.780,93845,178187,7250,,58.3,14.37,-22
,,Cyg,308.478510,46.693866,132.2751,5.780,101475,196178,7870,,9.66,1.82,-22
,,Peg,327.892695,19.826682,161.5509,5.780,107887,207840,8348,,20.51,13.33,-20
,,Peg,332.655975,11.624539,208.7683,5.780,109471,210502,8458,,-46.82,-54.38,17
,,Ind,336.293595,-70.431622,49.4560,5.780,110668,212211,8527,,121.79,-62.31,4
,,Psc,358.694265,0.109309,195.3125,5.780,117887,224062,9047,,-40.93,-14.63,-2
,1    Cam,Cam,68.007675,53.910830,100000.0000,5.780,21148,28446,1417,,-3.19,-5.99,-7
,13Xi 1Lib,Lib,223.595310,-11.898348,103.3058,5.780,72934,131530,5554,,-55.68,-7.09,-24
,19    Cap,Cap,313.699245,-17.922894,111.8568,5.780,103226,199012,8000,,-58.88,-17.03,-39
,24    UMi,UMi,262.695840,86.968047,46.8823,5.780,85699,166926,6811,,56.09,9.68,1
,35    Cap,Cap,321.811755,-21.196210,171.8213,5.780,105928,204139,8207,,-24.64,-33.95,23
,37Omi Ari,Ari,41.137395,15.311862,182.1494,5.780,12803,17036,809,,4.29,-15.63,-7
,41    Aur,Aur,92.902440,48.710989,102.4590,5.780,29388,42126,2175,,14.3,-55.85,29
,44    Cas,Cas,25.832265,60.551332,320.5128,5.780,8046,10425,491,,13.57,-15.78,-33
,56    Ari,Ari,48.059355,27.256968,154.0832,5.780,14893,19832,954,,11.77,-18.34,11
,56    Eri,Eri,71.022165,-8.503571,100000.0000,5.780,22024,30076,1508,,4.44,1.51,15
,89    Tau,Tau,69.539340,16.033291,49.8256,5.780,21588,29375,1472,,113.05,-40.4,38
,Lam2For,For,39.244215,-34.577977,25.7798,5.780,12186,16417,772,Gl 105.1,-18.27,-259.92,10.3
,Nu  Men,Men,65.241825,-81.579920,52.0562,5.780,20297,29116,1456,,9.07,126.08,14
,Zet Nor,Nor,243.344760,-55.540947,66.7557,5.780,79497,145361,6019,,-100.49,-41.91,-46
Tonatiuh,,Cam,181.311765,76.905734,97.0874,5.780,58952,104985,4609,,147.22,-92.36,-20
,,And,5.189670,32.911186,191.9386,5.790,1657,1632,79,,-29.44,-17.29,-36
,,Scl,22.930200,-30.283081,102.3541,5.790,7118,9377,441,,-4.43,-64.34,3
,,Cet,40.051755,-9.452875,21.7581,5.790,12444,16673,784,GJ 3175,-138.45,-78.69,-4
,,Per,48.949875,57.140620,877.1930,5.790,15192,20041,964,,-1.95,-2,-12
,,Per,53.395965,39.899478,56.0538,5.790,16591,21912,1078,,17.06,-45.98,4
,,Cam,56.503605,67.201605,55.4324,5.790,17585,23005,1124,,82.08,-113.37,6
,,Ret,68.391795,-62.823677,45.1467,5.790,21253,29399,1475,,-117.21,-19.34,31
,,Ori,73.958970,15.040278,111.4827,5.790,22913,31373,1576,,-4.54,-11.54,7
,,Men,83.686590,-73.741277,333.3333,5.790,26169,37993,1964,,0.06,37.09,-11
,,Ori,87.511185,9.871218,109.8901,5.790,27549,39007,2014,,14.82,-1.68,44
,,Col,91.523070,-29.758624,85.2515,5.790,28899,41843,2164,,10.94,-41.69,7
,,CMa,94.745730,-20.925611,537.6344,5.790,30011,44081,2271,,-3.32,3.9,31
,,Mon,100.272675,0.495323,384.6154,5.790,31992,47964,2461,,-7.48,-5.04,23
,,CMa,111.284655,-13.751978,35.6379,5.790,35998,58461,2832,,-202.9,-0.91,7
,,CMa,111.355290,-25.217767,432.9004,5.790,36024,58612,2841,,-8.66,-0.89,24
,,CMa,111.965250,-11.556867,485.4369,5.790,36251,59067,2859,,-2.13,-2.31,15
,,Gem,115.466025,13.480453,238.6635,5.790,37508,61885,2965,,-35.61,-24.95,7
,,Vel,128.966805,-50.969651,136.7989,5.790,42177,73340,3413,,-13.69,10.46,23
,,Cha,131.480085,-79.504373,152.9052,5.790,43012,76236,3543,,-26.11,81.26,7
,,Vel,133.200075,-38.724086,214.1328,5.790,43603,76110,3535,,-3.06,18.39,21
,,Hya,139.888050,-15.834663,138.5042,5.790,45743,80479,3704,,36.93,-52.86,-30
,,UMa,140.430390,56.699219,230.4147,5.790,45915,80390,3698,,-10.55,-11.91,21
,,Car,147.800205,-59.425774,236.4066,5.790,48339,85655,3913,,28.4,-41.59,24
,,Hya,167.472465,-32.367529,120.9190,5.790,54561,97023,4339,,17.54,-29.6,
,,Leo,168.507645,8.060695,60.5694,5.790,54863,97605,4358,,46.23,-106.76,17
,,Cen,185.936475,-38.911381,102.7749,5.790,60463,107860,4714,,-56.54,-12.46,-8
,,Vir,197.301810,10.022468,94.5180,5.790,64179,114256,4960,,22.78,0.18,-0.4
,,Cen,205.044840,-64.576553,69.4444,5.790,66681,118666,5130,,-69.6,0.46,4
,,Lib,234.450165,-23.141698,84.2460,5.790,76532,139254,5806,,-31.72,-75.18,7
,,CrB,240.830685,36.631787,200.8032,5.790,78649,144208,5983,,8.03,-13.52,-1
,,Sco,247.060275,-37.179881,110.3753,5.790,80672,148247,6122,,15.06,-26.9,-14
,,TrA,254.891565,-69.268164,241.5459,5.790,83150,152564,6276,,-13.94,-13.12,-1
,,Her,278.802510,18.203410,198.4127,5.790,91118,171623,6977,,21.25,7.46,-21
,,Sgr,288.306945,-25.906786,520.8333,5.790,94434,179323,7277,,-2.11,-9.21,3
,,Cyg,298.701045,36.995676,369.0037,5.790,97985,188650,7606,,11.16,8.54,-24
,,Cap,310.135500,-16.124180,100.4016,5.790,102026,196857,7905,,-68.21,73.94,-4
,,Aqr,323.823420,-3.983305,128.2051,5.790,106592,205423,8251,,-9.59,-4.8,-2
,,Cyg,330.460770,52.882253,306.7485,5.790,108758,209419,8403,,9.99,2.67,-22
,,Peg,337.292610,26.763198,384.6154,5.790,110992,213179,8564,,26.09,-4.42,-45
,,Lac,343.417320,44.749163,56.9152,5.790,113048,216608,8708,,-2.97,-15.72,12
,,Gru,345.998490,-41.478896,95.3289,5.790,113902,217842,8771,,12.25,55.93,-15
,100    Her,Her,271.956255,26.097340,38.5802,5.790,88817,166046,6782,,-10.47,29.79,-16
,20    Ari,Ari,33.941835,25.782937,42.1053,5.790,10540,13871,656,,176.41,-66.38,26
,25    Peg,Peg,331.959615,21.702926,186.5672,5.790,109240,210129,8438,,-45.18,-68.26,-52
,32    LMi,LMi,157.526880,38.925132,231.4815,5.790,51420,90840,4113,,-15.68,-4.62,2
,35    Aql,Aql,292.254120,1.950448,61.1995,5.790,95793,183324,7400,,-0.51,-33.35,12
,39    UMa,UMa,160.930530,57.199203,113.3787,5.790,52478,92728,4187,,17.38,-51.66,-15
,44    Vir,Vir,194.914650,-3.811926,77.9423,5.790,63414,112846,4921,,-48.2,6.57,-18
,51    Aqr,Aqr,336.028680,-4.837020,124.3781,5.790,110578,212404,8533,,26.35,-7.77,6
,98    Tau,Tau,74.539125,25.050405,87.1840,5.790,23088,31592,1590,,26.23,-47.62,26
,99    Tau,Tau,74.452695,23.948562,139.6648,5.790,23068,31553,1586,,2.61,-9.37,4
268 G. Cet,,Cet,39.020355,6.886870,7.1803,5.790,12114,16160,753,Gl 105A,1806.27,1442.5,26
,,Cas,1.275585,61.313970,221.7295,5.800,418,225289,9110,,14.29,2.24,14
,,Phe,11.439750,-47.551985,15.1584,5.800,3583,4391,209,GJ 1021,183.96,78.36,-11.4
,,Cas,39.400140,65.745336,283.2861,5.800,12239,16024,747,,42.97,-8.85,41
,,Cep,41.948520,81.448475,133.1558,5.800,13055,16458,774,,18.78,-78.4,18
,,Cam,58.430175,57.975141,50.5051,5.800,18217,24141,1192,,85.08,-93.81,-5
,,Eri,62.900835,-20.356157,80.9717,5.800,19571,26591,1300,,45.73,49.83,-13
,,Eri,77.084130,-8.665324,208.7683,5.800,23916,33224,1671,,3.68,-20.78,27
,,Ori,82.348695,-3.446394,151.0574,5.800,25708,36134,1830,,-28.01,-9.45,23
,,Col,91.363230,-35.513647,83.1255,5.800,28855,41759,2160,,13.88,16.09,24
,,Pup,106.779495,-40.893268,238.0952,5.800,34339,54475,2691,,-10.62,11.3,6
,,Mon,108.545205,-3.901779,396.8254,5.800,34975,55775,2731,,-34.21,-8.09,22
,,Lyn,111.237855,51.887258,317.4603,5.800,35984,57646,2804,,9.46,-35.14,18
,,Pup,116.040405,-36.062505,42.9553,5.800,37710,62781,3007,,-79.39,85.83,29
,,Cnc,125.087370,20.747721,172.7116,5.800,40866,69994,3264,,64.81,-45.59,-17
,,Hya,128.506740,-2.151555,90.3342,5.800,42028,72660,3383,,-33.38,20.68,4
,,Hya,134.683035,-16.132727,21.0349,5.800,44075,76932,3578,GJ 3523,244.35,213.46,120.8
,,Car,135.190605,-60.963828,401.6064,5.800,44256,77615,3604,,-4.42,7.76,18
,,Car,145.258950,-57.259542,112.8668,5.800,47498,84152,3864,,76.24,-41.64,39
,,Leo,146.541855,6.708556,602.4096,5.800,47943,84542,3876,,5.68,-24.03,3
,,Car,152.375790,-68.682779,209.2050,5.800,49764,88473,4002,,-19.74,22.09,10
,,Vel,154.658415,-56.110393,36.0620,5.800,50493,89569,4061,,-239.33,115.9,11
,,Leo,171.245535,11.430292,150.3759,5.800,55716,99196,4404,,-101.94,-7.36,38
,,Cen,171.697005,-53.159915,187.6173,5.800,55849,99574,4417,,-40.94,16.76,-8
,,Leo,174.074805,27.781351,71.5820,5.800,56601,100808,4465,,19.72,20.04,8
,,UMa,184.373265,53.191331,105.7082,5.800,59920,106884,4672,,38.5,-45.45,-41
,,Lib,221.528205,-23.153018,103.7344,5.800,72210,129944,5499,,25.85,-64.04,7
,,Boo,222.493320,28.615832,98.4252,5.800,72552,130917,5532,,18.8,-0.72,1
,,Tel,282.363855,-45.810100,109.8901,5.800,92367,173791,7065,,74.9,57.31,10
,,Sgr,300.201360,-45.112918,81.3670,5.800,98512,189198,7630,,3.39,5.82,3
,,Aqr,334.219020,-9.040067,113.2503,5.800,110009,211392,8500,,-58.02,-12.11,12
,,Cep,339.303705,75.371811,214.1328,5.800,111660,214710,8625,,44.7,7.85,-7
,1    Cnc,Cnc,119.247720,15.790281,142.8571,5.800,38848,64960,3095,,-28.28,-41.64,10
,15    Sge,Sge,301.025985,17.070173,17.7683,5.800,98819,190406,7672,Gl 779,-394.07,-406.42,4.8
,17    CMa,CMa,103.761405,-20.404876,154.5595,5.800,33248,51055,2588,,0.38,-10.35,-15
,18Ups CrB,CrB,244.186605,29.150261,204.4990,5.800,79757,146738,6074,,23.6,-17.05,7
,19    Lyn,Lyn,110.716905,55.281392,100000.0000,5.800,35785,57103,2784,,-11.23,-32.04,5
,22Tau7Ser,Ser,235.477980,18.464037,53.0786,5.800,76878,140232,5845,,-73,56.85,-30
,35    Aqr,Aqr,332.245800,-18.519592,714.2857,5.800,109332,210191,8439,,0.17,-7.47,-5
,41    Sex,Sex,162.575235,-8.897763,95.2381,5.800,52980,93903,4237,,-5.33,-14.72,-4
,45    And,And,17.792835,37.724121,242.1308,5.800,5550,7019,348,,-15.54,-6.96,-1
,47    Ari,Ari,44.521710,20.668733,33.1675,5.800,13834,18404,878,,234.79,-31.64,28
,53    Oph,Oph,263.652900,9.586700,103.5197,5.800,85998,159480,6548,,6.63,-9.77,-14
,66    Psc,Psc,13.646775,19.188417,108.1081,5.800,4267,5267,254,,11.05,-7.69,10
,74    Aqr,Aqr,343.369605,-11.616514,253.1646,5.800,113031,216494,8704,,23.03,1.93,-7
,85    Peg,Peg,0.542085,27.082256,12.1699,5.800,171,224930,9088,Gl 914A,778.59,-918.72,-37.6
,p Eri,Eri,24.945045,-56.194620,8.1466,5.800,7751,10361,487,Gl 66A,268.8,25.41,19.5
,,Psc,17.581050,25.457763,120.7729,5.810,5494,6953,341,,2.92,-113.75,5
,,Hor,34.976085,-55.944796,189.0359,5.810,10871,14641,688,,23.32,18.71,49
,,And,35.709660,41.396297,47.0146,5.810,11090,14622,687,,-74.2,-97.68,-35
,,Cet,39.146130,7.730026,90.7441,5.810,12148,16247,766,,-56.19,-21.21,-25
,,Eri,45.732735,-46.975036,259.7403,5.810,14187,19141,929,,24.77,2.42,16
,,Ret,52.715385,-66.489714,265.9574,5.810,16368,22252,1092,,16.99,1.7,29
,,Eri,57.148770,-20.902977,181.8182,5.810,17798,23978,1187,,-29.81,-16.7,3
,,Eri,65.773635,-24.892157,153.6098,5.810,20465,27881,1384,,19.59,-15.64,29
,,Cam,79.555200,73.268071,111.2347,5.810,24732,33541,1683,,-7.94,-26.82,9.9
,,Col,84.681360,-40.707306,134.7709,5.810,26545,37717,1947,,-2.31,21.19,4
,,Pic,89.656455,-44.034562,362.3188,5.810,28287,40733,2117,,-12.02,9.49,12
,,Car,101.473830,-52.409691,395.2569,5.810,32402,49517,2515,,-3.55,9.14,23
,,Pup,109.132725,-38.318928,187.2659,5.810,35202,56733,2769,,-7.91,4.93,45
,,Vel,164.997465,-43.807110,93.5454,5.810,53762,95347,4292,,-62.71,10.03,-5
,,CVn,199.615515,34.098304,153.6098,5.810,64927,115723,5022,,29.23,4.55,-20
,,Cen,200.567865,-52.182956,100000.0000,5.810,65247,116084,5036,,-4.47,-1.95,-15
,,Hya,204.675315,-29.560867,46.2749,5.810,66563,118646,5128,,-86.56,-77.17,4
,,Hya,206.403735,-26.116009,87.0322,5.810,67143,119752,5167,,-71.63,-10.23,-10
,,Dra,238.069035,55.826713,102.8807,5.810,77738,142531,5922,,-23.82,54.06,-30
,,Sgr,274.298445,-17.373886,299.4012,5.810,89609,167720,6838,,-1.78,-14.18,-7
,,Her,276.494940,29.828930,124.2236,5.810,90342,169981,6917,,23.23,-24.45,9
,,Aql,290.589765,-0.252345,103.7344,5.810,95222,181907,7349,,60.43,-27.28,-11
,,Cyg,301.557345,53.165688,36.5631,5.810,99026,191195,7697,,212.85,255.21,-41
,,Cep,303.364965,60.640569,177.9359,5.810,99663,192781,7742,,39.03,55.82,-1
,,Gru,346.811610,-50.686681,45.7038,5.810,114167,218269,8793,,-37.53,-23.32,
,,And,354.383505,44.428994,247.5248,5.810,116582,222109,8962,,15.16,-17,-11
,,And,359.872080,33.723878,28.9268,5.810,118281,224635,9074,GJ 4384A,-59.03,-104.99,-7.6
,10    And,And,349.968375,42.078044,147.4926,5.810,115191,219981,8876,,47.78,4.25,3
,39    Leo,Leo,154.310670,23.106220,22.8050,5.810,50384,89125,4039,Gl 387A,-413.29,-97.22,37.5
,9    Equ,Equ,320.270100,7.354503,200.8032,5.810,105413,203291,8163,,41.25,-17.88,-20
Dziban B,31Psi1Dra,Dra,265.491915,72.156911,23.0627,5.810,86620,162004,6637,Gl 694.1B,34.97,-273.61,-10.9
,,Per,52.653930,48.103596,273.9726,5.820,16340,21551,1051,,21.23,-24,5
,,Tau,54.197040,0.587758,30.6843,5.820,16846,22468,1099,,-32.98,-163.45,-23
,,Cam,57.402540,63.296967,71.6332,5.820,17891,23523,1158,,-17.8,-56.65,-14
,,Cae,72.867555,-34.906286,82.1693,5.820,22573,31093,1559,,24.68,-22.43,23
,,Col,91.765290,-34.312021,312.5000,5.820,28992,42054,2170,,2.83,0.44,18
,,Pic,96.767205,-58.002116,172.7116,5.820,30703,45984,2369,,-8.51,-4.43,13
,,Col,97.804560,-35.258840,188.6792,5.820,31072,46349,2388,,-2.48,8.55,14
,,Aur,98.113275,32.454898,80.5802,5.820,31173,46052,2372,,-26.51,-17.52,-9
,,Pup,117.303600,-46.857717,591.7160,5.820,38159,63949,3058,,-3.32,9.67,25
,,Vel,127.281540,-44.160413,438.5965,5.820,41621,72067,3356,,-7.39,7.5,3
,,Cen,170.783940,-56.779355,233.1002,5.820,55581,99022,4398,,-31.63,5.72,3
,,Crv,183.748260,-20.844220,82.8500,5.820,59728,106485,4655,,1.34,5.55,16
,,Cen,199.308000,-43.979479,64.8929,5.820,64822,115331,5008,,-4.03,-15.47,-12
,,UMi,201.533490,72.391476,359.7122,5.820,65536,117187,5073,,22.62,-9.19,-48
,,Cen,209.082555,-46.592948,97.5610,5.820,68079,121416,5239,,-138.6,-90.31,-1
,,Boo,227.148180,25.108635,143.0615,5.820,74096,134335,5640,,-1.91,-0.69,-16
,,Lup,233.507145,-40.066432,352.1127,5.820,76207,138505,5767,,-39.18,-34.5,-40
,,Lib,234.567825,-21.016327,87.3362,5.820,76569,139329,5810,,63.82,-71.39,32
,,Ser,240.213060,4.427363,75.0751,5.820,78442,143553,5963,,-43.01,75.24,-4
,,Oph,261.175125,-21.441479,92.5069,5.820,85207,157527,6472,,-14.94,-27,-56
,,Oph,269.076675,0.670355,416.6667,5.820,87812,163472,6684,,-3.72,-0.36,-17
,,Sct,280.001610,-7.790799,178.5714,5.820,91532,172348,7007,,-21.13,-37.3,-23
,,Sgr,281.206680,-25.010914,177.3050,5.820,91974,173117,7035,,-1.21,-20.86,15
,,Ser,281.368185,5.500128,188.6792,5.820,92027,173495,7048,,15.54,1.96,-11
,,Sct,282.743790,-9.774096,854.7009,5.820,92488,174464,7094,,6.33,2.54,-18
,,Aql,285.884385,1.818768,54.8847,5.820,93580,177178,7214,,23.71,-68.65,-22
,,Sge,305.089185,17.792928,167.2241,5.820,100276,193579,7780,,16.32,-30.88,-33
,,PsA,339.147690,-31.663789,109.6491,5.820,111600,214122,8601,,-41.23,-39.38,13
,,Lac,342.046005,37.416688,103.3058,5.820,112590,215943,8678,,-42.58,-63.48,-25
,,Lac,343.529025,40.376907,93.1966,5.820,113084,216646,8712,,97.09,28.91,-6
,,Oct,353.331480,-77.385327,31.4367,5.820,116250,221420,8935,GJ 4340,15.66,1.79,26
,34Zet3Lib,Lib,232.668345,-16.609464,155.7632,5.820,75944,138137,5750,,23.95,-2.61,-2
,38    Cas,Cas,22.806660,70.264604,28.9771,5.820,7078,9021,427,,137.53,-76,5
,6    Eri,Eri,44.523870,-23.606012,203.2520,5.820,13835,18535,889,,71.99,51.95,7
,71    UMa,UMa,186.263400,56.777828,263.1579,5.820,60584,108135,4726,,-14.25,-12.46,-17
,8    Vul,Vul,292.237845,24.768723,157.7287,5.820,95785,183491,7406,,8.61,17.03,-27
,,Cas,10.514295,66.147592,158.4786,5.830,3299,3856,177,,-9.79,-8.55,-3
,,Cas,16.081260,61.580184,80.7754,5.830,5021,6210,297,,-79.86,-24.77,-16
,,Tau,84.286845,26.924473,154.7988,5.830,26396,37098,1902,,11.11,-22.68,10
,,Ori,93.475980,-3.741374,94.2507,5.830,29575,43023,2218,,-18.42,20.25,50
,,Mon,93.652935,-4.568457,196.0784,5.830,29629,43157,2224,,-6.5,2.35,20
,,Mon,110.605785,-5.982829,229.3578,5.830,35749,57749,2811,,-12.53,-8.44,11
,,Pup,120.767340,-32.463548,144.7178,5.830,39380,66598,3160,,-13.05,9.61,49
,,Vel,122.794980,-48.461994,258.3979,5.830,40077,68657,3227,,-17.24,4.02,15
,,Hya,139.282170,-14.574069,110.6195,5.830,45559,80050,3687,,-17.27,-4.63,-37
,,Vel,139.676490,-51.560651,100000.0000,5.830,45675,80558,3708,,-5.22,3.5,22
,,Ant,149.147880,-33.418496,157.4803,5.830,48748,86267,3932,,34.33,22.02,4
,,UMa,172.269315,61.778368,33.3000,5.830,56035,99747,4421,,-113.93,239.58,-8
,,UMa,192.164160,60.319822,24.0442,5.830,62512,111456,4867,GJ 9417,107.79,-30.6,-12
,,Cen,208.488510,-47.128164,100000.0000,5.830,67861,120991,5223,,-7.89,-4.3,-21
,,Lup,216.800880,-46.134254,67.8426,5.830,70663,126504,5401,,-152.52,-78.14,-26
,,Boo,219.563400,54.023339,110.2536,5.830,71573,128998,5467,,17.54,-19.04,-3
,,Her,249.046695,46.613333,306.7485,5.830,81289,150030,6183,,-11.23,3.31,-15
,,Sco,249.609555,-43.398426,192.3077,5.830,81472,149711,6174,,-11.68,-20.6,1
,,Aps,262.864470,-80.859134,271.0027,5.830,85760,156513,6429,,-2.27,-43.34,-19
,,Cyg,296.865750,38.407614,144.9275,5.830,97376,187235,7543,,4.45,-1.16,-28
,,Cyg,304.529115,40.732082,595.2381,5.830,100069,193322,7767,,-2.51,-6.53,-7
,,Cyg,314.106105,50.728598,51.2821,5.830,103359,199611,8025,,40.36,-21.22,-15
,,Cep,315.537510,56.669614,282.4859,5.830,103810,200614,8065,,9.75,1.14,-21
,,Mic,318.057090,-40.269362,31.6656,5.830,104680,201647,8100,GJ 9726,57.41,-219.43,6.3
,,Gru,347.489325,-42.861292,33.4113,5.830,114382,218630,8814,,-348.82,-50.54,12
,1    Ari,Ari,27.535710,22.275338,179.5332,5.830,8544,11154,530,,-14.32,-7.55,3
,100    Her,Her,271.956510,26.101280,49.6032,5.830,88818,166045,6781,,-1.92,24.37,-17
,15    Aqr,Aqr,319.546140,-4.519478,311.5265,5.830,105164,202753,8141,,11.82,13.69,-9
,21    Her,Her,246.045120,6.948207,112.3596,5.830,80351,147869,6111,,4.57,14.72,-33
,21    Peg,Peg,330.829305,11.386552,193.0502,5.830,108875,209459,8404,,16.71,-1.63,0.8
,28Rho1Cep,Cep,336.676830,78.785853,63.1712,5.830,110787,213403,8578,,-14.09,-37.12,-6
,40    Ari,Ari,42.133695,18.283790,141.6431,5.830,13108,17459,828,,42.54,-32.75,47
,5    Gem,Gem,92.884605,24.420253,174.2160,5.830,29379,42398,2185,,0.99,-52.04,22
,60    Hya,Hya,225.526785,-28.060611,101.7294,5.830,73566,132851,5591,,84.22,-34.14,8
,66    UMa,UMa,178.993380,56.598560,94.8767,5.830,58181,103605,4566,,7.7,-1.22,13
,77    Her,Her,261.684345,48.260065,115.2074,5.830,85379,158414,6509,,0.22,-3.02,-9
,9Del3CMi,CMi,113.566215,3.371725,176.3668,5.830,36812,60357,2901,,-3.19,-4.53,34
,,Psc,2.578620,-5.248588,58.3090,5.840,840,587,29,,34.98,-29.01,24
,,Cet,2.678475,-12.579897,75.0188,5.840,873,645,31,,149.39,-38.22,6
,,Scl,20.878995,-30.945617,299.4012,5.840,6502,8498,400,,-15.51,-45.83,-16
,,Tri,29.432265,27.804381,140.2525,5.840,9132,11928,564,,13.4,-58.83,-3
,,Phe,32.288760,-43.516596,159.7444,5.840,10035,13336,632,,-48.33,-51.42,-26
,,Tri,38.219280,34.542410,83.2639,5.840,11840,15755,738,,-54.69,-19.22,-2
,,Eri,45.483825,-9.961407,101.1122,5.840,14110,18885,912,,43.54,-5.52,12
,,Hor,49.360830,-47.751664,156.9859,5.840,15305,20640,998,,-6.9,30.31,-9
,,Cep,62.501280,86.626139,42.2297,5.840,19454,22701,1107,,142.7,-87.62,-4
,,Aur,72.329475,32.588191,83.7521,5.840,22407,30453,1528,,25.8,-31.74,21
,,CMa,107.923350,-20.883063,143.2665,5.840,34758,55344,2716,,-9.3,21.62,18
,,Pup,113.290740,-24.710731,84.5309,5.840,36721,60345,2900,,-1.83,20.07,15
,,Leo,154.174020,25.370705,108.9325,5.840,50336,89024,4032,,-128.51,3.18,34
,,Cen,174.093225,-61.052433,497.5124,5.840,56606,100929,4472,,-12.94,1.7,11
,,Cen,190.345845,-46.145581,277.7778,5.840,61916,110287,4818,,-70.95,59.98,7
,,UMa,194.073315,54.099489,86.6551,5.840,63143,112486,4917,,-78.1,2.54,-5
,,Cha,198.572295,-78.447454,374.5318,5.840,64587,114533,4976,,-8.41,-3.72,-18
,,Cen,198.680415,-48.957022,72.1501,5.840,64623,114971,4996,,-108.72,-89.45,56
,,Boo,214.368555,15.263380,233.6449,5.840,69829,125180,5352,,15.33,7.73,-10
,,Cir,217.818360,-67.717197,76.0456,5.840,71002,126862,5408,,36.16,-58.8,78
,,Lib,228.472140,-26.193569,305.8104,5.840,74539,135051,5658,,-14.01,-4.17,-28
,,Boo,234.642495,50.423283,115.4734,5.840,76594,139906,5835,,-4.69,-28.2,-14
,,Sco,239.418600,-20.983080,141.2429,5.840,78168,142883,5934,,-10,-22.35,1
,,Sco,250.439415,-33.145759,86.8810,5.840,81741,150331,6192,,-58.83,-56.81,-8
,,Sco,253.612260,-42.478891,440.5286,5.840,82716,152293,6266,,0.57,-6.33,-24
,,Sco,263.280780,-41.173066,465.1163,5.840,85889,158799,6523,,2.43,-3.6,-19
,,Sco,268.082340,-34.416842,242.7184,5.840,87472,162391,6648,,3.35,-4.86,-21
,,Ser,271.530825,-8.323956,158.7302,5.840,88670,165402,6755,,-2.45,-16.72,-23
,,Tel,279.809520,-47.909767,109.4092,5.840,91461,171819,6986,,26.39,14.85,-9
,,Dra,283.696425,48.859401,55.2792,5.840,92822,175824,7154,,-49.54,-132.66,-11
,,Vul,291.619530,19.891493,187.9699,5.840,95582,182955,7391,,0.64,-48.14,-34
,,Aql,292.086660,2.930030,294.9853,5.840,95732,183227,7397,,2.66,-15.24,-14
,,Peg,322.249065,22.179436,204.0816,5.840,106062,204585,8223,,33.24,13.06,-22
,,Cep,328.879140,65.320809,314.4654,5.840,108226,208682,8375,,5.74,-1.37,-15
,,Lac,341.542455,44.546054,56.9152,5.840,112417,215664,8666,,142.77,32.07,-10
,105    Tau,Tau,76.980990,21.704821,331.1258,5.840,23883,32991,1660,,1.75,-6.24,17
,2Xi 2Cap,Cap,303.107790,-12.617497,27.7008,5.840,99572,191862,7715,GJ 4139,193.25,-195.6,22.6
,38    LMi,LMi,159.781950,37.910000,52.3286,5.840,52139,92168,4168,,-220.38,-45.73,7
,40    Peg,Peg,339.719130,19.522263,114.4165,5.840,111810,214567,8618,,-45.17,-94.22,-20
,45Rho2Sgr,Sgr,290.462055,-18.308388,101.8330,5.840,95188,181645,7344,,102.34,-92.96,-13
,52    Gem,Gem,108.674895,24.884984,92.0810,5.840,35025,55621,2725,,54.8,-89.5,47
,Iot2For,For,39.577725,-30.194062,33.9443,5.840,12288,16538,777,,98.67,-73.97,29
,Xi  Men,Men,74.712435,-82.470512,113.1222,5.840,23148,34172,1716,,-5.1,4.12,-5
,,Per,40.747920,53.526105,141.2429,5.850,12686,16735,787,,57.18,-31.68,-12
,,Eri,59.718315,-5.469947,46.4468,5.850,18606,25069,1232,,-46.75,-174.03,36
,,Eri,65.178480,-7.592493,242.1308,5.850,20271,27563,1363,,4.47,-1.1,11
,,Tau,69.565965,20.684722,101.1122,5.850,21604,29365,1471,,-13.89,-8.23,-2
,,Cnc,135.686745,7.298267,194.1748,5.850,44406,77445,3599,,-9.32,1.43,27
,,Vel,138.534225,-44.145822,161.2903,5.850,45314,79694,3672,,-24.23,12.97,22
,,Vel,138.738195,-37.602396,196.8504,5.850,45386,79807,3677,,4.08,-12.26,-2
,,Leo,149.108235,8.933157,177.6199,5.850,48734,86080,3926,,-84.71,20.41,9
,,Car,162.351855,-59.323793,225.7336,5.850,52922,93943,4239,,-16.79,-5.94,4
,,Sex,162.431205,-9.852695,104.4932,5.850,52948,93833,4233,,9.78,-27.17,40
,,Hya,177.923385,-30.834809,31.1721,5.850,57841,103026,4548,,-10.46,-293.31,33
,,Dra,205.374375,64.822411,68.2128,5.850,66798,119476,5162,,55.02,-11.71,-6
,,Cen,223.657980,-33.300575,320.5128,5.850,72959,131432,5549,,-8.58,-5.75,-24
,,Lup,227.163345,-42.867921,118.7648,5.850,74100,133937,5625,,-20.52,-21.29,1
,,Dra,234.383430,54.508733,109.1703,5.850,76509,139778,5828,,-35.17,-20.49,-23
,,Dra,236.908005,55.376627,73.8007,5.850,77370,141675,5887,,12.64,4.82,-2
,,Sgr,279.722520,-21.051871,13.0839,5.850,91438,172051,6998,Gl 722,-74.88,-151.87,38.6
,,Cyg,288.021240,49.855755,24.4499,5.850,94336,179957,7293,GJ 9648B,-205.02,624.33,-41.2
,,Lyr,290.985405,43.388171,135.1351,5.850,95352,182694,7382,,16.3,-27.36,-0.7
,,Psc,345.178755,3.011805,136.6120,5.850,113622,217459,8751,,5.06,-83.58,19
,,Peg,348.360435,11.065001,105.9322,5.850,114641,219139,8833,,-9.12,-5.97,16
,,Aqr,358.124970,-14.251217,86.3558,5.850,117722,223774,9037,,-95.97,-4.18,2
,12    Vir,Vir,183.358080,10.262341,50.1756,5.850,59608,106251,4650,GJ 3716,-94.48,-7.95,2.3
,48    Gem,Gem,108.109905,24.128594,109.7695,5.850,34819,55052,2706,,-15.74,-44.94,13
,Psi9Aur,Aur,104.133570,46.273998,386.1004,5.850,33377,50658,2568,,-3.59,4.98,-41
,Sig2Gru,Gru,339.245190,-40.591034,65.8328,5.850,111643,214150,8602,,45.18,-69.65,15
,,Cas,4.287675,47.947405,343.6426,5.860,1372,1279,62,,4.05,-3.97,-9
,,Cas,12.037305,72.674482,61.2370,5.860,3750,4440,212,,133.71,9.87,1
,,Cet,33.254100,-21.000137,106.3830,5.860,10326,13692,651,,55.83,40.75,38
,,Per,42.923910,46.841939,119.9041,5.860,13339,17656,842,,-26.24,-25.75,-12
,,Eri,54.621885,-7.391863,112.3596,5.860,16989,22675,1108,,-1.06,-63.16,-30
,,Eri,65.362665,-0.098170,143.0615,5.860,20341,27611,1366,,-19.81,-124.66,-27
,,Per,70.839975,49.973789,209.6436,5.860,21972,29721,1493,,-5.18,-15.33,3
,,Eri,75.689145,-4.210121,91.9118,5.860,23475,32393,1625,,42.23,2.02,38
,,Col,81.772170,-40.943510,91.9118,5.860,25488,36060,1827,,3.27,108.48,36
,,Pic,82.899990,-45.925317,168.0672,5.860,25887,36734,1870,,18.57,36.13,7
,,Ori,93.619095,17.906353,162.0746,5.860,29616,42954,2214,,-2.89,-10.63,29
,,Gem,105.638700,16.674447,769.2308,5.860,33937,52609,2635,,-11.92,-7.32,35
,,Pup,109.517715,-43.986786,181.4882,5.860,35347,57197,2789,,-9.82,-5.56,13
,,Mon,112.356825,-7.551168,27.2405,5.860,36399,59380,2866,GJ 3443,50.78,125.93,9.1
,,CMi,118.880970,8.862840,39.0168,5.860,38712,64685,3087,,-6.92,-89.51,22
,,Vel,123.599475,-45.834522,362.3188,5.860,40357,69302,3250,,-8.83,10.71,20
,,Pyx,132.509295,-29.462997,230.4147,5.860,43370,75629,3513,,-15.79,5.43,-10
,,Car,139.365075,-74.734591,81.9672,5.860,45585,80950,3721,,-29.08,35.19,
,,Hya,142.593690,-15.577352,73.0994,5.860,46618,82232,3772,,-92.37,-65.37,24
,,Ant,142.887600,-35.714750,85.5432,5.860,46736,82514,3790,,156.61,-173.39,14
,,UMa,149.595285,72.879509,110.4972,5.860,48893,85841,3918,,-69.92,-36.52,4
,,LMi,152.803260,37.401900,195.6947,5.860,49893,88231,3993,,-20.32,-29.01,9
,,Crt,165.048720,-14.083368,142.6534,5.860,53778,95314,4289,,-8.79,-28.65,-6
,,Com,188.784030,21.881384,195.6947,5.860,61420,109519,4793,,21.99,-19.56,-14
,,Hya,189.764430,-30.422387,191.5709,5.860,61720,109960,4810,,-38.64,-15.55,-13
,,Vir,214.659405,-18.715968,102.0408,5.860,69929,125248,5355,,-65.6,-35.37,-9
,,Lup,218.374875,-52.679522,100.3009,5.860,71182,127501,5427,,-2.78,-17.07,-42
,,Lup,218.385060,-54.998628,76.4526,5.860,71184,127486,5426,,-93.43,-4.98,-0.4
,,Boo,222.565845,23.911844,18.1719,5.860,72567,130948,5534,Gl 564,144.73,32.42,-2.7
,,Nor,237.489600,-48.912408,59.5948,5.860,77541,141194,5871,,-27.63,-10.43,12
,,Sco,242.182170,-23.685416,136.0544,5.860,79098,144844,6003,,-10.21,-25.79,-14
,,Sco,242.823840,-41.119803,64.7249,5.860,79320,145191,6015,,-79.37,-125.52,-14
,,Her,251.832270,42.238918,231.4815,5.860,82172,151732,6242,,2.29,-25.31,-7
,,Oph,253.355100,-20.415555,26.9397,5.860,82621,152311,6269,,-58.05,-27.26,-17
,,Ara,260.730105,-58.010327,335.5705,5.860,85049,156768,6438,,-5.59,-15.56,-10
,,Oph,269.903175,-4.821126,171.8213,5.860,88101,164064,6706,,-2.5,-88.3,-32
,,CrA,272.773140,-41.359113,82.7130,5.860,89099,166114,6786,,32.46,-38.3,-4
,,Aps,272.815710,-75.891510,75.3012,5.860,89115,164712,6731,,16.71,-294.43,15
,,Aps,273.142230,-73.672417,42.1408,5.860,89234,165259,6751,,-54.84,-262.65,13
,,CrA,287.490225,-41.892256,444.4444,5.860,94157,178322,7257,,-0.17,-11.02,13
,,Cyg,295.937880,41.773108,174.8252,5.860,97081,186619,7514,,19.09,10.07,-41
,,Sgr,306.361785,-28.663269,153.8462,5.860,100738,194215,7801,,11.73,4.05,-7
,,Cap,312.323385,-25.781240,295.8580,5.860,102772,198174,7961,,12.83,-18.62,-12
,,Peg,343.259445,16.841194,89.5255,5.860,112997,216489,8703,,-20.97,-27.59,-12
,,Cep,353.745975,71.642043,645.1613,5.860,116380,221861,8952,,5.26,-2.44,-3
,,And,357.420660,36.425281,129.7017,5.860,117503,223460,9024,,0.2,-47.81,1
,23Psi Ser,Ser,236.007585,2.515173,14.6585,5.860,77052,140538,5853,Gl 596.1A,-44.96,-144.73,19.4
,4    Ari,Ari,27.045570,16.955551,84.3882,5.860,8387,10982,522,,55.87,-32.97,10
,4    Cap,Cap,304.505820,-21.809960,96.9932,5.860,100062,192879,7748,,35.39,-24.74,-18
,6    Lyn,Lyn,97.696350,58.162633,55.8036,5.860,31039,45410,2331,,-30.02,-338.85,36
,,Cas,0.650355,66.098966,100000.0000,5.870,207,225009,9094,,3.32,1.14,-18
,,Cas,19.049580,71.743842,847.4576,5.870,5926,7389,365,,-1.59,-1.18,-17
,,Cet,30.744030,-15.305932,109.8901,5.870,9572,12583,608,,25.62,7.32,6
,,Tau,66.869865,11.212300,180.1802,5.870,20804,28217,1402,,-2.51,-13.2,4
,,Ori,84.504660,7.541420,239.2344,5.870,26487,37320,1920,,11.39,-14.74,19
,,Lep,87.472920,-22.971872,170.3578,5.870,27533,39190,2026,,-15.31,21.41,44
,,Ori,88.875720,-4.616546,96.9932,5.870,28011,39910,2070,,27.05,-20.54,26
,,Mon,96.664935,-1.507336,72.4638,5.870,30666,45320,2324,,-10.11,-29.4,10
,,CMa,110.268060,-25.891643,196.0784,5.870,35626,57615,2802,,-11.92,13.44,23
,,Car,112.498875,-52.651157,110.3753,5.870,36444,60060,2884,,-22.51,53.54,26
,,Pup,116.543940,-37.933670,181.1594,5.870,37915,63215,3022,,-19.53,12.37,28
,,Car,120.208125,-54.151275,235.2941,5.870,39184,66441,3156,,-26.2,8.56,
,,Hya,162.058815,-31.687850,143.0615,5.870,52841,93657,4225,,-29.19,1.61,21
,,Cen,171.387930,-37.747575,136.7989,5.870,55763,99333,4411,,-41.69,-11.45,7
,,Cen,191.692620,-33.315483,108.9325,5.870,62360,111032,4850,,11.6,-28.28,31
,,CVn,192.544815,37.516937,109.7695,5.870,62641,111604,4875,,-88.59,21.83,-14
,,Cen,208.429590,-53.373323,276.2431,5.870,67836,120908,5217,,-15.97,-17.43,7
,,Hya,214.753830,-25.815426,18.0343,5.870,69965,125276,5356,Gl 542.1A,-356.39,366.76,-21
,,Cir,216.779595,-65.821646,277.0083,5.870,70657,126241,5391,,-18.48,-14.36,-20
,,Ara,258.325095,-67.196591,100.0000,5.870,84248,154903,6368,,-156.26,-90.1,-8
,,Dra,264.286875,72.455794,111.2347,5.870,86219,161178,6606,,24.06,15.34,8
,,Sco,266.175030,-42.729302,72.0981,5.870,86847,160928,6597,,5.18,-0.97,-9
,,Her,277.398795,23.866202,375.9398,5.870,90637,170650,6943,,0.05,-1.95,-17
,,Aql,299.947275,-9.958238,22.2025,5.870,98416,189340,7637,Gl 773.3,-246.73,-392.36,30.2
,,Cyg,304.002555,45.579525,34.2583,5.870,99889,192985,7756,,9.25,-54.94,-40
,,Cyg,305.934870,37.476449,414.9378,5.870,100574,194335,7807,,5.09,0.17,-30
,,Aqr,312.674070,-12.544906,80.9717,5.870,102891,198431,7976,,127.05,-72.39,-44
,,Peg,333.411225,28.608017,74.8503,5.870,109730,211006,8482,,74.04,-3.99,-19
,11    Lyn,Lyn,99.409980,56.857531,101.7294,5.870,31665,46590,2402,,-9.26,9.79,0.4
,16    Aqr,Aqr,320.267985,-4.560125,90.9091,5.870,105412,203222,8160,,-12.89,11.04,-6
,2Ome1Cnc,Cnc,120.232800,25.392836,203.2520,5.870,39191,65714,3124,,17.78,6.49,2
,3    Sco,Sco,238.664715,-25.243741,157.9779,5.870,77909,142301,5912,,-12.29,-25.45,-9
,33    Gem,Gem,102.457650,16.202888,263.1579,5.870,32753,49606,2519,,-14.94,-10.44,13
,42    Cet,Cet,19.951230,-0.509029,100.7049,5.870,6226,8036,385,,5.35,-13.91,14
,64    Aur,Aur,109.509240,40.883392,85.2515,5.870,35341,56221,2753,,-15.04,12.15,-10
,7    LMi,LMi,142.680090,33.655711,153.8462,5.870,46652,82087,3764,,-21.01,-48.17,2
,,And,4.659375,31.517227,166.6667,5.880,1493,1439,71,,58.09,-2.91,-5
,,And,7.856805,33.581642,116.1440,5.880,2475,2767,122,,49.61,-16.26,9
,,Cet,13.926660,-7.347149,184.5018,5.880,4346,5384,263,,-6.99,-44.82,2
,,Oct,24.479385,-82.974995,27.3823,5.880,7601,10800,512,Gl 67.1,122.3,120.7,5.4
,,Cet,36.501465,-15.341247,77.0416,5.880,11348,15144,710,,-44.31,-54.13,-8
,,Ari,37.634790,25.235036,51.7598,5.880,11670,15524,728,,61.69,-72.93,-11
,,Cam,61.513230,68.679972,191.5709,5.880,19129,25274,1241,,7.29,3,-47
,,Tau,68.658300,28.961150,148.8095,5.880,21323,28929,1445,,-0.64,-21.87,13
,,Ori,77.938965,1.037028,195.3125,5.880,24203,33646,1691,,0.95,-11.12,-19
,,Mon,91.362630,-10.242596,54.9149,5.880,28854,41547,2150,,21.43,26.03,33
,,CMa,93.785010,-20.272186,226.2443,5.880,29679,43396,2242,,2.37,30.66,52
,,Col,94.289865,-37.253498,61.9195,5.880,29852,43940,2265,,-5.51,-22.63,21
,,Mon,96.318945,-0.945883,33.5683,5.880,30545,45067,2313,,238.3,-218.04,44
,,Cam,100.134360,71.748786,237.5297,5.880,31946,46509,2396,,4.23,10.7,-23
,,Mon,100.911030,3.932528,877.1930,5.880,32226,48434,2479,,-0.6,-2.88,35
,,Aur,104.233650,46.705352,107.1811,5.880,33415,50763,2573,,-92.66,-76.25,39
,,Lyn,123.459105,56.452246,176.0563,5.880,40305,68077,3200,,-21.44,-29.59,7
,,Pup,125.708070,-26.348220,100000.0000,5.880,41074,70761,3291,,-5.06,6.2,65
,,Lyn,128.229150,38.016368,74.7943,5.880,41935,72184,3360,,-104.55,-172.32,15
,,Vel,134.481510,-48.572910,317.4603,5.880,44024,77020,3583,,-16.42,9.63,18
,,Car,142.597650,-58.361839,296.7359,5.880,46620,82536,3793,,-28.81,26.67,3
,,UMa,155.264145,68.747651,123.3046,5.880,50685,89343,4047,,-54.63,-34.17,4
,,Crt,164.878875,-16.353701,202.8398,5.880,53723,95234,4284,,-43.14,-8.55,-33
,,UMa,169.174485,49.476250,137.5516,5.880,55086,97989,4367,,-85.18,-11.02,1.3
,,Mus,188.041335,-73.001056,106.6098,5.880,61181,108970,4769,,40.72,-5.29,5
,,UMa,191.828910,62.781155,60.2773,5.880,62402,111270,4859,,20.02,6.54,-11
,,CVn,201.569145,46.028055,126.2626,5.880,65550,116957,5067,,30.17,-19.98,4
,,CVn,206.556525,41.088746,52.5486,5.880,67194,120047,5179,,-113.84,-42.28,-13
,,Cen,218.881185,-41.517436,112.4859,5.880,71353,127971,5439,,-21.56,-23.19,10
,,Cen,225.304545,-38.058398,119.7605,5.880,73493,132604,5585,,30.42,-34.37,41
,,Ser,229.608855,-0.461234,222.7171,5.880,74901,136028,5690,,-11.6,1.28,-13
,,Oph,254.990445,-25.092198,165.8375,5.880,83176,153336,6308,,2.68,-15,-32
,,Sco,268.056915,-34.799196,258.3979,5.880,87460,162374,6647,,3.29,-5.35,-13
,,Her,278.192310,23.616801,230.9469,5.880,90915,171245,6966,,13.32,10.21,-4
,,Pav,278.230560,-73.965596,108.8139,5.880,90930,169570,6899,,6.89,-87.25,-25
,,Cyg,287.107605,52.425731,71.0227,5.880,94013,179094,7275,,-100.41,-54.95,4
,,Lyr,288.853575,30.526381,389.1051,5.880,94630,180450,7302,,35.18,-26.23,-63
,,Vul,300.436290,24.800423,331.1258,5.880,98609,189944,7656,,6.72,-0.78,-15
,,Cep,316.597350,71.431797,48.7329,5.880,104171,201636,8099,,-48.18,-116,2
,,Cep,334.110585,57.220238,189.0359,5.880,109972,211554,8506,,47.37,5.36,-8
,,Lac,338.109900,39.779733,209.6436,5.880,111259,213660,8588,,4.73,-8.87,5
,,PsA,340.092990,-30.658871,212.7660,5.880,111934,214690,8623,,-107.65,-209.53,79
,,Scl,347.435955,-28.088572,199.2032,5.880,114366,218619,8813,,18.93,1.74,-14
,12    Lep,Lep,85.558155,-22.373715,304.8780,5.880,26865,38090,1968,,-0.16,8.88,28
,12    Mon,Mon,98.080020,4.855999,172.4138,5.880,31159,46241,2382,,-35.56,1.57,21
,18    Lib,Lib,224.723250,-11.144014,95.0570,5.880,73310,132345,5582,,-106.68,-61.53,-12
,25    Vir,Vir,189.197310,-5.831898,69.0131,5.880,61558,109704,4799,,-27.51,-19.46,-6
,44    Cap,Cap,325.768320,-14.399709,133.5113,5.880,107232,206561,8295,,-3.75,20.35,-13
,47    Aur,Aur,97.512405,46.685554,187.2659,5.880,30972,45466,2338,,-6.64,7.5,-47
,54    Psc,Psc,9.840945,21.250472,11.0595,5.880,3093,3651,166,Gl 27,-461.07,-370.88,-32.9
,57    Sgr,Sgr,298.050015,-19.044991,115.8749,5.880,97783,187739,7561,,-2.46,-53.25,-26
,60    Aqr,Aqr,338.512140,-1.574270,106.6098,5.880,111394,213789,8590,,39.7,-37.28,-8
,65    Vir,Vir,200.828730,-4.924427,381.6794,5.880,65323,116365,5047,,-19.5,-16.1,10
,Eps For,For,45.406725,-28.091554,32.1958,5.880,14086,18907,914,GJ 9107,282.98,-440.9,43.3
,Ome Oct,Oct,227.786655,-84.787812,97.1817,5.880,74296,131596,5557,,3.22,4.03,-7
,The Ret,Ret,64.417785,-63.255405,141.2429,5.880,20020,27657,1372,,5.48,35.53,3
,,And,5.101665,30.935614,159.7444,5.890,1630,1606,78,,15.27,-0.64,4
,,Tuc,10.104885,-59.454604,24.9563,5.890,3170,3823,176,Gl 29,883.26,443.01,1.5
,,And,28.977000,37.277786,282.4859,5.890,9001,11727,556,,9.42,-6.27,7
,,Ari,29.898660,21.058570,119.9041,5.890,9307,12139,577,,140.8,-14.35,-2
,,Cet,35.520765,-17.662169,135.6852,5.890,11033,14728,693,,9.02,-58.12,-3
,,Cet,36.646725,-20.042617,84.1043,5.890,11381,15220,713,,86.18,101.46,42
,,Ari,42.191250,25.188064,121.8027,5.890,13121,17471,830,,54.17,-3.92,14
,,Per,44.916150,41.032941,198.8072,5.890,13949,18482,886,,14.69,-46.4,32
,,Cas,46.829205,64.057594,189.7533,5.890,14502,19065,922,,-13.65,-3.18,-2
,,Tau,60.203175,18.194000,42.9000,5.890,18735,25202,1238,,129.49,-28.27,25
,,Tau,61.997565,17.339897,123.1527,5.890,19284,26038,1280,,7.66,-10.06,-31
,,Ori,77.829900,-2.490782,37.6223,5.890,24162,33608,1687,,81.46,1.44,31
,,Ori,89.206035,11.521058,94.6074,5.890,28139,40020,2076,,105.96,-56.71,21
,,CMi,114.144615,5.862171,39.3082,5.890,37031,60803,2918,,-108.76,27.66,4
,,Pup,116.142450,-37.942917,206.1856,5.890,37752,62893,3011,,-22.23,15.72,37
,,Pup,117.599355,-50.509468,75.4717,5.890,38267,64225,3071,,-66.6,-42.5,-23
,,Vel,125.729865,-52.123730,70.0280,5.890,41081,71043,3300,,-22.75,19.48,3
,,UMa,127.442730,67.297441,98.0392,5.890,41676,71088,3303,,-65.13,10.67,-3
,,Hya,128.431155,4.757000,505.0505,5.890,42008,72561,3378,,-14.3,-6.17,1
,,Vol,135.285405,-68.683916,216.9197,5.890,44283,77887,3610,,16.2,1.01,13
,,Car,159.511050,-57.256309,308.6420,5.890,52043,92287,4173,,-15.58,0.72,-9
,,UMa,167.410485,43.207736,168.0672,5.890,54537,96834,4336,,-66.98,-6.43,18
,,Mus,173.083320,-66.961823,93.9850,5.890,56287,100382,4448,,-0.1,4.68,-11
,,Cen,178.750080,-63.279180,100000.0000,5.890,58103,103516,4563,,-8.83,-0.51,-28
,,Mus,180.657225,-69.192288,105.7082,5.890,58720,104600,4597,,-39.05,-6.89,8
,,Cen,193.744035,-44.151968,40.0962,5.890,63033,112164,4903,GJ 9423,-237.3,-230.98,32
,,CVn,207.788400,34.664399,207.9002,5.890,67605,120819,5215,,10,-53.78,-40
,,Vir,213.419955,-0.845463,59.3824,5.890,69493,124425,5317,,207.42,-139.09,18
,,Cen,222.158535,-36.634697,157.7287,5.890,72432,130328,5519,,-12.94,-46.04,41
,,TrA,231.560835,-68.309167,105.0420,5.890,75565,136672,5713,,123.08,9.26,25
,,CrB,237.143400,28.156749,100000.0000,5.890,77442,141527,5880,,-2.1,-11.52,25
,,Her,242.948340,42.374569,193.7984,5.890,79357,145931,6050,,-6.95,24.71,-21
,,Nor,245.621115,-43.912051,289.0173,5.890,80212,147225,6085,,-8.44,-11.32,-11
,,Oph,259.132155,1.210545,200.4008,5.890,84500,156247,6414,,-4.39,-15.73,-11
,,Ara,264.363795,-50.059702,101.8330,5.890,86248,159463,6547,,0.84,-89.48,3
,,Her,282.222435,19.328720,87.6424,5.890,92312,174262,7086,,15.96,-21,6
,,Lyr,284.507910,38.266188,177.3050,5.890,93104,176318,7174,,-5.25,2.13,-28
,,Pav,285.873630,-68.755544,56.3063,5.890,93574,175986,7161,,-20.83,-4.46,25
,,Vul,292.840080,26.617171,60.5327,5.890,96016,184010,7421,,11.33,25.23,-1
,,Sgr,293.535360,-40.034638,129.7017,5.890,96234,184035,7422,,4.44,-2.12,12
,,Cyg,294.671535,54.973793,40.8831,5.890,96620,185912,7484,,35.41,163.89,-15
,,Cyg,307.362945,56.068190,265.9574,5.890,101084,195554,7843,,4.57,4.63,-22
,,Oct,309.577515,-81.289063,195.6947,5.890,101843,194612,7812,,0.6,-38.24,0.3
,,Cap,314.419350,-16.031539,54.8546,5.890,103460,199443,8018,,51.27,1.73,-1
,,Cyg,319.842420,38.237473,662.2517,5.890,105269,203156,8157,,-0.18,-3.33,8
,,Cep,342.762270,85.373739,133.3333,5.890,112833,217157,8736,,13.22,114.38,-30
,,Cep,348.654330,74.231268,138.8889,5.890,114745,219485,8844,,41.34,5.54,-3
,,Aqr,355.287135,-11.680655,107.0664,5.890,116853,222493,8979,,68.51,3.24,-11
,,Psc,355.486215,7.250546,99.4036,5.890,116918,222602,8983,,-27.64,-40.94,1
,112    Psc,Psc,30.038160,3.097015,33.5008,5.890,9353,12235,582,,231.21,-255.2,-17
,13    Tri,Tri,37.202085,29.931760,31.4070,5.890,11548,15335,720,Gl 99.1,-65.37,72.52,41
,2    Com,Com,181.069155,21.459153,101.0101,5.890,58858,104827,4602,,35.2,-4.43,6
,27    LMi,LMi,155.776365,33.908145,74.2942,5.890,50860,89904,4075,,-14.13,-4.29,-15
,30    Lyn,Lyn,125.108460,57.743278,32.3520,5.890,40875,69548,3254,,57.08,13.92,-15
,49Ups Aql,Aql,296.416440,7.613158,53.6193,5.890,97229,186689,7519,,53.84,0.1,-30
,5    Aql,Aql,281.619150,-0.961692,111.8568,5.890,92117,173654,7059,,20,-21.79,17
,50    Cnc,Cnc,131.733405,12.109952,53.9665,5.890,43121,74873,3481,,-65.2,-51.06,23
,53    Psc,Psc,9.197130,15.231725,318.4713,5.890,2903,3379,155,,0.91,-14.18,-9
,59    Ori,Ori,89.601840,1.837108,111.7318,5.890,28271,40372,2100,,6.01,-7.83,45
,64    Vir,Vir,200.540370,5.154764,65.9196,5.890,65241,116235,5040,,-69.02,-35.55,-10
,66    Cnc,Cnc,135.350535,32.252296,143.0615,5.890,44307,77104,3587,,0.3,0.72,-13
,9    Sgr,Sgr,270.968520,-24.360730,100000.0000,5.890,88469,164794,6736,,0.64,-1.71,9
,Eta1TrA,TrA,250.346340,-68.296123,202.8398,5.890,81710,149671,6172,,-14.06,-11.79,-43
,Kap Cru,Cru,193.453845,-60.376244,100000.0000,5.890,62931,111973,4890,,-3.03,-1.74,-4
,,Cet,10.176555,-4.351841,144.5087,5.900,3193,3807,174,,-15.29,-14.48,35
,,Cet,12.308100,-24.136672,57.9039,5.900,3834,4732,228,,77.47,-59.62,23
,,And,23.569185,37.237146,143.4720,5.900,7321,9531,446,,12.62,-21,-4
,,Psc,23.704440,18.460512,163.1321,5.900,7359,9640,450,,30.1,-65.92,-26
,,Eri,35.727780,-51.092129,60.8643,5.900,11102,14943,701,,22.09,66.01,5
,,Ori,78.200535,-6.057190,143.8849,5.900,24294,33833,1697,,21.87,-31.5,23
,,Aur,88.745805,31.701496,84.9618,5.900,27973,39586,2046,,-45.1,-179.84,-21
,,Aur,89.840760,49.924540,328.9474,5.900,28343,40084,2081,,-4.57,-2.54,-4
,,Mon,104.107635,9.956578,139.2758,5.900,33372,51104,2589,,-16.05,-8.98,33
,,Mon,108.564660,-9.947533,574.7126,5.900,34982,55832,2732,,-4.69,2.8,43
,,CMi,109.843215,2.740694,195.3125,5.900,35476,56989,2778,,-2.18,-10.75,24
,,Pup,111.676950,-34.140692,316.4557,5.900,36143,59026,2856,,-8.1,6.36,7
,,Mon,113.024010,-8.881326,27.9174,5.900,36640,59984,2883,GJ 3449A,-92.2,-167.52,55
,,Pup,116.802315,-22.519510,502.5126,5.900,37995,63271,3023,,-7.61,10.34,7
,,Pup,120.406365,-37.283720,175.7469,5.900,39251,66358,3154,,-2.31,4.97,-0.4
,,Vel,130.272180,-48.922680,606.0606,5.900,42614,74273,3453,,-4.64,3.62,18
,,Lyn,134.127210,40.201474,72.2022,5.900,43894,76292,3546,,-81.85,-38.31,25
,,Car,142.127400,-66.701877,77.6398,5.900,46460,82406,3783,,-34.47,45.82,29
,,Leo,145.396305,31.277817,236.9668,5.900,47544,83787,3850,,15.54,-9.58,-13
,,Sex,148.428855,5.958573,284.9003,5.900,48519,85709,3915,,-2.92,1.72,-1
,,Vel,164.282745,-50.765018,102.9866,5.900,53530,94985,4274,,-37.55,12.92,16
,,Leo,177.161295,14.284210,59.7372,5.900,57606,102590,4531,,-103.25,5.17,6
,,Cen,198.347340,-50.699829,112.2334,5.900,64515,114772,4985,,-33.58,-17.68,-1
,,Boo,219.558285,18.298379,99.0099,5.900,71571,128750,5462,GJ 3862,-29.1,-64.51,-14.4
,,Cen,221.771205,-38.290639,153.6098,5.900,72296,130055,5508,,52.75,-82.59,41
,,Boo,224.055120,14.446266,183.1502,5.900,73087,131951,5567,,-12.78,-0.08,-22
,,Ser,228.017760,18.976031,221.7295,5.900,74386,134943,5654,,-16.41,11.38,-35
,,Dra,231.964305,60.670217,195.6947,5.900,75696,138265,5755,,-16.9,-3.14,-47
,,Sco,241.526580,-23.606315,161.2903,5.900,78877,144334,5988,,-10.98,-29.18,-7
,,Ara,261.801930,-50.630370,909.0909,5.900,85409,157662,6478,,3.04,-1.93,11
,,Sgr,276.956175,-29.816865,36.6032,5.900,90485,169830,6907,,-0.84,15.16,-17
,,Dra,296.076690,69.337065,132.1004,5.900,97122,187340,7545,,8.78,-22.17,
,,Aql,300.245745,8.557735,212.3142,5.900,98526,189695,7648,,11.14,-13.96,-40
,,Gru,347.540550,-40.591547,281.6901,5.900,114407,218655,8818,,22.14,-45.65,-7
,,Aqr,347.479575,-22.457364,47.6190,5.900,,218641,,GJ 9812B,19.45,-4.67,-6
,13    Vir,Vir,184.667985,-0.787184,114.5475,5.900,60030,107070,4681,,33.51,-16.17,-14
,33    LMi,LMi,157.964055,32.379554,78.0031,5.900,51556,91130,4124,,17.1,6.89,-15
,39    Aur,Aur,91.264140,42.981635,49.7265,5.900,28823,41074,2132,,-44.61,-144.2,34
,39    Tau,Tau,61.334370,22.008905,16.9377,5.900,19076,25680,1262,Gl 160,172.61,-130.08,23.9
,42    Cyg,Cyg,307.334955,36.454729,793.6508,5.900,101067,195324,7835,,2.58,-1.58,-18
,76    Leo,Leo,169.728990,1.650395,90.2527,5.900,55249,98366,4381,,-38.19,-55.95,5
,76    Tau,Tau,67.097505,14.740974,57.5705,5.900,20873,28294,1408,,109.72,-21.27,44
,9    Cas,Cas,1.056930,62.287664,100000.0000,5.900,330,225180,9100,,-0.99,-0.37,-18
,92    Vir,Vir,209.116155,1.050581,90.2527,5.900,68092,121607,5244,,-28.09,13.65,-23
,Lam2Scl,Scl,11.050245,-38.421686,103.8422,5.900,3456,4211,195,,247.02,120.68,27
,,Psc,27.108405,3.685447,98.4252,5.910,8404,11037,527,,-9.17,17.68,3
,,Phe,33.633120,-41.166765,105.7082,5.910,10440,13940,659,,-20.87,-26.12,14
,,And,39.238185,38.733581,54.1712,5.910,12181,16176,756,,145.04,-165.36,1
,,Per,53.166735,35.461729,675.6757,5.910,16518,21856,1074,,-6.72,3.66,25
,,Tau,56.539005,6.803520,102.7749,5.910,17595,23526,1159,,-1.82,-55.42,-26
,,Eri,57.162315,0.227857,149.2537,5.910,17805,23887,1182,,65.55,-6.01,66
,,Cam,65.465880,56.506317,96.9932,5.910,20380,27322,1342,,-14.56,7.06,-18
,,Tau,65.594715,20.821416,714.2857,5.910,20417,27639,1370,,-1.99,-1.04,-9
,,Cam,69.100905,64.261602,135.1351,5.910,21452,28780,1440,,-26.03,-7.37,-16
,,Ori,75.459810,0.722112,145.1379,5.910,23408,32263,1618,,4.84,-22.75,21
,,Ori,93.785295,13.851098,366.3004,5.910,29678,43112,2222,,24.21,10.65,36
,,Gem,104.252175,33.681039,129.5337,5.910,33421,51000,2586,,-24.49,0.99,-10
,,CMi,109.948515,7.142947,53.3049,5.910,35509,57006,2779,,61.2,-59.18,22
,,Lyn,122.515785,58.248242,263.1579,5.910,39995,67224,3175,,-19.45,-74.21,34
,,Cnc,128.962395,6.620220,25.1256,5.910,42172,72945,3395,Gl 310.1A,-134.77,-131,26.6
,,UMa,129.823470,52.711623,160.0000,5.910,42452,73171,3408,,-29.26,-31.38,27
,,Car,142.196445,-62.273134,154.0832,5.910,46482,82347,3776,,-65.4,28.42,
,,Ant,153.441405,-40.346056,147.2754,5.910,50103,88809,4015,,-73.96,8.47,18
,,Vel,158.140050,-44.618508,121.8027,5.910,51610,91437,4139,,-12.76,-23.62,-10
,,UMa,163.379790,69.853881,44.2870,5.910,53257,94132,4243,,-397.51,-67.48,15
,,Cru,183.091590,-62.950773,100000.0000,5.910,59517,106068,4644,,-5.17,-0.08,-2
,,Cru,185.489295,-56.374385,694.4444,5.910,60308,107543,4702,,-10.77,-0.77,-1
,,Vir,190.908540,-1.576996,66.9792,5.910,62103,110646,4837,,48.1,-74.58,1
,,Cen,193.267530,-54.952473,126.7427,5.910,62861,111884,4885,,-96.63,4.68,-9
,,Com,197.449365,16.848611,206.1856,5.910,64226,114326,4962,,-65.58,-15.39,-17
,,Mus,198.203250,-66.226747,90.7441,5.910,64466,114570,4977,,25.31,7.85,9
,,Cen,198.550485,-58.683937,109.1703,5.910,64580,114835,4988,,-55.3,-11.67,-2
,,Cen,204.347835,-46.427879,126.4223,5.910,66454,118354,5121,,-28.19,-15.97,3
,,UMi,205.663950,78.064437,100.7049,5.910,66903,120084,5184,,-64.25,45.78,-7
,,CVn,208.292880,28.648131,65.7462,5.910,67782,121164,5229,,-121.46,28.52,-12
,,Cir,222.185655,-66.593563,431.0345,5.910,72438,129954,5500,,-7.49,-11.14,19
,,Cir,223.146930,-63.809827,505.0505,5.910,72773,130701,5527,,-10.05,-4.11,-21
,,Vir,224.846310,4.567761,215.0538,5.910,73350,132525,5584,,1.17,-4.75,-12
,,Dra,225.362925,60.204453,105.7082,5.910,73507,133388,5608,,-13.04,11.94,-9
,,Lup,241.153485,-37.862951,37.8788,5.910,78747,143928,5975,,-128.48,-116.19,-6
,,Sco,243.593190,-33.011088,174.5201,5.910,79596,145838,6044,,-8.41,-18.79,-23
,,Her,252.394410,13.261141,100.1001,5.910,82350,151862,6246,,-29.03,-24.26,-23
,,Ara,253.501590,-57.909507,217.3913,5.910,82672,151967,6251,,-40.8,-122.49,-41
,,Her,255.913755,13.605346,76.7460,5.910,83478,154228,6341,,-21.43,-33.96,-32
,,Sco,255.962190,-38.152572,64.6831,5.910,83491,153890,6327,,90.49,-34.72,-15
,,Sco,259.737630,-34.989792,6.8357,5.910,84709,156384,6426,Gl 667A,1149.24,-90.8,0.9
,,Sco,260.728110,-37.220786,113.1222,5.910,85048,157097,6456,,19.96,-38.37,-36
,,Oph,268.147680,1.305014,112.7396,5.910,87491,162774,6667,,-32.72,-14.91,-65
,,Dra,281.679510,52.987960,396.8254,5.910,92133,174237,7084,,10.13,-3.99,-16
,,Sgr,284.002800,-23.173751,194.9318,5.910,92931,175360,7128,,-1.7,-13.69,-16
,,CrA,288.664785,-45.193527,91.3242,5.910,94556,179433,7281,,48.12,-39.61,-35
,,Dra,290.066745,57.645129,242.1308,5.910,95038,182190,7356,,28.34,4.94,-21
,,Sgr,291.266850,-29.309359,91.3242,5.910,95456,182286,7360,,-13.12,-61.77,25
,,Tel,297.558570,-47.557392,408.1633,5.910,97598,187086,7537,,8.52,-12.99,-65
,,Cyg,298.029870,47.931795,510.2041,5.910,97774,188252,7591,,-6.25,-9.81,-18
,,Dra,304.378770,66.853687,17.5685,5.910,100017,193664,7783,Gl 788,468.52,296.81,-4.6
,,Vul,309.645795,23.680494,625.0000,5.910,101870,196753,7895,,4.09,-5.32,9
,,Cep,311.091855,56.488405,336.7003,5.910,102358,197939,7944,,9.84,-1.6,-28
,,Cep,316.371750,78.126392,123.4568,5.910,104105,201908,8112,,19.04,28.71,-16
,,Lac,343.760985,37.076827,39.0168,5.910,113174,216756,8718,,88.52,9.25,-28
,10    Aql,Aql,284.695515,13.906648,78.3699,5.910,93179,176232,7167,,0.94,-51.42,15
,14    Lac,Lac,342.590715,41.953394,348.4321,5.910,112778,216200,8690,,8.28,-3.93,-14
,14    Psc,Psc,353.537565,-1.247567,64.9351,5.910,116323,221675,8944,,107.44,-13.24,-3
,17    CVn,CVn,197.513445,38.498981,63.2911,5.910,64246,114447,4971,,-71.11,44.86,-16.4
,17    Cap,Cap,311.541615,-21.514032,80.8407,5.910,102487,197725,7937,,23.45,-17.01,18
,17    Sex,Sex,152.531415,-8.408170,182.8154,5.910,49812,88195,3989,,-28.51,-2.92,16
,20    Vul,Vul,303.002925,26.478806,246.9136,5.910,99531,192044,7719,,4.48,-10.08,-22
,26    Boo,Boo,218.135610,22.260059,54.0249,5.910,71115,127739,5434,,-126.48,40.38,-12
,26    CMa,CMa,108.050895,-25.942588,257.0694,5.910,34798,55522,2718,,-5.28,8.62,22
,49    Ari,Ari,45.475590,26.462354,64.3501,5.910,14109,18769,905,,-13.85,4.93,-4
,55    Leo,Leo,163.926660,0.736922,44.8632,5.910,53423,94672,4265,,103,-3.41,-2
,56    Leo,Leo,164.006130,6.185371,119.1895,5.910,53449,94705,4267,,-22.45,-5.48,-13
,59    Ari,Ari,49.982490,27.071134,67.2495,5.910,15514,20618,995,,-24.74,-71.1,-0.1
,6    And,And,347.613525,43.544232,27.6472,5.910,114430,218804,8825,,-202.18,-207.65,-43
,Lam1For,For,38.279280,-34.649967,111.8568,5.910,11867,15975,744,,-17.41,-17.94,13
,Sig For,For,56.614290,-29.338157,101.0101,5.910,17618,23738,1171,,7.18,3.8,-13
,Zet2Ant,Ant,142.884015,-31.871831,117.6471,5.910,46734,82513,3789,,-49.22,-0.09,22
,,Cas,15.904200,61.074823,613.4969,5.920,4962,6130,292,,-1.54,-2.96,-1
,,Cet,21.085425,-6.914656,46.6418,5.920,6564,8556,404,,31.05,5.12,32
,,Hyi,21.272040,-64.369478,277.0083,5.920,6631,8810,420,,23.15,-17.1,23
,,Scl,22.595430,-26.207851,137.9310,5.920,7016,9228,436,,43.67,1.4,-1
,,Ari,27.716550,11.043378,42.0168,5.920,8588,11257,534,,-69.33,-27.84,11
,,Cep,47.928435,81.470710,62.1891,5.920,14844,18778,906,,-45.62,-0.93,-3
,,Eri,48.107190,-44.419660,42.4989,5.920,14913,20121,968,,82.73,-2.61,17
,,Cae,75.595020,-31.771333,95.5110,5.920,23446,32515,1635,,-6.44,85.28,29
,,Aur,81.703350,34.391810,645.1613,5.920,25471,35520,1795,,-0.22,-7.33,8
,,Ori,83.516865,-1.470253,209.6436,5.920,26108,36780,1874,,-13.93,-19.99,91
,,Mon,97.546980,-10.081511,319.4888,5.920,30986,45976,2367,,-7.27,-2.27,20
,,CMa,97.692870,-27.769575,377.3585,5.920,31037,46189,2380,,-7.55,5.87,20
,,CMa,101.345670,-31.793661,24.3784,5.920,32366,49095,2500,Gl 245.1,-204.91,-304.13,32
,,Pup,115.056375,-19.660861,190.8397,5.920,37364,61774,2960,,-3.67,11.85,-3
,,Hya,125.725395,-7.543120,395.2569,5.920,41080,70652,3288,,-9.84,6.28,50
,,Vel,128.410140,-38.848815,255.7545,5.920,42001,72832,3389,,-21.04,7.43,28
,,Vel,133.160865,-48.359097,318.4713,5.920,43589,76161,3539,,-13.44,0.33,3
,,Vel,138.393585,-47.338407,156.2500,5.920,45270,79621,3670,,-25,13.35,19
,,Hya,143.358555,-22.863883,80.2568,5.920,46897,82747,3810,,-70.04,55.27,15
,,Sex,162.168990,-1.958896,167.5042,5.920,52863,93655,4224,,-18.58,7.93,3
,,Cam,192.278250,83.417832,123.0012,5.920,62561,112014,4892,,-22.05,15.52,1
,,Mus,197.964180,-69.942017,42.1053,5.920,64390,114371,4966,,35.02,1.26,7
,,Vir,203.668545,-13.214324,148.1481,5.920,66247,118054,5106,,-47.98,-7.32,-20
,,Cam,205.595685,82.752408,122.5490,5.920,66878,120565,5203,,32.67,-42.51,-50
,,CVn,206.579460,38.503626,130.7190,5.920,67210,120048,5180,,-48.88,-12.56,-14
,,Cen,206.865075,-50.249291,64.8508,5.920,67292,119938,5175,,58.93,12.64,16
,,Cen,209.822805,-50.369647,106.1571,5.920,68333,121853,5251,,28.47,-16.71,-5
,,Aps,225.047205,-77.160550,233.6449,5.920,73415,131425,5547,,-13.33,-10.26,2
,,Dra,248.106945,60.823323,113.7656,5.920,80991,149650,6170,,20.65,-9.79,-9
,,Cyg,299.835090,45.772541,138.8889,5.920,98383,189684,7646,,11.54,-16.72,6
,,Cyg,314.107890,49.195847,234.7418,5.920,103360,199612,8026,,11.34,6.78,-15
,,Cep,318.926685,77.012296,291.5452,5.920,104968,203399,8168,,22.95,14.63,15
,,Ind,328.797345,-61.886608,46.4684,5.920,108195,207964,8352,,43.53,-90.56,1
,,Aqr,335.883960,-7.194421,143.0615,5.920,110532,212320,8530,,-6.21,8.95,-14
,,Peg,340.489395,14.516393,84.9618,5.920,112067,214995,8642,,94.55,-21.21,-26
,,Gru,349.165785,-44.489166,89.2061,5.920,114921,219507,8846,,3.44,-9.88,25
,16    Mon,Mon,101.635065,8.587153,263.1579,5.920,32463,48977,2494,,-4.99,-6.76,10
,36    Cnc,Cnc,129.274050,9.655580,149.7006,5.920,42265,73143,3406,,-27.15,-6.77,17
,39    Her,Her,250.402905,26.916880,43.7445,5.920,81729,150682,6213,,0.89,-44.83,-12
,57    Ori,Ori,88.736190,19.749614,558.6592,5.920,27965,39698,2052,,0.39,-4.14,7
,62    Psc,Psc,12.072540,7.299928,177.6199,5.920,3760,4627,221,,111.61,3.41,-0.7
,Eta2For,For,42.561570,-35.843636,137.9310,5.920,13225,17793,848,,51.52,20.27,22
Piautos,19Lam Cnc,Cnc,125.133900,24.022314,140.2525,5.920,40881,70011,3268,,-20.67,-17.84,23
,,Cet,1.945395,-22.508560,78.3699,5.930,636,319,12,,70.1,-34.71,-13
,,Cas,8.293185,54.894985,114.1553,5.930,2611,2952,135,,70.08,-39.36,-35
,,Eri,43.397160,-22.376308,111.6071,5.930,13479,18071,862,,85.6,-76.11,49
,,Ari,45.183915,10.870388,161.2903,5.930,14036,18700,902,,81.25,-34.38,18
,,Per,48.349455,48.176953,116.5501,5.930,15004,19845,956,,16.89,-18.75,-10
,,For,49.510755,-28.797075,62.3053,5.930,15357,20606,993,,155.37,-16.12,42
,,For,51.593850,-27.317479,138.5042,5.930,16029,21430,1045,,7.67,53.45,13
,,Tau,52.689255,6.188703,154.0832,5.930,16358,21755,1067,,42.38,-16.79,11
,,Hor,58.388805,-46.893674,107.6426,5.930,18199,24706,1216,,17.65,-35.18,-1
,,Eri,60.169380,-30.490697,107.7586,5.930,18723,25371,1246,,47.49,5.15,21
,,Tau,77.437860,28.030461,52.6039,5.930,24019,33204,1670,,55.86,-60.57,41
,,Ori,82.609020,15.360449,77.5795,5.930,25790,36162,1832,,-13.48,-38.58,-16
,,Ori,85.273320,0.337753,47.9386,5.930,26762,37788,1955,,12.3,27.76,-13
,,Pic,88.084140,-57.156191,132.6260,5.930,27737,39937,2072,,17.99,-78.63,8
,,Pup,91.167165,-45.078932,26.8962,5.930,28790,41742,2158,,-79.98,254.28,27
,,Gem,92.385150,22.190262,632.9114,5.930,29196,42049,2169,,-6.99,-4.97,8
,,Mon,98.823315,9.988335,469.4836,5.930,31448,46709,2406,,0.34,-7.7,39
,,Gem,105.876855,29.337081,19.1314,5.930,34017,52711,2643,Gl 262,155.73,-828.01,25.4
,,Lyn,109.390500,52.131071,183.4862,5.930,35304,55866,2737,,-0.63,-17.8,-7
,,Lyn,114.196005,55.755060,81.6993,5.930,37046,60294,2894,,-10.87,-39,1
,,Lyn,114.474420,48.773842,77.8816,5.930,37140,60652,2914,,-32.62,-28.48,10
,,Gem,115.243830,23.018527,467.2897,5.930,37428,61603,2951,,-7.21,-13.04,39
,,UMa,138.969585,72.946326,88.1057,5.930,45461,78935,3645,,-85.32,-56,0.4
,,Car,150.500415,-60.420890,100000.0000,5.930,49164,87283,3960,,-7.42,3.9,-2
,,Car,156.247740,-58.576303,95.9693,5.930,50993,90454,4095,,-74.09,6.12,5
,,Car,163.821840,-60.517003,93.4579,5.930,53394,94776,4271,,-36.09,84.3,-26
,,Hya,178.917210,-28.477103,167.7852,5.930,58158,103596,4565,,3.82,-27.16,11
,,Mus,194.132130,-72.185212,176.3668,5.930,63165,112219,4907,,-15.99,-12.08,10
,,Mus,195.772305,-71.475729,306.7485,5.930,63688,113120,4930,,-11.18,-2.39,-5
,,Cen,210.860565,-56.213434,167.2241,5.930,68670,122438,5266,,-66.41,-21.61,17
,,Cen,214.849530,-37.002907,73.4754,5.930,69995,125283,5357,,-48.77,-41.11,0.3
,,Boo,220.176630,13.534325,50.8130,5.930,71759,129153,5473,,53.76,-14.71,-8
,,Lup,236.094495,-41.819089,143.8849,5.930,77086,140285,5846,,-17.7,-28.98,19
,,Dra,240.523155,52.915917,248.7562,5.930,78542,144204,5981,,1.8,-36.56,-7
,,Ser,242.245335,3.454475,121.5067,5.930,79120,145085,6011,,-36.32,12.17,9
,,Ser,242.296725,6.378695,28.3126,5.930,79137,145148,6014,,258.17,-746.68,-4
,,Her,244.796745,49.038159,196.0784,5.930,79953,147352,6090,,-21.35,33.4,-32
,,Sco,249.771780,-37.217370,112.1076,5.930,81523,149886,6178,,-11.77,-43.93,3
,,Sco,257.198085,-30.403730,78.2473,5.930,83896,154783,6366,,-11.89,-66.39,-30
,,Ara,259.802130,-59.694612,763.3588,5.930,84731,156091,6408,,-1.74,-8.39,-5
,,Ara,262.162140,-55.169686,302.1148,5.930,85520,157819,6487,,3.08,-8.76,-13
,,Ser,266.903250,-14.725824,183.8235,5.930,87074,161701,6620,,-22.19,-17.58,-25
,,Ser,269.079315,-15.812521,73.9645,5.930,87813,163336,6681,,-9.61,-66.17,-24
,,Sgr,279.476775,-21.397725,104.3841,5.930,91347,171856,6988,,-2.57,-65.66,6
,,Tel,285.989775,-51.018604,99.8004,5.930,93624,176664,7190,,40.42,-147.68,-61
,,Sgr,286.421580,-15.660419,219.2982,5.930,93763,177517,7230,,0.74,-10.36,-26
,,Cyg,295.685850,32.426741,602.4096,5.930,96977,186377,7502,,2.1,-1.21,-7
,,Mic,315.613095,-38.530970,67.3401,5.930,103836,200073,8046,,154.93,-169.51,39
,,Cyg,315.948375,53.285900,114.2857,5.930,103956,200817,8078,,42.14,32.09,-16
,,Peg,332.963880,16.040551,54.9451,5.930,109577,210702,8461,,-2.94,-18.79,11
,,Lac,340.400100,41.549123,91.7431,5.930,112041,215030,8643,,140.88,59.98,-14
,,Lac,341.021730,39.465348,212.3142,5.930,112241,215359,8654,,7.68,-28.38,-27
,,Aqr,357.561375,-9.974136,91.1577,5.930,117541,223524,9027,,139.84,78.32,-18
,16Kap Crt,Crt,171.789660,-12.356749,70.0771,5.930,55874,99564,4416,,-98.3,23.82,6
,18Tau5Ser,Ser,234.121815,16.119085,52.0562,5.930,76424,139225,5804,,71.54,-5.54,-2
,19    Lyr,Lyr,287.941710,31.283456,273.2240,5.930,94311,179527,7283,,-3.17,-3.16,-30
,24    Psc,Psc,358.231515,-3.155482,137.3626,5.930,117761,223825,9041,,77.52,-42.58,-6
,25    Sex,Sex,155.860320,-4.074035,104.1667,5.930,50885,90044,4082,,-50.51,4.24,23
,26    Cam,Cam,86.626590,56.115575,60.7903,5.930,27249,38091,1969,,20.18,-58.91,21
,34    Cet,Cet,17.931285,-2.251079,171.8213,5.930,5594,7147,353,,-57.83,-22.21,-9
,51    Cam,Cam,116.666895,65.455676,100.7049,5.930,37949,62066,2975,,28.15,18.39,-29
,61    Ser,Ser,277.987470,-1.002977,188.3239,5.930,90844,170920,6957,,10.03,-4.63,-27
,69    Cyg,Cyg,321.445935,36.667386,100000.0000,5.930,105811,204172,8209,,6.91,-8.89,3
,8Nu 1Lyr,Lyr,282.441300,32.812820,401.6064,5.930,92398,174585,7100,,1.87,-5.19,-17
,Psi For,For,43.393275,-38.437004,58.5138,5.930,13473,18149,863,,58.88,34.27,21
,,Scl,3.426015,-26.022345,396.8254,5.940,1096,942,42,,37.59,-78.73,-30
,,Cas,7.583010,59.977554,235.8491,5.940,2377,2626,113,,16.26,-3.94,-17
,,Phe,11.237805,-42.676558,64.3915,5.940,3521,4293,198,,-89.06,-96.11,10
,,Scl,24.614520,-36.528251,101.8330,5.940,7643,10142,471,,-13.27,-122.36,30
,,And,27.162120,37.952870,104.6025,5.940,8423,10975,521,,111.84,-27.04,37
,,Phe,27.726885,-50.206138,77.1605,5.940,8593,11413,541,,-47.97,-4.3,7
,,Cas,42.994785,68.888497,395.2569,5.940,13367,17463,829,,2,-8.17,-7
,,Per,50.468655,49.070905,43.7063,5.940,15669,20675,1001,,180.91,-63.45,24
,,Tau,62.256540,13.398281,124.5330,5.940,19376,26171,1284,,14.76,-7.3,-25
,,Ret,66.272295,-61.238193,215.0538,5.940,20619,28413,1416,,-18.82,21.69,-19
,,Cam,68.377665,72.528605,101.7294,5.940,21247,28204,1401,,29.36,-90.83,10
,,Aur,81.160500,31.143148,211.4165,5.940,25291,35239,1776,,-10.61,-6.2,5
,,Pup,102.926775,-36.230270,55.2181,5.940,32938,50445,2558,,-40.47,-59.14,4
,,Gem,106.843335,34.009288,201.2072,5.940,34358,53686,2665,,-18.27,-30.43,14
,,Pup,108.107595,-36.544381,278.5515,5.940,34817,55718,2726,,-9.76,7.48,17
,,Pup,117.311040,-35.243286,158.2278,5.940,38167,63786,3049,,-6.14,8.88,34
,,Lyn,139.607985,35.364080,86.9565,5.940,45661,80024,3686,,-48.17,-18.99,22
,,Crt,173.198070,-7.827523,147.4926,5.940,56318,100343,4446,,-7.54,0.44,-1
,,Mus,174.451905,-67.620379,108.4599,5.940,56727,101162,4485,,-84.13,-10.46,34
,,Crv,185.044890,-22.175700,118.3432,5.940,60157,107295,4691,,-105.42,-30.25,-1
,,Boo,216.003645,8.243969,135.5014,5.940,70384,126200,5388,,-6.18,-14.32,-7
,,Dra,236.645055,55.474791,269.5418,5.940,77272,141472,5878,,-120.14,77.5,-4
,,Ara,254.119920,-52.283746,116.1440,5.940,82902,152527,6275,,-35.74,-42.44,-6
,,Ara,257.911155,-48.873399,341.2969,5.940,84105,155035,6374,,5.94,-4.36,15
,,Her,261.692295,34.695802,88.4173,5.940,85382,158261,6506,,-27.61,43.04,-22
,,Ser,264.400860,-15.571038,473.9336,5.940,86266,159877,6562,,0.99,-0.64,-8
,,Sco,267.885600,-40.772461,173.3102,5.940,87390,162189,6643,,-51.34,-55,-85
,,Sgr,271.598775,-36.019788,17.5531,5.940,88694,165185,6748,Gl 702.1,105.44,7.99,13.2
,,Cep,326.222010,62.460567,917.4312,5.940,107374,207198,8327,,-2.98,-2.8,-18
,,Oct,330.765660,-76.118427,62.5782,5.940,108849,208741,8380,,27.81,-66.28,7
,,Lac,340.076685,53.845927,112.3596,5.940,111925,214878,8633,,6.41,-18.33,-6
,,Aqr,345.382125,-4.711461,452.4887,5.940,113686,217563,8759,,14.07,7.55,6
,12Omi Cap,Cap,307.474605,-18.583178,66.3570,5.940,101123,195094,7830,,25.56,-79.45,-12
,14    Cet,Cet,8.886810,-0.505610,54.4959,5.940,2787,3229,143,,143.36,-61.94,6
,20    Cnc,Cnc,125.841000,18.332200,117.7856,5.940,41117,70569,3284,,-53.59,-33.05,36
,29    Cnc,Cnc,127.155585,14.210822,105.2632,5.940,41578,71555,3333,,-13.81,-13.08,2
,4    Equ,Equ,316.361340,5.958199,48.9237,5.940,104101,200790,8077,,-117.36,-119.06,-22
,58    UMa,UMa,172.629765,43.173242,53.4188,5.940,56148,99984,4431,,-49.2,81.81,-30
,61    Gem,Gem,111.734715,20.257557,136.9863,5.940,36156,58579,2837,,2.26,-10.36,9
,63    Cet,Cet,32.899305,-1.825429,119.0476,5.940,10234,13468,639,,-11.27,-33.24,32
,8    Lyn,Lyn,99.423000,61.481233,52.0562,5.940,31676,46480,2394,,-208.21,-274.56,-46
,,Scl,18.189240,-37.856479,69.3963,5.950,5661,7312,359,,88.99,-30.76,10
,,Psc,23.978130,17.433841,58.0720,5.950,7447,9780,457,,149.18,21.16,3
,,Cas,41.206995,67.824630,126.7427,5.950,12821,16769,791,,17.48,-32.55,5
,,Per,57.283830,43.963095,74.1840,5.950,17846,23728,1170,,-7.03,29.53,-15
,,Eri,64.330095,-6.472177,232.0186,5.950,19996,27179,1332,,-15.13,-7.31,-2
,,Per,65.060115,41.808070,123.1527,5.950,20241,27278,1337,,16.12,-34.45,24
,,Eri,67.162650,-19.458874,94.5180,5.950,20892,28479,1421,,37.76,-113.46,26
,,Eri,67.668045,-35.653504,120.4819,5.950,21042,28776,1439,,1.51,31.23,-8
,,Ori,86.645460,1.168193,39.2773,5.950,27253,38529,1988,,-80.05,-141.79,29
,,Ori,88.032210,-9.041900,98.9120,5.950,27713,39421,2039,,-2.97,32.31,39
,,Lep,89.059440,-22.839975,88.6525,5.950,28085,40151,2086,,117.77,32.79,34
,,CMa,99.194160,-13.321036,210.9705,5.950,31599,47182,2428,,-2.16,-24.25,-12
,,Mon,105.098985,-8.406821,330.0330,5.950,33729,52312,2624,,-7.18,1.69,10
,,Pup,108.738135,-41.426394,167.7852,5.950,35054,56410,2759,,3.39,9.56,21
,,Mon,108.930165,-10.583605,121.2121,5.950,35127,56207,2752,,29.2,-1.01,-13
,,Pup,112.213140,-31.848401,228.3105,5.950,36345,59499,2870,,-11.55,4.4,2
,,Car,112.628805,-54.399365,145.5604,5.950,36496,60228,2892,,13.27,27.46,49
,,CMi,115.396485,3.624779,139.4700,5.950,37478,61887,2966,,-2.2,-20.11,-24
,,Pup,124.599765,-12.632173,12.4938,5.950,40693,69830,3259,Gl 302,279.3,-989.03,30.5
,,Vol,126.465030,-64.600618,112.3596,5.950,41321,71863,3346,,-15.03,15.18,19
,,Pyx,128.869605,-26.843487,179.5332,5.950,42147,73072,3402,,-31.26,18.68,9
,,Hya,134.142195,-16.708748,221.7295,5.950,43899,76579,3564,,-8.89,-27.02,38
,,Lyn,137.212890,33.882217,19.1902,5.950,44897,78366,3625,Gl 334.2,-191.06,-115.4,26.8
,,Hya,143.232390,-13.516804,226.7574,5.950,46859,82660,3802,,-8.27,1.09,28
,,Ant,147.367065,-37.186765,124.0695,5.950,48191,85206,3892,,-88.86,8.06,12
,,Vel,148.458765,-51.146713,704.2254,5.950,48527,85953,3924,,-13.68,0.55,10
,,UMa,161.266770,67.411384,380.2281,5.950,52577,92839,4195,,4.38,0.74,-5
,,Sex,162.772530,-3.092667,155.0388,5.950,53035,94014,4240,,-54.06,-10.92,37
,,Car,163.623330,-61.826622,442.4779,5.950,53334,94683,4266,,4.92,-3.85,-3
,,Cen,175.177020,-53.968607,349.6503,5.950,56970,101541,4497,,-10.83,-23.94,-12
,,UMa,179.823075,33.167004,227.2727,5.950,58460,104075,4581,,-0.15,-7.13,-1
,,Cru,181.238460,-60.968252,209.6436,5.950,58921,104933,4607,,-25.02,-5.59,-0.4
,,Mus,181.596060,-65.709453,125.9446,5.950,59050,105151,4615,,-51.58,-11.2,-4
,,Vir,186.299025,-11.610590,70.5219,5.950,60595,108107,4722,,-58.99,-31.89,-3
,,Cha,208.912395,-82.666190,245.7002,5.950,68009,120213,5188,,-25.06,-23.27,-35
,,Nor,234.985890,-59.908338,30.9310,5.950,76716,139211,5803,,-121.9,-215.2,-22
,,Aps,235.477905,-76.081959,129.1990,5.950,76877,138867,5786,,-8.2,-38.98,1.1
,,TrA,244.272735,-67.941285,52.2193,5.950,79797,145689,6037,,-44.74,-84.65,-9
,,Sco,253.426785,-43.050968,232.0186,5.950,82650,152161,6257,,-15.13,-31.8,-12
,,Sco,255.154125,-35.934133,98.5222,5.950,83235,153368,6311,,-8.01,-64.36,17
,,Sco,258.243990,-32.438332,543.4783,5.950,84226,155450,6389,,1.98,-1.99,17
,,Sco,258.899910,-38.593896,30.5904,5.950,84425,155826,6398,,-169.82,-388.8,-54
,,Oph,269.267985,0.066665,118.4834,5.950,87875,163624,6689,,20.54,-9.23,-11
,,Oct,277.333365,-80.232708,119.0476,5.950,90606,167714,6837,,-23.34,-63.39,-14
,,Tel,286.731675,-48.299144,117.9245,5.950,93862,177406,7223,,12.7,-12.3,-6
,,Sgr,300.066375,-37.701719,107.7586,5.950,98461,189195,7629,,19.54,-1.15,23
,,Cyg,305.688735,41.026012,259.0674,5.950,100501,194193,7800,,1.26,-49.66,1
,,Aqr,314.674335,-14.483128,87.1840,5.950,103545,199603,8024,,-54.64,-19.31,10
,,PsA,337.441710,-27.107284,39.8724,5.950,111045,213135,8563,,119.31,-20.31,3
,,Aqr,353.705670,-15.246005,113.8952,5.950,116368,221745,8946,,49.92,-87.88,-37
,,Cep,354.792345,75.292882,79.1139,5.950,116714,222386,8971,,7.09,13.99,3
,,Cep,356.653035,66.782244,456.6210,5.950,117265,223128,9005,,7.5,-2.76,-14
,,Tuc,359.332620,-62.956584,66.0502,5.950,118092,224361,9060,,86.18,11.6,-13
,10    CVn,CVn,191.247780,39.278916,17.3762,5.950,62207,110897,4845,Gl 484,-359.75,139.32,80.7
,10    Vir,Vir,182.422125,1.897889,73.0460,5.950,59285,105639,4626,,42.12,-180.44,3
,35    Leo,Leo,154.134585,23.503095,31.1721,5.950,50319,89010,4030,,-200.23,33.89,-33
,39    And,And,15.726105,41.345157,107.2961,5.950,4903,6116,290,,-16.96,-16.95,4
,47    Lib,Lib,238.751520,-19.382926,236.4066,5.950,77939,142378,5915,,-10.63,-18.38,-7
,5    Aur,Aur,75.076425,39.394701,59.7372,5.950,23261,31761,1599,,-10.93,-1.21,6
,50    Vir,Vir,197.438670,-10.329327,212.7660,5.950,64224,114287,4961,,-14.98,-7.31,-7
,62    Leo,Leo,165.902460,-0.000833,185.8736,5.950,54049,95849,4306,,-60.23,-0.41,-8
,7    Tau,Tau,53.610930,24.464393,131.5789,5.950,16664,22091,1086,,2.7,-33.96,26
,75    Cnc,Cnc,137.197245,26.629112,31.0078,5.950,44892,78418,3626,GJ 9286,-139.12,-370.44,10.4
,79    Peg,Peg,357.414120,28.842389,88.3392,5.950,117500,223461,9025,,62.75,25.01,-4
,90    Leo,Leo,173.677050,16.796915,581.3953,5.950,56473,100600,4456,,-8.78,-0.55,19
,,Hyi,5.369790,-77.426873,174.8252,5.960,1706,1801,87,,14.23,-6.44,21
,,Per,27.737970,51.933417,41.6840,5.960,8598,11151,529,,41.16,-115.5,-17
,,Ari,33.156405,24.167778,228.8330,5.960,10296,13522,644,,41.64,-6.28,-1
,,Hyi,51.401055,-69.336436,39.4011,5.960,15968,21722,1064,,-0.41,64.81,14
,,Cam,72.209520,75.941219,47.0588,5.960,22361,29678,1491,,37.56,-133.28,-6
,,Lep,79.710255,-18.130050,25.0250,5.960,24786,34721,1747,Gl 198,385,61.32,40.3
,,Ori,84.658215,-6.573959,411.5226,5.960,26535,37481,1933,,0.39,-0.42,15
,,Ori,87.554430,4.423406,178.2531,5.960,27560,39051,2019,,7.86,-38.28,27
,,Ori,88.097520,19.867849,343.6426,5.960,27747,39286,2030,,-5.57,-3.14,-3
,,Mon,104.737605,3.602355,257.0694,5.960,33603,51814,2610,,-3.59,-3.65,17
,,Gem,105.606390,17.755521,246.9136,5.960,33929,52554,2631,,21.03,27.15,23
,,Mon,105.824655,9.138355,101.9368,5.960,34002,52913,2647,,-23.58,3.06,-12
,,Car,106.805385,-51.968283,166.9449,5.960,34349,54732,2698,,-11.91,42.99,29
,,Car,108.838515,-52.499226,128.0410,5.960,35084,56705,2767,,-42.22,120.13,39
,,Vel,121.176675,-50.590396,363.6364,5.960,39527,67249,3178,,-8.61,1.7,27
,,Car,125.300415,-57.973220,543.4783,5.960,40932,70839,3293,,-3.07,4.24,20
,,Pup,126.481620,-14.929661,110.9878,5.960,41328,71267,3320,,-10.96,38.68,9
,,Cnc,129.579105,32.802021,124.6883,5.960,42365,73192,3409,,-24.29,-3.04,4
,,Lyn,133.049040,45.312819,164.7446,5.960,43553,75523,3509,,-11.02,-33.32,12
,,UMa,139.379895,46.817228,130.3781,5.960,45590,79763,3676,,14.11,11.91,-12
,,Ant,144.368355,-36.095994,110.1322,5.960,47224,83441,3835,,-25.61,-1.43,20
,,UMa,144.866250,67.272230,154.0832,5.960,47401,83126,3824,,-27.75,-38.67,19
,,Car,159.748590,-58.816854,209.2050,5.960,52127,92436,4179,,-76.65,13.1,81
,,Hya,173.623170,-32.831340,9.5593,5.960,56452,100623,4458,Gl 432A,-670.98,823.84,-22.6
,,Cru,187.983900,-63.505838,75.1315,5.960,61158,109000,4771,,-28.91,25.05,4
,,Cen,204.275085,-44.143203,127.2265,5.960,66427,118338,5118,,-51.05,-14.27,6
,,Cen,205.729305,-41.401043,110.3753,5.960,66924,119250,5155,,-51.69,-37.81,28
,,Cen,205.917030,-42.067521,613.4969,5.960,66984,119361,5157,,-13.49,-4.31,-21
,,Cir,210.218940,-66.268910,76.1035,5.960,68455,121932,5253,,-116.1,-24.2,-17
,,Cen,212.396010,-51.504672,251.2563,5.960,69174,123515,5296,,-32.69,-10.97,5
,,Vir,217.460490,0.828929,79.3021,5.960,70894,127167,5418,,15.7,7.26,-9
,,Lup,228.973605,-48.073661,49.8753,5.960,74696,135235,5663,,5.08,-8.39,-9
,,Ara,251.165610,-53.152313,223.2143,5.960,81966,150576,6207,,-10.74,-9.66,-2
,,Sgr,285.765855,-19.245686,606.0606,5.960,93537,176884,7203,,2.63,-11.42,-20
,,Del,305.000790,13.548091,80.3213,5.960,100256,193472,7774,,-2.65,-4.03,-8
,,Cyg,314.144910,44.924722,100000.0000,5.960,103371,199579,8023,,-0.24,-2.22,-6
,,Cyg,324.010335,45.374591,174.8252,5.960,106642,205730,8262,,64.44,1.85,-14
,,Peg,326.130525,14.771939,17.8859,5.960,107350,206860,8314,Gl 836.7,231.08,-113.45,-17
,,Cep,329.722980,62.697986,284.0909,5.960,108505,209112,8388,,12.03,14.14,-16
,,Aqr,349.850445,-18.075376,427.3504,5.960,115144,219879,8869,,3.96,9.58,5
,,Boo,225.948675,47.653692,12.7567,5.960,,,,Gl 575B,-389.14,25.85,3.4
,16    Sgr,Sgr,273.804045,-20.387974,100000.0000,5.960,89440,167263,6823,,2.83,-1.9,-5
,2Eta CrB,CrB,230.799450,30.286200,18.6220,5.960,,137108,5728,Gl 584B,134.87,-186.31,-10.6
,37    Dra,Dra,273.821085,68.755810,84.6740,5.960,89448,168653,6865,,17.17,-63.73,-10
,45    Aqr,Aqr,334.753080,-13.304995,113.3787,5.960,110179,211676,8508,,72.65,-9.91,30
,45    Cap,Cap,326.004030,-14.749370,52.9942,5.960,107302,206677,8302,,-22.48,10.31,-4
,61    Cet,Cet,30.950715,-0.340251,110.9878,5.960,9631,12641,610,,82.76,-43.09,24
,74    Dra,Dra,307.363965,81.091277,63.7349,5.960,101082,196925,7908,,67.05,221.67,-14
,9Mu 1Cnc,Cnc,121.576650,22.635490,228.3105,5.960,39659,66875,3169,,-7.43,-9.03,26
Copernicus,55Rho1Cnc,Cnc,133.149375,28.330819,12.3411,5.960,43587,75732,3522,Gl 324A,-485.48,-234.4,27.2
,,Cas,14.629275,66.351793,107.4114,5.970,4572,5550,273,,43.44,-13.19,-10
,,Psc,20.853960,20.468967,306.7485,5.970,6492,8388,397,,-5.59,-9.3,-11
,,Tri,25.413495,30.047120,157.7287,5.970,7906,10348,485,,-8.1,-6.5,5
,,Ari,30.646155,13.476716,206.1856,5.970,9533,12479,601,,-0.08,-4.99,-7
,,Cet,44.057370,8.381563,42.9738,5.970,13679,18262,870,,69.83,-88.32,29
,,Ari,47.661645,11.872627,136.4256,5.970,14764,19698,948,,30.74,-26.98,1
,,Per,49.440630,39.283373,153.3742,5.970,15334,20346,986,,22.23,-16.69,27
,,Tau,58.291845,17.327083,41.3223,5.970,18170,24357,1201,,143.97,-29.93,35
,,Tau,66.238020,19.042013,50.5306,5.970,20614,27901,1385,,110.73,-32.5,37
,,Per,70.459245,38.280182,31.8674,5.970,21847,29645,1489,,241.54,-97.88,47
,,Tau,73.196310,27.897485,106.3830,5.970,22697,30912,1554,,44.73,-35.83,38
,,Lep,76.854000,-12.491269,36.6972,5.970,23831,33093,1665,,136.07,-107.12,50
,,Ori,84.268260,11.035005,251.8892,5.970,26386,37171,1908,,52.25,-16.18,-111
,,Ori,85.724640,-6.796168,49.9500,5.970,26926,38089,1967,,12.26,60.59,-7
,,Ori,87.145590,-4.094648,15.1768,5.970,27435,38858,2007,GJ 1085,62.39,-230.65,31.9
,,Ori,87.625110,2.024700,316.4557,5.970,27588,39118,2024,,0.51,-6.94,7
,,Ori,89.116815,9.509396,120.0480,5.970,28110,39985,2075,,0.32,-9.91,13
,,CMa,94.032045,-16.618006,238.6635,5.970,29771,43544,2249,,-9.19,0.9,14
,,Pup,126.238365,-42.769834,549.4505,5.970,41250,71302,3322,,-12.12,6.83,23
,,UMa,149.306640,57.418196,145.5604,5.970,48802,85945,3922,,35.74,-63.78,-44
,,Vel,154.617705,-41.668490,163.1321,5.970,50480,89461,4056,,-28.24,3.13,23
,,Cha,160.464855,-79.783288,284.0909,5.970,52340,93237,4206,,-17.5,5.82,18
,,Vir,201.547560,-1.192471,78.3085,5.970,65545,116831,5059,,-114.57,5.2,-20
,,UMa,207.439440,61.489313,125.7862,5.970,67485,120787,5213,,62.67,-95.69,-11
,,Lup,226.638330,-30.918483,121.3592,5.970,73937,133652,5619,,-23,-28.66,2
,,Dra,233.817525,53.922144,118.0638,5.970,76311,139357,5811,,-17.96,2.08,-10
,,Sco,244.751745,-14.872825,325.7329,5.970,79938,146850,6078,,-21.18,-1.13,-42
,,Her,259.596975,38.811395,97.0874,5.970,84656,156891,6444,,-12.39,74.11,-38
,,Oph,265.384680,6.313156,346.0208,5.970,86575,160781,6590,,-2.97,-3.22,-31
,,Pav,266.232720,-57.545540,125.9446,5.970,86871,160720,6586,,18.09,-12.25,-6
,,Dra,272.631645,54.286552,50.2260,5.970,89047,167042,6817,,108.16,246.87,-16
,,Sgr,295.029855,-23.429086,109.8901,5.970,96760,185467,7473,,29.69,-12.77,-28
,,Cyg,310.013235,43.458878,137.5516,5.970,101986,197139,7919,,-69.45,-56.74,-19
,,Mic,318.328995,-36.423527,112.1076,5.970,104752,201852,8108,,34.19,3.61,0.4
,,Equ,319.716780,11.203373,289.0173,5.970,105224,202951,8149,,21.12,15.51,-37
,,Cep,321.205935,80.524826,111.1111,5.970,105727,205072,8239,,42.61,-11.38,3
,,PsA,331.153185,-26.822359,377.3585,5.970,108975,209522,8408,,12.59,-9.54,-18
,,Peg,333.033720,24.950641,100000.0000,5.970,109602,210762,8466,,10.24,1.73,-3
,,Aqr,338.901555,-23.991094,92.9368,5.970,111515,213986,8596,,25.95,-6.34,-3
,,Aqr,345.684390,-20.870712,73.4754,5.970,113801,217703,8764,,-56.81,-129.81,26
,,Peg,346.869630,21.134251,39.4011,5.970,114189,218396,8799,,107.88,-50.08,-12
,21    Eri,Eri,54.754650,-5.626210,33.7041,5.970,17027,22713,1111,,-13.53,-207.06,40
,3    Boo,Boo,206.680515,25.702236,89.6861,5.970,67239,120064,5182,,-18.34,-59.46,8
,33    Cet,Cet,17.639805,2.445670,235.2941,5.970,5510,7014,347,,-8.69,-15.94,-3
,38    Com,Com,195.290055,17.123147,124.6883,5.970,63533,113095,4929,,-9,-23.01,-6
,6    PsA,PsA,323.060715,-33.944623,154.3210,5.970,106340,204854,8230,,-5.81,-4.04,16
,64    Aql,Aql,302.007600,-0.678185,46.9484,5.970,99171,191067,7690,,116.6,-67.94,-4
,87    Psc,Psc,18.531795,16.133479,139.4700,5.970,5778,7374,364,,-30.59,-26.18,-16
,,Cas,1.565340,58.436733,21.4777,5.980,518,123,5,Gl 4.1A,247.36,17.77,-11.6
,,And,21.577755,43.457739,41.7188,5.980,6711,8671,409,,108.31,-60.45,31
,,Cet,40.392210,-14.549276,47.2144,5.980,12562,16825,796,,-5.85,55.86,2
,,Per,49.146630,32.184018,134.5895,5.980,15241,20277,978,,-4.1,-83.07,19
,,Hor,52.653900,-47.375125,120.3369,5.980,16339,21981,1081,,64.6,20.03,-12
,,Cam,53.412825,54.974857,74.4048,5.980,16599,21819,1073,,-41.31,-1.63,14
,,Ori,73.711290,0.467167,222.2222,5.980,22840,31331,1574,,-0.49,-4.89,17
,,Col,79.848690,-27.368884,134.0483,5.980,24831,34868,1758,,-3.46,-8.09,18
,,Aur,84.826305,29.215213,324.6753,5.980,26606,37367,1924,,-1.48,-7.25,20
,,Aur,90.429405,48.959445,242.1308,5.980,28562,40486,2105,,7.1,-9.89,11
,,Mon,111.463335,-5.774961,371.7472,5.980,36055,58526,2833,,-6.02,-2.92,14
,,Pup,111.928905,-22.859199,295.8580,5.980,36236,59136,2860,,-1.28,-0.42,26
,,Pup,119.757525,-45.215844,301.2048,5.980,39014,65904,3137,,-11.58,7.92,-3
,,Vel,127.440165,-46.331693,176.6784,5.980,41674,72232,3363,,-25.27,14.48,12
,,Lyn,133.041795,42.002735,161.5509,5.980,43550,75556,3511,,-32.72,-61.99,57
,,Lyn,138.809445,34.633516,130.0390,5.980,45412,79452,3664,,-157.52,47.81,56
,,Vel,152.657130,-41.715247,69.4444,5.980,49844,88399,4001,,28.07,-129.15,33
,,Car,158.199225,-58.666745,100000.0000,5.980,51623,91533,4144,,-6.54,2.16,10
,,Car,162.022545,-59.919163,100000.0000,5.980,52827,93737,4228,,-7.58,2.71,-24
,,Cen,175.863285,-37.190155,260.4167,5.980,57165,101883,4508,,-19.05,-21.81,36
,,Cen,196.851270,-59.860510,170.0680,5.980,64033,113823,4944,,-11.78,-8.06,4
,,CVn,205.680945,34.989021,146.8429,5.980,66907,119458,5161,,13.01,11,-15
,,Boo,210.335115,8.894906,82.8500,5.980,68498,122365,5262,,32.96,-1.19,-17
,,Lup,227.530530,-38.792511,131.4060,5.980,74224,134255,5636,,-24.53,-20.85,-35
,,Boo,228.525165,31.787845,203.2520,5.980,74561,135438,5674,,42.18,-30.19,4
,,Ser,237.055440,13.789078,144.7178,5.980,77412,141353,5874,,-8.84,-105.44,-54
,,Ara,255.112350,-48.647759,106.8376,5.980,83216,153221,6300,,-16.98,-80.41,-29
,,Sco,256.584120,-37.227590,142.2475,5.980,83693,154310,6344,,-7.95,-24.42,-21
,,Oph,257.061900,-17.609052,114.9425,5.980,83854,154779,6365,,4.62,-34.99,-14
,,Oph,258.834525,-14.584140,89.3655,5.980,84402,155970,6404,,-18.86,-5.88,-3
,,Oph,261.906465,-29.724567,226.2443,5.980,85442,157955,6494,,-8.1,-31.72,-21
,,Sco,262.233705,-36.778280,245.0980,5.980,85543,158105,6501,,-3.09,-5.04,-28
,,Sgr,271.209930,-35.901442,105.5966,5.980,88550,164870,6739,,-14,-33.55,-16
,,Her,272.937990,33.447057,237.5297,5.980,89156,166988,6814,,13.52,12.14,-19
,,Pav,285.014805,-66.653618,136.0544,5.980,93287,175401,7130,,12.33,-42.6,-20
,,Pav,292.795635,-68.433920,387.5969,5.980,95999,182709,7383,,17.19,-13.42,-14
,,Aql,294.218550,11.273206,371.7472,5.980,96481,185018,7456,,9.16,3.21,-1
,,Aql,295.273035,13.815682,100000.0000,5.980,96840,185936,7486,,,-10.95,-14
,,Equ,315.016590,7.516197,75.8150,5.980,103652,199942,8038,,48.1,6.98,-20
,,Cyg,325.504515,35.510200,625.0000,5.980,107129,206570,8297,,5.45,1.94,10
,,Aqr,332.640615,-4.266855,101.9368,5.980,109466,210434,8453,,72.36,3.5,-18
,,Tuc,340.203705,-57.422322,261.0966,5.980,111967,214632,8620,,56.62,-6.61,-32
,,Cep,354.838170,74.002628,100.4016,5.980,116728,222387,8972,,-8.53,5.56,9
,,Car,95.907083,-52.181111,100000.0000,5.980,,45291,2322,,-29,-22,11
,,Boo,214.017500,18.911944,100000.0000,5.980,,124953,5343,,43,-33,4
,105    Psc,Psc,24.920070,16.405858,120.1923,5.980,7740,10164,475,,82.41,-11.56,17
,55    Eri,Eri,70.894770,-8.794317,653.5948,5.980,21986,30020,1505,,28.84,-29.27,40
,60    Psc,Psc,11.848470,6.740956,141.2429,5.980,3697,4526,216,,14.42,-10.26,14
,9    And,And,349.597185,41.773676,129.5337,5.980,115065,219815,8864,,-9.58,-11.03,-4
,,Cet,2.073060,-8.824112,98.4252,5.990,671,360,16,,-34.13,-35.67,20
,,Scl,6.811275,-25.547170,176.0563,5.990,2159,2363,102,,32.93,-15.26,-3
,,Tuc,10.674135,-60.262807,70.8215,5.990,3352,4088,186,,263.68,-51.74,26
,,And,14.559225,33.950885,56.3698,5.990,4552,5608,275,,35.25,-71.86,-17
,,Cas,16.009950,52.502161,326.7974,5.990,4998,6211,298,,1.44,-61.03,-7
,,For,40.527510,-38.383686,126.4223,5.990,12608,16975,805,,20.46,12.95,17
,,Eri,58.817205,-12.099105,49.2126,5.990,18339,24712,1217,,-76.94,-22.14,22
,,Tau,71.570115,18.734693,80.1925,5.990,22176,30197,1517,,73.03,-69.79,38
,,Per,71.685315,40.312590,132.8021,5.990,22220,30138,1514,,8.99,-37.1,34
,,Aur,79.075620,34.312317,574.7126,5.990,24575,34078,1712,,-4.05,43.22,59
,,Ori,80.827125,-8.415595,122.6994,5.990,25187,35281,1778,,-1.73,-2.91,15
,,Aur,82.702710,41.461994,128.8660,5.990,25816,36040,1824,,2.01,-34.37,14
,,Ori,84.879795,-3.564704,42.5713,5.990,26624,37594,1940,,-3.88,2.1,22
,,Ori,88.683480,0.968615,268.0965,5.990,27939,39775,2057,,-2.9,0.01,22
,,CMa,93.823845,-18.477163,62.5391,5.990,29692,43429,2243,,19.43,-61.46,65
,,Mon,93.873645,-4.914719,65.0618,5.990,29711,43319,2234,,22.68,-34.41,31
,,Gem,99.948825,12.982768,78.8644,5.990,31876,47575,2449,,-15,-14.14,-20
,,CMa,108.350100,-22.674241,245.0980,5.990,34914,55762,2730,,24.69,-39.1,-5
,,CMi,110.514495,0.177121,500.0000,5.990,35712,57608,2801,,1.92,-2.01,-10
,,Pup,114.991635,-37.579422,429.1845,5.990,37345,61925,2968,,-1.41,-3.89,7
,,Car,141.022890,-61.648902,110.9878,5.990,46101,81613,3742,,-0.82,-47.52,-8
,,Vel,145.449720,-55.213762,574.7126,5.990,47559,84228,3868,,-12.34,3.26,14
,,Car,163.425465,-70.720337,233.1002,5.990,53272,94650,4262,,-29.45,0.48,6
,,UMa,164.886570,36.093100,253.8071,5.990,53726,95129,4278,,67.25,-51.05,-26
,,Car,169.819455,-64.582491,36.6838,5.990,55280,98560,4384,,-301.28,43.9,6
,,Cru,190.788315,-56.176224,117.0960,5.990,62058,110506,4834,,-31.16,-11.39,10
,,Cen,192.987225,-39.680431,142.8571,5.990,62786,111774,4879,,-27.07,-18.97,5
,,Lup,215.952510,-53.176233,112.9944,5.990,70363,125869,5380,,-58.08,-9.46,7
,,Cen,217.795170,-38.869708,96.6184,5.990,70987,127193,5419,,5.5,28.23,8
,,Dra,230.655210,62.047076,136.9863,5.990,75256,137389,5731,,9.3,-38.47,-24
,,UMi,250.775700,77.513973,36.1011,5.990,81854,152303,6267,,56.38,206.46,7
,,Sco,251.250795,-28.509657,216.9197,5.990,81992,150894,6218,,-28.2,-0.47,-55
,,Her,253.323195,47.416725,201.2072,5.990,82611,152812,6286,,-40.83,93.55,-63
,,Ara,253.852845,-63.269659,144.0922,5.990,82806,152082,6253,,7.66,-13.72,-9
,,Her,258.922800,23.742761,173.3102,5.990,84431,156284,6419,,-41.52,23.17,-42
,,Ara,262.847010,-56.920964,561.7978,5.990,85751,158220,6505,,-0.85,-4.16,-3
,,Sgr,269.662710,-28.759089,555.5556,5.990,88012,163685,6692,,-0.82,-5.21,-9
,,Ser,274.221255,-3.007401,103.4126,5.990,89587,167768,6840,,18.11,-273.27,2
,,Oph,275.647155,12.029680,134.7709,5.990,90052,169111,6883,,8.9,14.61,-55
,,Sct,282.420645,-5.912863,534.7594,5.990,92391,174208,7083,,0.23,-11.69,-7
,,Lyr,283.718820,33.968576,358.4229,5.990,92833,175635,7140,,-5.6,-1.78,-16
,,Sge,300.818325,18.500993,248.1390,5.990,98738,190211,7662,,11.41,-19.67,9
,,Del,309.770700,15.838199,413.2231,5.990,101909,196775,7899,,-2.33,-15.14,2
,,Cep,313.684560,75.925570,124.3781,5.990,103219,200039,8043,,30.92,42.29,-25
,,Gru,340.653675,-47.210813,23.6351,5.990,112117,214953,8635,Gl 871A,6.15,-331.43,17.3
,,Oct,354.598890,-76.869552,161.8123,5.990,116653,222060,8957,,78.48,-18.47,2
,,Peg,354.979335,9.677294,54.4070,5.990,116768,222377,8970,,89.12,-11.16,-4.5
,16    Cyg,Cyg,295.454175,50.525060,21.0793,5.990,96895,186408,7503,Gl 765.1A,-147.75,-158.85,-27.4
,17    Aqr,Aqr,320.734395,-9.319330,224.2152,5.990,105574,203525,8175,,-27.44,-23.4,18
,21    PsA,PsA,342.837255,-29.536309,98.9120,5.990,112862,216210,8693,,-7.54,-14.49,5
,4    Aqr,Aqr,312.857280,-5.626633,60.7165,5.990,102945,198571,7982,,95.77,1.25,-25
,46    Vir,Vir,195.149775,-3.368488,100.3009,5.990,63494,112992,4925,,-19.39,49.42,23
,5    Cnc,Cnc,120.376200,16.455309,165.5629,5.990,39236,65873,3134,,4.25,-5.94,-12
,69    Peg,Peg,351.918270,25.167281,110.6195,5.990,115806,220933,8915,,27.28,-36.06,-16
,7    Per,Per,34.519125,57.516321,251.2563,5.990,10729,13994,662,,-13.48,-1.81,-11
,Kap Hyi,Hyi,35.718450,-73.645792,97.2763,5.990,11095,15248,715,,-81.59,11.84,22
,Mu 1Oct,Oct,310.510965,-76.180592,101.1122,5.990,102162,196051,7863,,190.83,-9.43,-36
,,Phe,9.966420,-44.796293,94.1620,6.000,3137,3750,171,,42.69,16.74,8
,,Cet,32.842605,-10.052162,47.5964,6.000,10215,13456,638,,-27.3,-171.15,11
,,Cet,37.688340,0.255749,86.2813,6.000,11687,15633,732,,-51.92,-52.15,-2
,,Eri,64.566990,-20.715260,462.9630,6.000,20075,27362,1345,,4.85,19.17,25
,,Tau,65.884860,20.982044,170.0680,6.000,20493,27742,1375,,15.93,-35.07,18
,,Cam,76.623675,61.169756,143.8849,6.000,23766,32356,1624,,41.94,-75.92,-40
,,Col,94.148295,-39.264394,123.3046,6.000,29808,43847,2262,,-15.33,-18.78,-4
,,Ori,95.651640,12.570237,69.8324,6.000,30318,44497,2287,,-53.62,-32.04,21
,,CMa,107.389020,-16.234509,684.9315,6.000,34561,54764,2699,,-1.28,-0.58,6
,,CMa,110.228820,-26.963838,763.3588,6.000,35611,57593,2800,,-4.97,5.63,18
,,Vel,123.128310,-46.264285,320.5128,6.000,40183,68895,3234,,-5.5,9.34,13
,,UMa,125.167995,72.407232,248.7562,6.000,40889,68951,3236,,2.52,-24.97,12
,,Vel,132.587580,-42.089791,769.2308,6.000,43392,75759,3525,,-6.01,3.6,23
,,UMa,154.861755,48.396762,44.4050,6.000,50546,89319,4046,,-105.97,-110.66,-6
,,Car,156.855630,-65.704664,68.4463,6.000,51194,90874,4115,,-81.88,20.57,6
,,UMa,156.866880,41.601035,66.0939,6.000,51200,90470,4096,,-47.23,-72.72,7
,,Cam,182.750310,81.709832,336.7003,6.000,59384,105943,4639,,-25.8,-1.71,-27
,,Cen,187.491195,-41.735901,226.2443,6.000,60979,108759,4755,,4.92,-16.09,3
,,Crv,189.685890,-18.250100,67.2948,6.000,61688,109931,4809,,-122.68,26.64,-13
,,Vir,193.577760,-11.648570,68.4932,6.000,62983,112131,4901,,-138.92,10.56,-24
,,Dra,194.697135,75.472508,166.1130,6.000,63340,113049,4927,,13.18,13.77,-15
,,Cen,200.201415,-55.800688,100000.0000,6.000,65129,115842,5027,,-3.89,4.02,-3
,,Cen,204.703995,-57.622717,100000.0000,6.000,66575,118520,5124,,-11.47,-6.09,-10
,,Cen,205.733805,-56.767971,884.9558,6.000,66925,119159,5151,,-7.42,-4.76,-23
,,Vir,207.602835,5.497224,154.7988,6.000,67545,120602,5205,,10.42,0.71,-24
,,Cen,209.137335,-54.704665,38.6997,6.000,68101,121384,5236,Gl 534.1A,-41.31,-225.92,4.6
,,Boo,218.084295,26.677284,73.6377,6.000,71094,127726,5433,,-69.92,-23.82,-4
,,Boo,223.349085,19.152798,11.5101,6.000,72848,131511,5553,Gl 567,-442.75,216.84,-31
,,Nor,237.881040,-47.060800,137.7410,6.000,77678,141544,5882,,-113.11,-33.41,30
,,Lup,240.893175,-32.000538,55.2181,6.000,78665,143790,5970,,-37.6,-29.22,28
,,Oph,256.320075,0.702559,20.6654,6.000,83601,154417,6349,Gl 654.1,-15.67,-335.11,-15.8
,,Her,259.520580,17.317886,139.6648,6.000,84631,156653,6432,,11.87,-11.12,4
,,Dra,265.340790,51.818182,92.9368,6.000,86561,161193,6607,,-28.54,-0.27,-9
,,Sco,268.478220,-34.752721,315.4574,6.000,87616,162724,6662,,2.45,-4.7,-5
,,Dra,279.970050,52.196075,165.5629,6.000,91525,172883,7028,,5.44,21.39,-18
,,Sgr,286.717155,-16.229276,259.0674,6.000,93855,177817,7239,,-1.28,-16.61,-17
,,Cyg,293.423355,49.262319,406.5041,6.000,96198,184786,7442,,3.04,-11.47,-10
,,Vul,296.952240,25.384058,126.9036,6.000,97402,187193,7540,,67.54,-21.98,-18
,,Aql,297.259185,-10.870763,96.4320,6.000,97499,187195,7541,,30.84,-21.34,-33
,,Cep,319.309335,55.798001,369.0037,6.000,105080,202987,8150,,16.78,13.32,-19
,,Peg,336.942705,31.840045,265.9574,6.000,110873,212988,8555,,50.84,28.63,1
,,Tuc,8.184660,-63.031210,20.9205,6.000,,,,GJ 9015B,83.62,-33.28,
,,Oph,271.364850,2.498264,5.0860,6.000,,,,Gl 702B,252.27,-1101.48,-10
,129    Tau,Tau,86.689575,15.822497,225.2252,6.000,27265,38478,1985,,5.36,-3.04,19
,18    Peg,Peg,330.033030,6.717437,328.9474,6.000,108612,209008,8385,,14.53,0.7,-7
,19Tau6Ser,Ser,235.246245,16.024588,185.8736,6.000,76810,140027,5840,,22.16,-16.8,3
,29    Ari,Ari,38.225580,15.034554,29.9401,6.000,11843,15814,741,GJ 3161,-15.48,36.89,8.8
,39    Com,Com,196.588515,21.153397,49.6771,6.000,63948,113848,4946,,-69.06,-46.54,1
,44    Gem,Gem,106.326540,22.637458,123.0012,6.000,34182,53257,2659,,-0.95,-9.3,-11
,47    Cap,Cap,326.567790,-9.275935,363.6364,6.000,107487,207005,8318,,17.6,7.85,21
,52    Cas,Cas,30.718695,64.901466,83.8926,6.000,9564,12279,586,,-12.57,-11.69,-25
,,Cep,2.332875,79.714545,105.4852,6.010,760,431,20,,106.17,-39.37,1
,,Cet,10.958700,-12.011813,56.4016,6.010,3436,4145,190,,-0.84,-207.83,-9
,,Per,27.314790,47.896924,127.5510,6.010,8475,11031,526,,-20.22,-11.46,-2
,,Cet,28.974300,1.849982,39.8883,6.010,8998,11803,560,,158.44,190.44,30
,,Eri,52.413075,-6.804458,118.7648,6.010,16266,21665,1060,,-84.93,-89.94,26
,,Tau,68.450730,9.413567,170.9402,6.010,21269,28930,1446,,-6.14,-22.96,-26
,,Tau,69.121380,23.340855,47.5285,6.010,21459,29169,1459,,109.97,-53.86,43
,,Aur,91.593525,29.512414,225.2252,6.010,28930,41429,2146,,12.72,-4.67,-36
,,CMa,99.647610,-16.873547,149.4768,6.010,31758,47561,2448,,-8.37,-24.83,10
,,Car,105.271440,-58.939937,54.1419,6.010,33800,53349,2661,,-56.89,147.82,10
,,Gem,105.964995,12.594242,581.3953,6.010,34055,52976,2651,,-6.69,-6.87,-16
,,Mon,115.148010,-8.185430,95.3289,6.010,37394,61749,2958,,21.28,-29.37,-7
,,Pup,120.061245,-48.981509,101.3171,6.010,39122,66210,3148,,-34.18,43.93,12
,,Pup,126.329175,-21.045956,35.1617,6.010,41282,71196,3316,,-34.39,61.85,-2
,,Hya,127.212510,-9.748582,448.4305,6.010,41597,71766,3342,,-4.28,5.01,3
,,Hya,133.574790,-5.434459,17.3853,6.010,43726,76151,3538,Gl 327,-413.14,30.44,31.8
,,Hya,141.592950,-1.464078,211.8644,6.010,46288,81567,3741,,-1.37,-5.23,-15
,,Hya,154.820295,-12.528132,65.6599,6.010,50536,89455,4055,,-17.73,-13.01,-16
,,UMa,155.129850,54.216839,162.6016,6.010,50635,89414,4052,,-34.89,-6.03,9
,,Com,182.692065,27.281505,89.0472,6.010,59364,105805,4633,,-10.44,-9.6,-9
,,Cen,195.136110,-33.505267,41.5282,6.010,63490,112935,4922,,-74.19,-71.81,-23
,,Dra,195.446055,63.610225,36.8868,6.010,63584,113337,4934,,-171.55,25.53,-11
,,CVn,197.411085,37.423146,106.4963,6.010,64212,114357,4964,,-105.99,5.86,-19
,,CVn,199.767735,35.127978,63.0120,6.010,64979,115810,5025,,-29.97,17.54,-2
,,Boo,209.666280,14.649275,170.9402,6.010,68279,121980,5254,,-62.85,-58.63,-41
,,Vir,217.689120,4.772286,212.7660,6.010,70949,127337,5424,,1.14,-12.7,6
,,Ser,231.911970,25.101626,244.4988,6.010,75674,137853,5745,,5.74,-12.72,-7
,,Lup,236.871525,-37.916312,15.3539,6.010,77358,140901,5864,Gl 599A,-416.81,-213.86,-5.2
,,Oph,261.579210,7.595650,204.4990,6.010,85333,157978,6497,,0.02,-7.82,-11
,,Sco,265.243950,-32.214464,241.5459,6.010,86527,160371,,,-2.03,-6.55,-6.4
,,Her,268.019670,39.982089,203.6660,6.010,87445,162989,6673,,-12.64,51.5,-66
,,Her,270.151560,33.213682,256.4103,6.010,88190,164614,6726,,-4.12,-23.61,-16
,,Her,274.966965,29.666392,183.1502,6.010,89827,168694,6867,,-2.46,3.56,-36
,,Sgr,300.349365,-22.737307,107.6426,6.010,98575,189561,7643,,9.86,-11.6,8
,,Cyg,303.132180,51.463565,106.1571,6.010,99579,192439,7726,,-14.99,-15.31,13
,,Cyg,315.303600,36.026010,191.9386,6.010,103734,200253,8051,,-3.86,-6.36,-10
,,Cyg,321.687345,52.898537,137.3626,6.010,105891,204428,8218,,15.62,5.02,-30
,,Cep,338.261550,69.913545,77.7001,6.010,111314,213973,8595,,128.63,71.24,-2
,,Cep,343.265745,60.101029,389.1051,6.010,112998,216595,8707,,12.75,2.24,-7
,,And,358.889490,47.355804,434.7826,6.010,117956,224165,9053,,-10.83,-7.4,-17
,,And,359.265135,42.658232,322.5806,6.010,118071,224342,9057,,5.21,-2.38,-7
,10    Del,Del,310.317540,14.582880,155.5210,6.010,102080,197121,7918,,-8.52,0.39,-32
,11    Ari,Ari,31.705140,25.704553,268.8172,6.010,9859,12885,615,,18.57,-14.54,-9
,15    Del,Del,312.407370,12.545128,30.6185,6.010,102805,198390,7973,,54.06,97.46,2
,16    Ari,Ari,32.800230,25.936938,235.2941,6.010,10203,13363,633,,-8.85,-6.95,-19
,45    Leo,Leo,156.912465,9.762396,129.1990,6.010,51213,90569,4101,,7.85,-6.27,-8
,51    UMa,UMa,166.130160,38.241365,78.8644,6.010,54136,95934,4309,,-72.1,1.36,7
,6    Sex,Sex,147.808470,-4.243350,63.5728,6.010,48341,85364,3899,,13.76,-28.25,-10
,73    Vir,Vir,203.011710,-18.728880,76.5697,6.010,66015,117661,5094,,-96.54,-17.83,-18
,85    Tau,Tau,67.965645,15.851560,45.1671,6.010,21137,28677,1432,,107.59,-32.38,36
,97    Psc,Psc,22.470255,18.355669,146.1988,6.010,6981,9100,432,,59.05,-2.64,4
,Phi2Hya,Hya,159.069420,-16.344326,232.0186,6.010,51905,91880,4156,,-30.43,2.93,16
,Tau For,For,54.698625,-27.943054,117.7856,6.010,17007,22789,1114,,21.55,25.85,39
,,Cas,29.638440,61.697788,223.7136,6.020,9220,11857,561,,12.93,-11.41,7
,,Ari,47.612685,26.896233,141.8440,6.020,14748,19637,946,,2.76,66.86,-16
,,Tau,61.924920,15.162788,43.6300,6.020,19261,26015,1279,,127.06,-22.75,36
,,Cae,75.393855,-39.718046,111.8568,6.020,23377,32453,1631,,-4.39,33.25,6
,,Aur,77.578365,37.301854,485.4369,6.020,24072,33203,1669,,2.62,1.05,9
,,Dor,81.749220,-68.622544,77.8816,6.020,25482,36584,1859,,-10.85,-19.76,-2
,,Mon,108.617715,-10.316245,869.5652,6.020,34999,55879,2739,,-3.85,1.55,33
,,CMa,109.159830,-23.310940,92.9368,6.020,35213,56578,,,-33.67,46.62,36.9
,,Pup,116.325195,-43.752566,251.8892,6.020,37823,63118,3020,,-9.37,-2.77,35
,,Pup,118.944120,-43.845054,621.1180,6.020,38732,65211,3101,,-12.42,1.4,14
,,Lyn,126.178215,42.005242,294.9853,6.020,41224,70647,3287,,9.02,9.84,27
,,Car,133.265790,-56.649485,92.4214,6.020,43620,76346,3549,,-22.86,36.45,24
,,Car,138.823530,-58.388377,181.8182,6.020,45418,80094,3691,,-17.25,1.14,16
,,Vel,139.016790,-44.898723,100000.0000,6.020,45481,80057,3688,,-5.59,4.44,26
,,Leo,153.623970,21.168058,56.8182,6.020,50174,88737,4012,GJ 3589,-143.16,-72.05,16.8
,,LMi,160.546950,31.696998,248.7562,6.020,52366,92620,4184,,-3.18,-18.84,16
,,UMa,170.713530,64.330513,86.8056,6.020,55564,98772,4391,,-4.48,35.35,1
,,Leo,176.054850,25.218327,787.4016,6.020,57240,101980,4512,,-13.62,9.75,-3
,,Cru,186.853485,-63.788986,203.2520,6.020,60771,108355,4736,,-13.81,-10.9,42
,,Crv,190.455840,-19.759092,62.0347,6.020,61951,110385,4827,,-179.95,17.1,-3
,,UMa,205.978260,52.064413,96.0615,6.020,67005,119765,5169,,-19.56,-5.79,-7
,,Aps,212.114850,-74.850285,28.4981,6.020,69090,122862,5279,Gl 539.1,-242.32,180.31,-22.1
,,Boo,218.660430,36.626064,155.5210,6.020,71277,128198,5448,,-24.54,-46.6,-12
,,Aps,228.141660,-72.770599,300.3003,6.020,74421,133981,5628,,-14.43,-15.72,-13
,,Nor,235.655115,-49.489553,188.6792,6.020,76935,139871,5832,,-4.14,-22.55,-20
,,UMi,243.639420,73.394891,203.2520,6.020,79601,147321,6088,,-10.86,34.33,-15
,,TrA,250.842180,-67.432386,100.6036,6.020,81873,150026,6182,,15.6,-31.1,-2
,,Her,250.965405,34.038803,53.3333,6.020,81911,151087,6222,,-72.92,57.56,-10
,,Sct,277.444830,-14.581987,104.8218,6.020,90651,170397,6932,,21.87,15.08,-16
,,CrA,277.762290,-41.913834,67.8426,6.020,90759,170384,6931,,-2.99,-31.45,-14
,,Lyr,279.526980,39.668326,526.3158,6.020,91373,172380,7009,,6.69,8.6,-19
,,Dra,281.076105,61.048143,109.5290,6.020,91915,173949,7075,,0.12,19.41,-25
,,Vul,288.153060,21.554572,235.8491,6.020,94382,179648,7286,,14.51,4.79,-13
,,Cyg,289.214115,46.999102,42.0345,6.020,94755,181096,7322,,-10.1,291.8,-44
,,Cep,310.074525,60.505264,32.9056,6.020,102011,197373,7925,,13.73,185.72,-13
,,Cyg,310.151145,29.805552,74.2390,6.020,102033,197120,7917,,20.61,43.05,-30
,,Cyg,322.584675,52.957998,158.4786,6.020,106171,204965,8237,,21,16.65,-17
,,Ind,326.370060,-71.008849,227.7904,6.020,107423,206399,8286,,13.09,-11.43,-4
,,Ind,330.100980,-55.883486,166.6667,6.020,108626,208796,8381,,23.69,-14.44,3
,,Phe,352.862280,-44.843579,104.9318,6.020,116097,221323,8929,,45.3,-20.42,8
,,CMi,115.029167,16.938611,71.4286,6.020,,61563,2950,,-10,-25,17
,16    Oph,Oph,251.373645,1.020161,153.1394,6.020,82037,151133,6224,,-3.84,6.63,-13
,35    Psc,Psc,3.745155,8.820962,77.7605,6.020,1196,1061,50,,97.67,-24.96,1
,37    Vir,Vir,192.903705,3.056788,183.4862,6.020,62757,111765,4878,,-36.59,20.08,3
,53    Cam,Cam,120.426975,60.324353,98.7167,6.020,39261,65339,3109,,-33.56,-22.24,-5
,54    Aur,Aur,99.888000,28.263134,258.3979,6.020,31852,47395,2438,,-5.66,-9.75,19
,62    Aur,Aur,104.761890,38.052317,256.4103,6.020,33614,51440,2600,,-42.86,-122.69,25
,7    Sex,Sex,148.050675,2.454131,202.8398,6.020,48414,85504,3906,,-185.01,95.35,97
,76    UMa,UMa,190.391385,62.713039,160.0000,6.020,61936,110462,4833,,-30.71,-17.68,-4
,,And,11.545035,44.861497,131.0616,6.030,3604,4335,205,,17.64,-4.56,0.4
,,Hyi,23.811975,-58.139475,40.1929,6.030,7387,9896,460,,284.01,-33.05,1
,,Hor,43.079100,-62.909583,163.6661,6.030,13387,18185,866,,61.96,6.27,17
,,Ret,49.495920,-66.926853,54.9451,6.030,15353,20888,1014,,57.15,13.07,24
,,Tau,51.042210,12.629590,140.4494,6.030,15850,21051,1028,,25.97,-21.32,21
,,Cam,75.400140,61.077996,35.5999,6.030,23380,31662,1593,,16.4,-179.31,11
,,Pic,78.472230,-52.030755,189.0359,6.030,24384,34347,1727,,0.2,-13.99,34
,,Ori,84.363990,-5.938391,408.1633,6.030,26427,37303,1918,,2.51,-2.18,29
,,Tau,87.093195,20.869481,167.5042,6.030,27421,38670,1997,,8.19,-17.88,7
,,Tau,89.233830,24.249689,100000.0000,6.030,28154,39970,2074,,1.45,-2.71,1
,,Cam,97.060350,70.535320,177.9359,6.030,30794,44472,2285,,-0.76,11.81,-30
,,Col,99.257865,-38.146506,110.3753,6.030,31617,47463,2444,,-1.52,45.24,29
,,Aur,103.264740,35.787995,293.2551,6.030,33044,50056,2542,,-1.62,-5.44,6
,,Mon,103.745490,-2.803588,334.4482,6.030,33243,50890,2582,,-5.25,-0.45,20
,,Lyn,104.304720,57.563287,247.5248,6.030,33444,50551,2561,,13.15,15.61,-54
,,Car,108.008250,-63.190059,147.7105,6.030,34780,56239,2754,,-2.3,-1.98,-0.5
,,Lyn,117.773865,54.129240,29.6033,6.030,38325,63332,3028,,-40.3,53.28,-2
,,Gem,117.986565,19.325085,138.8889,6.030,38394,63889,3053,,-48.52,-38.2,39
,,CMi,119.316165,8.641220,103.1992,6.030,38868,65066,3097,,-3.43,-23.23,-36
,,Cnc,123.248880,16.514320,147.4926,6.030,40231,68461,3222,,-10.85,-12.03,-20
,,Hya,126.151815,-4.717000,63.3714,6.030,41214,70937,3295,,25.73,-56.3,-35
,,Vol,131.125050,-65.825429,58.6166,6.030,42895,75171,3495,,-63.56,104.15,9
,,UMa,164.060475,42.008155,95.5110,6.030,53465,94669,4264,,14.4,-97.54,-54
,,UMa,165.086250,42.911724,44.3459,6.030,53791,95241,4285,,-107.87,-122.13,-6
,,Com,186.312945,23.926202,145.9854,6.030,60599,108123,4725,,56.82,-41.09,-5
,,Lup,215.834400,-50.772252,311.5265,6.030,70325,125810,5377,,-11.72,-7.18,-7
,,Cir,219.444135,-67.932012,27.8940,6.030,71530,128020,5443,Gl 558.1,-348.26,-281.37,-30
,,Boo,226.834860,18.441825,72.2022,6.030,74000,134064,5633,,43.15,-49.97,-6
,,Nor,243.320715,-53.671171,490.1961,6.030,79490,145384,6022,,-3.95,-3.14,-12
,,Oph,252.112395,-14.909421,151.2859,6.030,82259,151527,6235,,-17.12,-8.79,-26
,,Oph,259.972290,-17.756543,115.2074,6.030,84792,156717,6435,,-3.16,-26.6,-4
,,Sco,268.240020,-35.624314,63.3312,6.030,87532,162517,6653,,9.28,-54.04,-21
,,Her,269.676330,36.287797,113.2503,6.030,88020,164280,6711,,6.61,-49.09,10
,,Sgr,274.401030,-34.107258,341.2969,6.030,89637,167647,6833,,-5.3,-9.31,10
,,Sge,288.761205,20.203123,208.7683,6.030,94598,180242,7299,,4.02,-11.2,7
,,Sgr,291.125745,-27.865945,273.2240,6.030,95408,182180,7355,,11.07,-16.26,6
,,Cyg,299.183925,36.250599,318.4713,6.030,98143,189066,7620,,1.21,-0.18,-23
,,Lac,339.893040,37.592817,305.8104,6.030,111869,214714,8626,,11.22,1.16,-7
,,Phe,358.660650,-40.300062,27.7008,6.030,117880,224022,9046,,367.44,30.51,-10
,,Cas,358.891005,57.412168,100000.0000,6.030,117957,224151,9052,,-3.13,-0.44,-26
,1    Del,Del,307.574850,10.895924,227.7904,6.030,101160,195325,7836,,19.25,3.52,-16
,11    Cyg,Cyg,293.951265,36.944539,184.8429,6.030,96387,185037,7457,,3.92,-1.69,-15
,29Ome2Aql,Aql,289.971105,11.534965,81.4996,6.030,95002,181383,7332,,42.44,22.14,-26
,4    CVn,CVn,185.945955,42.542743,95.1475,6.030,60467,107904,4715,,-80.13,14.4,-0.3
,66    Ari,Ari,52.110690,22.804006,64.4330,6.030,16181,21467,1048,,0.02,-111.4,49
,73    Psc,Psc,16.219320,5.656262,199.6008,6.030,5074,6386,307,,29.08,-16.31,-15
,Tau1Gru,Gru,343.407780,-48.598286,32.6158,6.030,113044,216435,8700,GJ 9802,216.7,-81.49,-1
,,Phe,8.888865,-54.821873,70.7714,6.040,2789,3303,148,,22.48,-51.27,-10
,,Cas,12.818265,61.805494,100000.0000,6.040,3988,4817,237,,-2.03,-1.87,-6
,,Psc,19.078830,33.114720,106.7236,6.040,5936,7578,371,,27.97,-35.89,6
,,Cep,30.737655,77.916263,295.8580,6.040,9568,12005,572,,-5.33,-5.03,-3
,,Cet,41.337105,4.711629,49.0918,6.040,12862,17163,816,,69.35,-41.63,20
,,Cae,71.481090,-39.356619,97.2763,6.040,22144,30432,1526,,-58.13,-18.99,-6
,,Ori,72.185940,3.588526,210.5263,6.040,22354,30545,1534,,-1.25,-15.39,-19
,,Ori,76.227195,-3.039675,357.1429,6.040,23643,32686,1646,,1.61,-0.98,27
,,Lep,76.653090,-13.122622,113.6364,6.040,23777,32996,1661,,20.17,14.81,40
,,Aur,85.149615,31.358197,190.4762,6.040,26712,37519,1938,,-5,-8.87,-7
,,Ori,86.862045,-10.532958,204.9180,6.040,27341,38735,2001,,-11.46,-16.97,-1
,,Aur,88.167045,33.917462,236.4066,6.040,27778,39225,2028,,18.21,8.5,100
,,Gem,90.251895,27.572362,704.2254,6.040,28500,40589,2111,,0.53,-1.89,17
,,Lep,90.304575,-25.417763,109.8901,6.040,28520,40972,2129,,-12.13,-20.7,12
,,Aur,90.702495,49.905678,130.2083,6.040,28637,40626,2112,,14.37,-43.75,25
,,Ori,92.866290,13.638561,132.1004,6.040,29371,42477,2191,,-4.9,-17.81,13
,,CMa,94.703295,-15.024954,175.1313,6.040,29993,44021,2268,,0.99,16.67,51
,,CMa,101.347350,-23.462432,145.9854,6.040,32368,49001,2495,,-19.7,23.38,34
,,CMa,111.333225,-21.982591,100000.0000,6.040,36017,58585,2839,,-1.61,2.98,41
,,Hya,124.957770,3.948032,168.6341,6.040,40818,70013,3269,,26.42,-22.09,-47
,,Cnc,128.555625,8.452339,57.7367,6.040,42049,72617,3380,,6.45,-14.42,11
,,Vel,135.092745,-43.173991,320.5128,6.040,44213,77320,3593,,-8.89,0.51,27
,,Cnc,137.661660,30.963139,143.4720,6.040,45058,78712,3639,,-9.41,-33.05,14
,,Vel,140.123640,-37.581688,156.7398,6.040,45814,80774,3716,,-17.36,-21.77,7
,,Hya,157.952850,-28.237103,42.6985,6.040,51551,91280,4130,,-81.1,-4.58,-21
,,Vel,157.986015,-45.069660,194.5525,6.040,51560,91356,4136,,-19.96,-1.7,-9
,,Hya,159.710055,-12.443618,111.3586,6.040,52113,92245,4172,,-46.88,10.15,12
,,Cen,179.795280,-51.696761,314.4654,6.040,58453,104081,4582,,-15.46,-5.21,10
,,Mus,199.829130,-72.035603,170.0680,6.040,64994,115439,5012,,-5.64,-51.4,-31
,,Vir,206.805855,-9.709455,186.5672,6.040,67271,120033,5178,,-0.29,-43.2,7
,,Cen,219.580665,-38.794184,221.2389,6.040,71581,128488,5456,,42.25,-20.85,28
,,Ser,233.972370,11.265656,221.2389,6.040,76372,139087,5796,,-32.98,-11.83,-26
,,Lup,239.028495,-39.864364,173.3102,6.040,78046,142448,5918,,4.05,-17.7,-18
,,Her,239.768280,49.881043,48.9956,6.040,78286,143584,5964,,21.48,-55.61,4
,,Her,245.017815,21.132610,98.1354,6.040,80021,147266,6087,,-23.66,-51.93,-25
,,Dra,254.839740,56.688594,93.1099,6.040,83138,153956,6330,,-52.85,36.63,-15
,,Ara,262.954575,-46.036783,446.4286,6.040,85788,158476,6513,,2.53,-2.62,-29
,,Her,264.153090,30.785179,69.6379,6.040,86178,160054,6570,,30.58,-5.66,-17
,,Her,273.270075,38.773493,203.2520,6.040,89279,167370,6826,,-6.68,7.54,-9
,,Pav,281.297970,-61.095196,354.6099,6.040,92008,172630,7015,,24.25,-23.55,-20
,,Pav,282.431985,-72.995722,215.9827,6.040,92394,172881,7027,,2.07,-4.11,3
,,Lyr,285.230010,33.802158,118.2033,6.040,93354,176896,7204,,5.64,3.11,-28
,,Cyg,295.964385,34.162724,331.1258,6.040,97087,186568,7512,,6.39,3.95,-11
,,Sgr,297.298335,-28.788972,46.4253,6.040,97515,187098,7538,,119.95,-98.62,-34
,,Pav,297.754800,-65.605087,57.9039,6.040,97674,186786,7524,,99.7,-158.12,-41
,,Del,313.919490,4.532723,141.6431,6.040,103301,199223,8010,,60.96,11.26,-31
,,Cap,315.438660,-26.880993,92.9368,6.040,103777,200052,8045,,15.24,-24.68,-4
,,Cep,335.752125,62.419357,227.7904,6.040,110498,212495,8537,,19.59,11.99,-15
,,Gru,350.209005,-50.306559,86.2069,6.040,115272,220003,8877,,49.67,-74.02,-18
,39    Aqr,Aqr,333.107325,-14.193957,42.0521,6.040,109624,210705,8462,,26.09,-47.47,15
,79    Cnc,Cnc,137.586915,21.996415,112.8668,6.040,45033,78715,3640,,3.5,4.44,-7
,88    Psc,Psc,18.676635,6.995136,159.2357,6.040,5824,7446,367,,-13.62,-24.67,-9
,Iot Men,Men,83.900580,-78.820839,261.7801,6.040,26264,38602,1991,,12.55,18.18,13
,Rho Ind,Ind,343.664715,-70.073709,26.7451,6.040,113137,216437,8701,,-43.19,73.2,-3
Xihe,,Lyr,280.900440,36.556605,139.4700,6.040,91852,173416,7043,,21.54,57.61,-61
,,Psc,7.083540,10.189848,36.5497,6.050,2235,2454,107,,32.79,-203.14,-10
,,Cep,32.355930,81.295945,70.5716,6.050,10054,12467,597,,-34.14,7.13,-13
,,And,33.510330,47.484241,39.5883,6.050,10403,13594,647,,-82.13,-60.1,-8
,,Eri,43.133850,-12.769714,10.3520,6.050,13402,17925,857,Gl 117,398.11,-189.55,18.8
,,Per,44.138760,47.164006,319.4888,6.050,13713,18155,865,,-2.78,1.05,-13
,,Cet,46.158615,1.863604,131.9261,6.050,14315,19121,926,,26.17,-0.68,1
,,Tau,57.479460,22.244151,112.8668,6.050,17921,23950,1185,,23.88,-45.9,-3
,,Ret,59.678700,-57.102360,61.3874,6.050,18592,25346,1245,,25.85,11.55,12
,,Cam,63.436710,72.126147,144.9275,6.050,19730,26076,1281,,8.51,-34.13,-4
,,Men,69.590580,-77.656003,157.7287,6.050,21611,30479,1531,,-7.03,-10.49,9
,,Cam,75.582480,74.269368,208.7683,6.050,23442,31312,1572,,11.83,40.76,-52
,,Col,80.320260,-34.345051,440.5286,6.050,25007,35165,1772,,0.57,6.2,20
,,CMa,94.264965,-22.715229,40.2576,6.050,29843,43745,2254,,127.42,-258.64,-4
,,Gem,96.387240,23.327169,150.6024,6.050,30570,44927,2304,,-5.97,-16.6,-27
,,CMa,96.797400,-25.856496,29.8686,6.050,30711,45588,2349,GJ 9212A,-171.52,-215.83,35.8
,,Mon,99.350175,6.135382,100000.0000,6.050,31646,47129,2422,,-1.84,0.68,25
,,CMa,99.900930,-23.695662,208.3333,6.050,31859,47827,2455,,4.4,-7.84,26
,,CMa,103.391340,-28.539794,25.8933,6.050,33094,50806,2576,GJ 9219,282.83,-441.94,72.1
,,Pup,112.341105,-14.998657,35.0877,6.050,36395,59438,2868,,-187.77,-231.28,-6
,,Gem,115.681500,34.000218,59.8086,6.050,37580,61859,2962,,-83.5,-2.81,-11
,,Pup,117.918165,-42.888202,641.0256,6.050,38370,64365,3078,,-6.44,8.14,32
,,Cnc,119.631135,16.518680,367.6471,6.050,38975,65257,3104,,-7.3,-4.35,-1
,,Cnc,119.896065,13.242166,99.8004,6.050,39067,65522,3115,,-20.6,-16.16,27
,,Vel,126.605085,-52.807500,69.4444,6.050,41373,71722,3341,,-37.95,1.04,30
,,Cha,130.801215,-79.070082,92.8505,6.050,42794,75747,3524,,-30.83,28.12,26
,,Vel,137.920560,-39.258845,334.4482,6.050,45127,79241,3656,,-20.7,10.71,19
,,Vel,140.997240,-51.737080,100000.0000,6.050,46093,81471,3739,,-4.71,4.4,18
,,Vel,141.067845,-39.425502,149.0313,6.050,46114,81411,3737,,12.96,-26.01,8
,,Car,141.683940,-64.929701,69.7837,6.050,46328,82068,3761,,-63.33,64.17,8
,,Vel,147.166770,-56.411890,101.6260,6.050,48119,85250,3895,,-58.39,14.77,7
,,Leo,149.531790,8.313979,137.9310,6.050,48876,86369,3938,,17.59,-27.03,-19
,,Leo,153.457110,27.135819,157.2327,6.050,50109,88639,4006,,-28.99,-3.32,10
,,Sex,157.183170,-3.742385,79.2393,6.050,51302,90763,4109,,0.69,-28.28,-26
,,Leo,170.824800,0.132050,193.4236,6.050,55595,98960,4394,,-39.64,-7.97,22
,,Crt,173.311755,-16.280381,124.5330,6.050,56364,100418,4451,,19.99,-44.13,-4
,,Vir,175.979670,-6.677162,123.6094,6.050,57214,101933,4510,,56.23,-41.77,-3
,,Leo,177.311610,16.242882,62.9723,6.050,57646,102660,4535,,38.16,-53.99,-23
,,Cen,178.547940,-57.410198,473.9336,6.050,58041,103400,4556,,-9.67,-2.82,-14
,,Oct,180.586020,-85.631757,113.7656,6.050,58697,104555,4595,,-56.44,1.55,17
,,Mus,183.195945,-70.151787,502.5126,6.050,59551,106111,4645,,-7.65,-0.27,11
,,Crv,184.263885,-16.693736,134.9528,6.050,59895,106819,4670,,-49.2,2.07,-12
,,Cru,187.080375,-64.340989,97.9432,6.050,60851,108501,4744,,-36.16,-11.79,9
,,Vir,187.839240,7.604309,246.3054,6.050,61103,108985,4770,,-20.97,10.66,-17
,,Cen,197.743515,-52.566897,115.7407,6.050,64320,114365,4965,,-35.2,-17.88,26
,,Hya,208.569390,-28.569590,64.8508,6.050,67890,121156,5228,,-168.9,-66.42,-17
,,Lib,221.806875,-21.324871,505.0505,6.050,72310,130157,5513,,-13.9,2.82,-24
,,Lup,229.043595,-43.484997,632.9114,6.050,74716,135348,5668,,-7.82,-7.76,-21
,,Lup,234.675735,-39.127734,146.8429,6.050,76608,139271,5807,,15.37,5.22,14
,,Nor,237.210075,-52.438256,200.4008,6.050,77454,140979,5865,,2.24,-11.83,-18
,,Oph,249.506475,-6.538014,113.2503,6.050,81440,149911,6179,,-7.45,-9.23,-22
,,Sco,250.948320,-38.156346,162.0746,6.050,81904,150608,6210,,-9.72,-43.2,7
,,Oct,255.243525,-86.364297,192.3077,6.050,83255,148542,6139,,8.21,,7
,,Oph,262.934895,-26.269709,119.6172,6.050,85783,158704,6520,,-2.83,-22.57,0.1
,,Her,264.989670,31.202470,193.4236,6.050,86462,160677,6584,,-9.41,11.15,-9
,,Sco,268.205100,-34.114833,190.1141,6.050,87516,162496,6651,,2.37,-4.83,-15
,,Sco,268.783455,-36.475645,300.3003,6.050,87722,162926,6671,,2.88,-5.22,-15
,,Sgr,273.878190,-18.661577,436.6812,6.050,89470,167356,6825,,0.53,-2.15,2
,,Sgr,286.878510,-28.636800,389.1051,6.050,93925,177846,7240,,-0.03,-7.67,5
,,Aql,304.930275,-1.078514,120.4819,6.050,100232,193329,7768,,41.59,32.39,-45
,,Cap,318.777585,-17.345138,111.1111,6.050,104914,202261,8122,,-0.04,-19.86,4
,,Cyg,320.341410,32.612733,186.5672,6.050,105432,203439,8169,,14.4,-14.29,-3
,24    Cam,Cam,85.756950,56.581522,59.1716,6.050,26942,37601,1941,,16.09,28.7,-29
,28    Cnc,Cnc,127.153260,24.144934,136.6120,6.050,41574,71496,3329,,-39.17,-47.96,9
,33    Tau,Tau,59.265870,23.175550,208.7683,6.050,18485,24769,1221,,8.95,-16.98,25
,4    Lyn,Lyn,95.514810,59.372099,152.2070,6.050,30272,43812,2257,,-5.55,0.6,-24
,44    LMi,LMi,162.473865,27.973948,86.6551,6.050,52959,93765,4230,,-10.54,31.22,3
,48    Psc,Psc,7.052925,16.445065,233.6449,6.050,2224,2436,106,,18.37,-14.57,-7
,55    Cas,Cas,33.621255,66.524428,218.8184,6.050,10438,13474,640,,-6.91,-5.56,-12
,61    Cyg,Cyg,316.727445,38.742055,3.4980,6.050,104217,201092,8086,Gl 820B,4107.4,3143.72,-64.3
,Lam1Scl,Scl,10.678710,-38.463483,145.1379,6.050,3356,4065,185,,2.49,-6.25,10
,Tau2Hyi,Hyi,26.944365,-80.176311,61.8429,6.050,8366,11604,550,,-71.73,-58.41,30
Shengong,,Sco,254.717745,-37.620508,96.7118,6.050,83100,153072,6298,,10.23,-38.08,-27
,,Cet,9.028590,-22.842333,48.8759,6.060,2852,3326,151,,-71.44,-50.35,13
,,And,10.400145,24.629008,126.7427,6.060,3269,3883,178,,104.68,-23.4,-15
,,Tuc,11.131605,-62.497591,87.6424,6.060,3489,4294,199,,103.16,6.29,-4
,,Per,44.509710,38.614926,180.1802,6.060,13832,18339,876,,-5.01,-17.76,-41
,,Per,46.337565,40.582181,124.5330,6.060,14365,19066,923,,-25.04,-4.29,-34
,,Per,56.026785,48.523656,312.5000,6.060,17437,23049,1127,,0.02,-12.02,-12
,,Cam,63.757485,57.460361,429.1845,6.060,19823,26553,1296,,-3.09,-0.49,-23
,,Tau,66.587925,8.590269,198.0198,6.060,20715,28114,1397,,3.43,-5.46,14
,,Eri,68.342025,-10.785333,227.7904,6.060,21239,28970,1447,,-0.82,30.04,-3
,,Cae,72.567420,-41.320848,52.5486,6.060,22488,30985,1557,,-3.02,66.56,25
,,Aur,73.713495,44.060861,95.6023,6.060,22842,31069,1558,,21.34,-56.4,3
,,CMa,109.758000,-19.280304,100000.0000,6.060,35442,57118,2785,,-2.47,3.06,62
,,Car,114.751350,-53.273357,191.9386,6.060,37248,61966,2971,,-17.58,9.42,12
,,Gem,117.759825,33.233653,70.4722,6.060,38319,63589,3040,,-17.78,7.02,-10
,,Vel,149.427495,-48.414075,549.4505,6.060,48835,86523,3943,,-9.34,-1.84,9
,,Hya,165.169965,-31.839368,31.3873,6.060,53818,95456,4298,,-77.49,102.97,-2
,,Car,169.329285,-67.823515,746.2687,6.060,55140,98292,4379,,14.18,-6.64,26
,,Mus,184.276425,-65.692958,95.9693,6.060,59898,106797,4669,,-37.57,-9.34,21
,,Cru,190.707405,-55.947001,108.4599,6.060,62026,110461,4832,,-34.64,-16.52,15
,,Mus,199.187445,-65.138259,38.7297,6.060,64790,115149,5000,,-98.97,-54.65,18
,,Mus,200.719215,-72.146712,280.8989,6.060,65289,115967,5030,,-17.73,-15.46,33
,,Aps,217.404405,-76.729083,150.8296,6.060,70874,126209,5389,,-27.54,-28.27,-8
,,Boo,217.456965,31.791188,110.1322,6.060,70892,127304,5422,,-19.8,7.01,-9
,,Lup,219.795405,-46.584480,35.0018,6.060,71639,128582,5457,,-198.09,-215.82,-12
,,Vir,221.298780,-1.417529,289.0173,6.060,72122,129902,5496,,-56.73,-0.71,-47
,,Cen,224.128605,-32.636784,195.3125,6.060,73107,131774,5562,,-3.44,-30.61,12
,,Sco,243.722625,-25.476976,148.8095,6.060,79622,146001,6054,,-9.79,-22.09,-8
,,Oph,246.708645,2.347944,142.8571,6.060,80558,148287,6124,,20.93,-16.42,4
,,Her,255.991845,13.567420,97.9432,6.060,83504,154278,6342,,22.66,-130.21,46
,,Oph,257.056875,-1.079476,89.5255,6.060,83853,154895,6367,,-10.55,-40.37,-21
,,Tel,274.253835,-51.068271,121.8027,6.060,89597,167257,6821,,0.91,-10.85,-5
,,Lyr,281.554200,41.441810,279.3296,6.060,92098,173936,7073,,0.98,-0.14,-19
,,Lyr,281.989050,31.756835,338.9831,6.060,92243,174179,7081,,0.1,-3.85,-15
,,Dra,290.417730,79.602830,107.7586,6.060,95167,184102,7423,,22.75,-26.33,-3
,,Dra,292.751190,70.989339,186.9159,6.060,95978,184958,7450,,-10.91,32.98,-43
,,Cyg,298.397520,59.708660,104.1667,6.060,97892,188793,7611,,42.12,55.57,-14
,,Aqr,314.294070,0.463779,93.9850,6.060,103414,199442,8017,,11.81,-62.98,-26
,,Peg,325.637325,10.824314,214.5923,6.060,107173,206540,8292,,17.39,-12.57,6
,,Cap,329.682465,-21.182945,322.5806,6.060,108494,208735,8378,,27.77,-6.28,3
,,Gru,340.679475,-44.248036,108.5776,6.060,112127,214987,8639,,33.74,35.43,6
,,Tuc,356.104770,-70.490226,46.5333,6.060,117105,222805,8994,,245.19,61.31,20
,2    Pup,Pup,116.371380,-14.690537,77.8210,6.060,37843,62864,3010,,-15.08,-21.41,24
,26    Cet,Cet,15.954285,1.366846,60.1323,6.060,4979,6288,301,,122.42,-40.69,6
,43    Leo,Leo,155.751870,6.542643,71.1238,6.060,50851,89962,4077,,-16.27,-98.74,-24
,56    Her,Her,253.759005,25.730681,136.7989,6.060,82780,152863,6292,,20.13,-19.42,1
,Bet Mic,Mic,312.994830,-33.177974,147.9290,6.060,102989,198529,7979,,7.09,-5.62,-12
,,And,1.653135,29.021502,13.6705,6.070,544,166,8,Gl 5,379.94,-178.34,-5.5
,,Psc,4.571865,11.206214,153.8462,6.070,1465,1419,69,,-32.75,-28.6,9
,,And,13.367595,37.418209,107.8749,6.070,4185,5118,249,,11.25,-44.41,-6
,,Psc,17.547675,15.673912,165.0165,6.070,5483,6966,344,,20.41,-24.51,-3
,,Cep,20.945055,78.726056,100000.0000,6.070,6522,8065,386,,-4.29,3.24,-75
,,Hyi,28.943640,-60.860975,47.4383,6.070,8983,11995,571,,14.17,66.77,15
,,Cet,32.190255,-17.779155,283.2861,6.070,9999,13215,625,,-10.9,-21,14
,,Tri,39.179310,31.607667,113.7656,6.070,12160,16187,757,,-25.35,0.47,3
,,Cet,40.451355,-3.213807,201.2072,6.070,12584,16824,795,,-11.04,-12.48,4
,,Per,48.735735,42.503637,72.8863,6.070,15118,20063,966,,52.72,7.23,22
,,Aur,93.438930,51.172469,127.8772,6.070,29569,42466,2188,,-2.07,-63.63,11
,,Ori,93.917400,6.066166,200.4008,6.070,29728,43285,2231,,-0.79,-17.38,26
,,CMi,107.964090,5.654703,168.3502,6.070,34768,55111,2710,,-12.25,-5.19,42
,,Gem,117.257655,13.371869,233.6449,6.070,38147,63352,3030,,38.53,-7.86,-57
,,Pup,123.545985,-32.140711,694.4444,6.070,40341,69080,3239,,-7.01,6.79,-49
,,Pup,126.573885,-39.058956,171.8213,6.070,41361,71487,3327,,-7.92,7.76,28
,,Pyx,131.455350,-25.388088,103.8422,6.070,43002,74879,3483,,-26.32,7.64,9
,,Car,152.897805,-58.827762,245.7002,6.070,49926,88647,4007,,-24.57,26.79,-10
,,Car,153.254820,-59.918088,746.2687,6.070,50044,88825,4018,,-15.31,2.6,-2
,,UMa,157.610940,64.257689,94.2507,6.070,51448,90745,4108,,-50.85,-50.74,-13
,,Car,166.622055,-58.675021,398.4064,6.070,54294,96544,4323,,-10.06,5.86,3
,,UMa,167.416110,67.210208,111.2347,6.070,54540,96707,4330,,-87.45,-27.39,5
,,Cen,182.640870,-37.870349,72.3589,6.070,59353,105776,4631,,46.1,-33.24,-7
,,CVn,202.815780,42.106153,80.3859,6.070,65951,117710,5096,,-95.49,27.69,-20
,,Cir,212.628780,-70.305464,100000.0000,6.070,69241,123377,5293,,-5.89,-5.84,-1
,,Cir,212.757975,-69.719318,69.4927,6.070,69298,123492,5295,,-31.27,-20.52,-3
,,Cen,218.290200,-30.715068,101.2146,6.070,71154,127624,5428,,40.41,-39.68,10
,,Lup,221.802450,-52.205256,862.0690,6.070,72308,129932,5498,,-6.64,-2.93,-34
,,Boo,231.021330,45.271031,150.3759,6.070,75369,137390,5732,,-14.52,2.34,-10
,,Sco,240.664245,-29.135800,134.4086,6.070,78575,143619,5965,,34.54,-9.53,5
,,Sco,247.845225,-26.537643,68.5871,6.070,80910,148760,6145,,-28.16,-37.56,39
,,Her,250.252440,24.858705,132.1004,6.070,81670,150580,6208,,-34.48,2.02,-68
,,Oph,250.400760,-24.467962,87.5657,6.070,81728,150366,6193,,-54.7,-9.49,-47
,,Her,251.299155,43.217169,221.7295,6.070,82012,151388,6230,,-8.63,-50.54,-13
,,Sco,253.541925,-41.825040,416.6667,6.070,82691,152248,,,0.42,-2.86,-44
,,Ara,255.923685,-47.160571,151.2859,6.070,83481,153791,6323,,-0.3,5.28,0.4
,,Tel,272.768355,-47.513121,173.9130,6.070,89096,166006,6778,,-2.92,-29.98,-15
,,Oph,276.959670,3.748570,362.3188,6.070,90487,170137,6925,,-1.97,-8.09,-19
,,Dra,279.055245,65.488717,66.4452,6.070,91196,172569,7013,,20.28,83.43,-23
,,Lyr,286.242855,30.733396,198.0198,6.070,93720,177809,7238,,21.82,-21.53,-16
,,Pav,301.383240,-67.320897,17.7274,6.070,98959,189567,7644,Gl 776,844.55,-674.69,-12.2
,,Cyg,309.888810,40.579658,283.2861,6.070,101949,197018,7911,,6.67,0.84,-15
,,Cap,315.215685,-17.530898,160.5136,6.070,103703,199947,,,-31.09,-17.44,1.1
,,Cyg,318.360105,36.633263,471.6981,6.070,104765,202240,8120,,0.44,0.6,-13
,,Cyg,320.675220,30.309882,112.2334,6.070,105558,203630,8182,,38.64,7.54,-25
,,Cap,324.867120,-10.576896,94.1620,6.070,106938,206005,8273,,27.36,-52.3,-9
,,Cep,342.184365,62.938410,180.1802,6.070,112635,216102,8683,,13.87,-49.67,-27
,,And,352.664820,38.662253,208.7683,6.070,116030,221293,8927,,30.97,17.08,-9
,12    CMa,CMa,101.756175,-21.015402,241.5459,6.070,32504,49333,2509,,-15.17,6.24,15
,17    Hya,Hya,133.873365,-7.971153,88.4956,6.070,43822,76369,3552,,7.71,-26.34,-20
,19    Oph,Oph,251.790645,2.064526,166.1130,6.070,82162,151431,6232,,-11,-15.19,-6
,25Iot2Lib,Lib,228.329955,-19.647572,69.8812,6.070,74493,134967,5656,,-48.01,-48.64,-4
,39    Ser,Ser,238.300410,13.196623,17.3491,6.070,77801,142267,5911,GJ 3924,-150.56,-562.69,35.1
,43    Ser,Ser,240.940380,4.986834,110.6195,6.070,78685,144046,5976,,-38.08,17.25,-44
,49    Per,Per,62.064180,37.727493,44.0917,6.070,19302,25975,1277,,-100.33,-197.03,-40
,6    Equ,Equ,317.630475,10.048922,135.8696,6.070,104538,201616,8098,,-0.23,17.23,7
,65    Ari,Ari,51.108825,20.803489,95.6938,6.070,15870,21050,1027,,2.55,-9.84,-9
,67    Cnc,Cnc,135.453510,27.902593,58.0046,6.070,44342,77190,3589,,-64.19,-77.89,12
,75    UMa,UMa,187.517670,58.767773,119.7605,6.070,60992,108861,4762,,31.19,-14.92,-17
,76    Cyg,Cyg,325.392750,40.805222,152.2070,6.070,107097,206538,8291,,-17.45,-47.7,3
,The Phe,Phe,354.866415,-46.637799,78.8644,6.070,116737,222287,8966,,22.44,40.99,14
,,Psc,6.123540,-2.219064,151.7451,6.080,1939,2023,94,,-34.51,-42.42,15
,,Eri,47.828235,-3.811595,264.5503,6.080,14819,19836,955,,-4.25,-16.65,24
,,Dor,64.666695,-52.860097,72.0461,6.080,20109,27604,1365,,45.84,73.1,21
,,Eri,65.380470,-25.728580,58.7544,6.080,20347,27710,1374,,37.06,-50.38,18
,,Ori,78.381480,1.967684,212.3142,6.080,24349,33883,1701,,6.06,-0.05,5
,,Lep,81.902085,-21.375713,119.9041,6.080,25532,35991,1823,,18.41,32.16,34
,,Aur,84.218400,40.182375,100000.0000,6.080,26363,36891,1884,,-4.33,-4.18,-18
,,Lep,92.806905,-26.482100,207.0393,6.080,29347,42729,2206,,0.82,5.42,24
,,Mon,98.096970,11.673520,210.5263,6.080,31168,46178,2378,,1.64,-35.37,-21
,,Cnc,122.819160,9.821230,268.8172,6.080,40085,68099,3201,,-6.92,-15.99,30
,,Lyn,126.270360,35.011409,267.3797,6.080,41262,70771,3292,,-12.43,-11.14,33
,,Hya,135.380775,5.640986,318.4713,6.080,44315,77250,3590,,-29.3,-3.92,33
,,Hya,147.998055,-16.534775,119.7605,6.080,48396,85519,3908,,13.18,-67.52,5
,,Sex,154.037490,-11.203419,197.2387,6.080,50292,89033,4034,,-23.72,-0.67,32
,,Car,159.816360,-74.493384,436.6812,6.080,52150,92682,4186,,-18.48,0.08,-4
,,Vel,163.754220,-42.251098,149.9250,6.080,53379,94660,4263,,-45.98,-2.52,22
,,Cru,182.771580,-61.277425,95.3289,6.080,59396,105841,4634,,-115.8,-18.38,-3
,,Cen,210.864480,-41.423345,219.7802,6.080,68673,122532,5269,,-33.79,-16.51,4
,,Lib,224.719935,-4.989256,33.7724,6.080,73309,132375,5583,,-358.55,-107.53,-29
,,Her,250.213920,12.395043,95.8773,6.080,81659,150483,6203,,-30.61,-5.51,-32
,,Her,255.973275,34.790222,54.9753,6.080,83494,154431,6351,,-60.78,-6.13,-20
,,Ara,258.555870,-56.888526,471.6981,6.080,84311,155341,6384,,4.22,-5.91,-34
,,Oph,259.178115,-6.244975,111.6071,6.080,84524,156227,6413,,-8.86,-7.58,-21
,,Oph,265.049760,-2.152301,157.2327,6.080,86476,160471,6578,,-6.55,-10.32,-49
,,Aps,269.423685,-76.177949,185.8736,6.080,87926,161988,6635,,1.16,-1.34,37
,,Sge,286.988835,16.853385,21.4316,6.080,93966,178428,7260,Gl 746,65.61,-304.46,14.8
,,Aql,292.543890,2.904073,621.1180,6.080,95898,183589,7412,,2.26,-1.2,-13
,,Pav,295.405215,-65.854414,185.5288,6.080,96882,184996,7455,,14.47,-71.82,-42
,,Cyg,295.789980,30.677891,111.2347,6.080,97028,186440,7505,,2.53,4.3,-28
,,Sgr,306.449775,-40.796184,104.8218,6.080,100764,194184,7799,,-105.35,-86.76,42
,,Vul,309.794370,21.817444,220.2643,6.080,101919,196821,7903,,30.19,15.86,-37
,,Peg,321.611085,19.375640,46.3607,6.080,105860,204188,8210,,80.23,17.28,-11
,,Peg,332.071830,25.543522,88.1834,6.080,109276,210210,8441,,-26.97,-36.91,2
,,Tuc,350.736360,-60.055843,260.4167,6.080,115433,220263,8889,,82.77,-5.34,-28
,,Phe,356.005170,-45.083123,69.2042,6.080,117075,222803,8993,,325.7,1.93,-31
,,And,356.887710,46.832564,319.4888,6.080,117340,223229,9011,,1.21,-5.01,-24
,12    Cam,Cam,76.550580,59.021340,218.8184,6.080,23743,32357,1623,,-1.83,-26.15,-8
,38    Aur,Aur,90.824730,42.911564,65.2316,6.080,28677,40801,2119,,104.99,-132.78,38
,67    Psc,Psc,13.993800,27.209381,77.7605,6.080,4366,5382,262,,-19.87,11.09,-8
,8    Aql,Aql,282.842325,-3.317857,78.6164,6.080,92524,174589,7101,,0.6,-21.29,12
,,And,1.223595,34.659797,39.1850,6.090,394,225239,9107,GJ 3002,769.11,100.49,6.4
,,For,28.346460,-38.594632,111.1111,6.090,8820,11643,554,,128.67,29.48,22
,,Ari,29.857860,12.294876,98.6193,6.090,9295,12140,578,,7.9,-33.42,-12
,,Hyi,29.921250,-66.066558,136.6120,6.090,9318,12477,600,,34,6.2,5
,,Cet,37.397325,9.565629,102.6694,6.090,11603,15453,725,,-2.17,2.01,-11
,,Eri,40.535175,-46.524441,41.5455,6.090,12611,17006,807,,9.99,-94.3,13
,,Per,51.489060,49.120757,159.4896,6.090,15988,21071,1029,,22.75,-27.12,-1
,,Tau,56.117505,20.928737,77.7001,6.090,17453,23258,1137,,26.61,-13.8,15
,,Cam,56.883900,55.921960,110.2536,6.090,17707,23383,1147,,27.11,-36.61,-16
,,Tau,59.257155,6.039967,70.2247,6.090,18481,24817,1224,,37.24,-67.99,8
,,Tau,63.130635,17.277460,105.0420,6.090,19641,26546,1295,,49.14,-19.59,27
,,Eri,64.656210,-22.969722,89.8473,6.090,20106,27411,1353,,51.96,43.85,39
,,Eri,68.559135,-6.837809,219.7802,6.090,21298,29063,1450,,-23.27,-37.78,-4
,,Per,71.054235,40.786454,187.6173,6.090,22034,29866,1500,,11.13,-23.13,41
,,Pic,81.231570,-44.225684,144.9275,6.090,25317,35765,1813,,-2,8.59,15
,,Ori,86.257470,4.008111,58.8582,6.090,27118,38309,1978,,-11,-34.02,8
,,Ori,90.853200,11.681065,158.9825,6.090,28686,41076,2133,,-11.84,-5.03,-13
,,Mon,93.858945,-9.035757,214.1328,6.090,29705,43362,2237,,-13.31,-2.47,19
,,Gem,99.772080,22.030881,129.1990,6.090,31813,47358,2436,,13.23,-24.2,-9
,,CMa,106.196040,-22.031688,105.9322,6.090,34142,53629,2664,,14.49,-35.48,77
,,Pup,106.509435,-38.382854,205.3388,6.090,34253,54153,2685,,6.64,14.23,22
,,CMa,106.718655,-24.960572,280.8989,6.090,34318,54173,2686,,-12.51,3.76,19
,,Pup,119.240940,-42.406475,235.2941,6.090,38845,65442,3111,,21.49,16.42,58
,,Cam,120.628395,63.090306,116.1440,6.090,39340,65448,3112,,-12.01,-13.79,20
,,Hya,132.020325,-6.558839,215.9827,6.090,43204,75140,3493,,13.95,-32.15,-5
,,Dra,146.825490,79.136680,131.2336,6.090,48017,83727,3847,,-29.88,-20.44,-7
,,Sex,150.920775,-9.573792,354.6099,6.090,49293,87262,3959,,-6.32,-9.17,9
,,Car,158.355810,-58.190149,100000.0000,6.090,51676,91619,4147,,-7.75,3.39,7
,,Vel,158.793435,-43.664587,348.4321,6.090,51816,91805,4154,,-46.01,30.87,8
,,Crt,166.391640,-11.088901,59.7015,6.090,54214,96220,4315,,25.8,-71.37,-20
,,Mus,172.076865,-72.473977,240.3846,6.090,55979,99872,4425,,-25.85,-3.45,12
,,Hya,186.326715,-27.749002,172.1170,6.090,60603,108110,4723,,2.41,-1.23,10
,,Mus,202.283115,-64.675794,86.6551,6.090,65783,117025,5069,,-60.73,-7.09,15
,,Aps,210.136860,-78.589981,239.8082,6.090,68431,121439,5240,,-14.19,-9.03,6
,,Cen,213.415965,-54.625627,315.4574,6.090,69491,124195,5311,,-18.03,-11.15,66
,,Lup,228.281940,-36.091425,120.7729,6.090,74479,134837,5653,,-22.9,-22.85,-3
,,Her,242.869740,16.665692,124.2236,6.090,79332,145647,6035,,2.15,5.75,-17
,,Sco,243.964560,-14.849115,178.5714,6.090,79692,146254,6061,,6.56,1.45,-11
,,Nor,247.438425,-57.756323,100000.0000,6.090,80788,148218,6120,,-2.41,-2.3,5
,,Sco,259.090065,-35.750297,31.4367,6.090,84489,155974,6405,,-111.08,-342.47,-1
,,Her,261.476520,16.917578,190.1141,6.090,85302,157967,6495,,-13.95,16.44,-10
,,Ara,263.832945,-53.352928,293.2551,6.090,86064,159018,6530,,-6.28,-18.27,7
,,Sco,264.535170,-42.880274,303.0303,6.090,86311,159707,6558,,-4.66,-29.62,13
,,Ara,267.158625,-55.401742,52.9381,6.090,87174,161420,6614,,-21.39,34.56,-21
,,Ara,267.796005,-53.130269,156.0062,6.090,87379,161917,6632,,15.79,0.65,19
,,Ara,267.935655,-45.600706,258.3979,6.090,87404,162123,6640,,11.16,-7.98,-7
,,Dra,268.848495,55.971394,56.3698,6.090,87744,163929,6699,,35.7,124.46,-27
,,Her,272.536365,16.476590,263.8522,6.090,89023,166479,6803,,-1.65,-11.42,-13
,,Sgr,284.588685,-31.035975,137.9310,6.090,93134,175794,7151,,-46.95,-48.81,85
,,Sgr,289.750410,-15.536570,147.7105,6.090,94929,180928,7317,,-88.85,-281.33,-18
,,Lyr,290.638965,33.518163,109.8901,6.090,95235,182272,7359,,3.44,-29.87,-16
,,Aql,292.638015,3.444403,248.1390,6.090,95929,183656,7415,,13.17,1.39,-26
,,Pav,303.612225,-63.415789,70.9220,6.090,99762,191603,7707,,-39.21,30.8,19
,,Cap,305.193945,-14.784892,104.0583,6.090,100325,193452,7775,,42.64,0.37,-18
,,Cyg,305.655450,31.264966,176.9912,6.090,100486,194097,7797,,-8.47,-22.64,12
,,Mic,307.194735,-35.595863,218.3406,6.090,101017,194783,7817,,1.69,-20.76,-9
,,Pav,308.965365,-69.610586,191.9386,6.090,101626,195402,7838,,30.71,-44.55,-5
,,Pav,321.325095,-71.799061,171.8213,6.090,105768,203212,8159,,17.4,4.88,11
,,PsA,343.964730,-31.633231,404.8583,6.090,113234,216761,8719,,-13.79,-10.96,22
,,Aqr,357.135330,-6.380426,243.9024,6.090,117420,223311,9014,,1.42,-20.2,-21
,,Scl,358.819110,-31.921467,271.0027,6.090,117931,224113,9049,,17.66,0.84,-12
,110    Tau,Tau,80.907105,16.699298,124.8439,6.090,25216,35189,1774,,-27.5,-21.87,21
,23    Lyn,Lyn,115.206435,57.082865,214.1328,6.090,37406,61106,2929,,-24.11,-4.35,-13
,27    Cet,Cet,16.403685,-9.979323,92.9368,6.090,5121,6482,315,,-30.48,-34.24,12
,57    Per,Per,68.353755,43.063893,59.1716,6.090,21242,28704,1434,,5.65,5.34,-23
,59    And,And,32.720130,39.039526,139.6648,6.090,10176,13294,628,,-7.99,-21.52,1
,60    UMa,UMa,174.639675,46.834209,99.2063,6.090,56789,101133,4480,,-35.43,-27.36,-24
,78Mu 2Cyg,Cyg,326.032635,28.743078,22.4014,6.090,,206827,8310,Gl 836.6B,226.72,-211.42,23.5
,8    Cam,Cam,74.943060,53.155451,176.3668,6.090,23216,31579,1588,,-13.21,-11.22,-2
,8    Gem,Gem,94.079355,23.970027,136.9863,6.090,29789,43261,2230,,-13.64,-8.59,-21
,96    Tau,Tau,72.433680,15.904221,333.3333,6.090,22441,30605,1537,,3.9,-6.92,13
,Zet Cir,Cir,223.677450,-65.991095,390.6250,6.090,72965,131058,5539,,-6.38,-12.23,-18
,,And,14.415180,45.839379,134.0483,6.100,4501,5526,272,,11.25,-6.63,5
,,Eri,29.249415,-51.766244,26.8673,6.100,9085,12042,573,Gl 81.3,348.83,249.36,3.8
,,Per,46.417335,56.068965,77.2798,6.100,14392,18991,920,,17.36,-24.31,-11
,,Per,56.170455,46.099813,142.0455,6.100,17475,23139,1130,,-1.55,-23.73,9
,,Cae,66.774810,-46.947505,33.1345,6.100,20781,28454,1418,,66.47,-275.4,16
,,Aur,74.083695,36.168537,100000.0000,6.100,22955,31327,1573,,0.12,-3.86,-5
,,Cam,76.165245,74.066955,171.2329,6.100,23617,31590,1589,,7.03,-15.94,-9
,,Ori,76.348815,1.177627,377.3585,6.100,23680,32736,1648,,3.88,-3.81,17
,,Pic,84.011865,-47.313746,155.0388,6.100,26300,37434,1927,,-8.71,-7.97,16
,,Aur,84.066480,47.715290,104.2753,6.100,26315,36719,1869,,14.38,-19.63,14
,,Lep,84.286545,-11.775515,62.8931,6.100,26395,37306,1919,,20.52,-22.66,24
,,Vol,101.231940,-70.433758,195.3125,6.100,32332,50002,2536,,-15.57,5.94,5
,,Mon,106.776960,4.910582,203.6660,6.100,34338,53929,2676,,-16.25,-6.74,6
,,CMa,108.017055,-30.821365,47.5511,6.100,34782,55568,2720,,-43.6,23.11,6
,,Car,116.397990,-56.722570,273.2240,6.100,37854,63382,3031,,-3.99,10.95,19
,,Pyx,131.229795,-21.167826,84.3882,6.100,42928,74706,3473,,-24.66,4.12,-15
,,Vol,132.458895,-72.551240,625.0000,6.100,43351,76270,3544,,-6.36,8.07,-3
,,Vel,136.641810,-55.802411,334.4482,6.100,44708,78548,3629,,-9.56,7.04,29
,,Vel,157.008705,-49.405801,224.2152,6.100,51245,90798,4111,,19.1,-44.93,90
,,Hya,158.740440,-23.176248,65.9196,6.100,51795,91706,4149,,-99.7,34.01,12
,,Vel,159.709650,-42.753443,198.0198,6.100,52112,92328,4175,,-19.46,-12.22,16
,,Cen,170.596335,-44.645924,107.6426,6.100,55528,98892,4393,,-44.8,-31.72,1
,,Cen,175.970130,-62.878280,141.0437,6.100,57211,101995,4513,,13.47,-15.26,2
,,Cen,186.285615,-42.514312,53.9665,6.100,60591,108063,4721,,-134.49,-22.3,34
,,Com,198.301710,18.727008,106.2699,6.100,64496,114889,4992,,-216.03,-49.28,-24
,,CVn,200.974695,37.033920,355.8719,6.100,65376,116581,5052,,14.63,-11.14,0.3
,,Boo,208.076685,12.165135,103.9501,6.100,67714,120934,5220,,26.88,-9.71,-16
,,Hya,213.755235,-29.281904,169.2047,6.100,69623,124576,5324,,-37.72,-14.42,-13
,,Lup,215.661315,-48.319857,671.1409,6.100,70270,125721,5375,,-6.27,-4.42,-18
,,Dra,217.692480,63.185788,31.7864,6.100,70952,127821,5436,,-177.43,9.85,-3
,,Cir,221.231325,-58.477492,102.9866,6.100,72097,129462,5486,,-85.63,-42.23,-24
,,Cir,221.295675,-55.601640,352.1127,6.100,72121,129557,5488,,-6.47,-7.72,-6
,,Lup,224.863320,-43.159833,255.7545,6.100,73354,132242,5580,,-9.78,-8.49,-10
,,Lup,232.113375,-51.597934,478.4689,6.100,75742,137465,5738,,-2.55,-4.88,-16
,,Nor,239.975610,-54.020911,308.6420,6.100,78355,142919,5937,,-6.98,-8.01,-38
,,Lup,241.074255,-33.213718,109.6491,6.100,78726,143902,5974,,-29.4,-34.06,-28
,,Sco,252.750150,-37.514512,341.2969,6.100,82453,151771,6244,,-6.44,-12.6,-17
,,Sco,268.613010,-34.466722,216.9197,6.100,87671,162817,6668,,1.9,-4.62,-16
,,Oph,274.023210,2.377517,236.9668,6.100,89527,167654,6834,,-6.83,-28.61,22
,,Lyr,278.806275,34.458021,255.1020,6.100,91119,171780,6984,,2.83,8.41,-27
,,Dra,280.235010,62.749466,111.1111,6.100,91606,173398,7042,,9.36,53.87,-26
,,Lyr,282.902160,36.539092,313.4796,6.100,92551,174959,7115,,-5.19,-2.84,-21
,,Cyg,294.937170,33.978938,149.9250,6.100,96724,185837,7481,,-3.62,12.23,-33
,,Cyg,298.841895,58.250193,134.4086,6.100,98044,189127,7626,,20.19,-75.18,-17
,,Aql,306.427185,-2.800378,161.0306,6.100,100758,194454,7809,,-4.95,-40,24
,,Cap,307.767945,-15.056168,116.8224,6.100,101221,195330,7837,,-39.47,-47.97,30
,,Mic,314.998665,-36.129641,40.2576,6.100,103646,199684,8031,,103.88,-58.2,16
,,Cyg,315.770145,38.657415,220.2643,6.100,103894,200577,8063,,18.54,-6.06,-3
,,Peg,322.790115,12.137475,151.2859,6.100,106243,204862,8231,,18.11,-15.74,-10
,,Cyg,325.661700,49.600257,311.5265,6.100,107186,206731,8304,,3.03,-3.3,-2
,,Cep,325.689045,59.270844,335.5705,6.100,107197,206842,8312,,-4.33,1.44,-2
,,Cyg,327.122310,38.648575,145.5604,6.100,107664,207516,8338,,24.01,-1.6,-20
,,Aqr,332.759895,-21.232790,56.3380,6.100,109509,210464,8457,,123.93,-42.66,-13
,,Gru,333.895980,-44.451499,191.2046,6.100,109902,211053,8484,,6.85,-2.14,-4
,,Peg,353.481210,20.840934,277.7778,6.100,116307,221662,8942,,-12.3,-15.15,5
,,Ind,336.121815,-72.256978,28.9017,6.100,,,,Gl 855.1B,1302.72,-681.04,
,15Tau3Ser,Ser,233.888475,17.655555,116.2791,6.100,76337,139074,5795,,-77.08,-13.25,-22
,20    Leo,Leo,147.458730,21.179422,191.5709,6.100,48218,85040,3889,,-43.98,-14.42,26
,21    Hya,Hya,138.108510,-7.109827,86.7303,6.100,45184,79193,3655,,-19.81,21.56,-4
,26    And,And,4.675680,43.791141,202.8398,6.100,1501,1438,70,,23.31,-2.72,7
,59    Aur,Aur,103.255875,38.869157,150.6024,6.100,33041,50018,2539,,-3.4,7.2,1
,7    PsA,PsA,324.203295,-33.047896,73.9098,6.100,106703,205529,8256,,74.04,-1.89,-2
,72    Vir,Vir,202.607190,-6.470265,53.2198,6.100,65892,117436,5088,,44.2,12.32,-9
,Gam Ind,Ind,321.564330,-54.660459,66.8449,6.100,105841,203760,8188,,1.24,38.69,7
,Kap Pic,Pic,80.592285,-56.134401,194.5525,6.100,25098,35580,1801,,-5.02,21.84,-5
,,And,1.152450,42.092530,386.1004,6.110,365,225218,9105,,-11.94,-12.73,-8
,,Cet,2.139570,-17.578155,578.0347,6.110,696,402,18,,14.92,-47.27,-17
,,Cas,4.429425,51.433090,735.2941,6.110,1415,1337,65,,-4.19,-1.62,-35
,,Scl,13.981395,-27.775839,292.3977,6.110,4363,5445,268,,10.75,-5.1,22
,,And,19.271085,44.901992,214.1328,6.110,5993,7647,372,,11.75,-40.32,-52
,,Hyi,23.413515,-78.504820,124.6883,6.110,7271,10042,467,,-30.96,-137.42,-1
,,Scl,23.711625,-31.892317,114.4165,6.110,7361,9742,453,,-69.78,-42.29,-11
,,For,37.147650,-31.102445,110.0110,6.110,11524,15471,727,,-36.49,-17.72,-2
,,Per,45.049545,38.131740,201.6129,6.110,13997,18552,894,,18.15,-27.76,-16
,,Hor,47.613525,-48.734156,134.4086,6.110,14749,19948,960,,16.73,-25.01,14
,,Ari,47.841330,13.047845,131.2336,6.110,14821,19789,952,,-15.66,17.08,11
,,Tau,65.104605,18.742608,48.3092,6.110,20255,27429,1354,,119.59,-48.17,42
,,Eri,66.737205,-24.081323,97.6562,6.110,20765,28312,1410,,-6.88,-14.09,-4
,,Eri,69.946755,-1.052459,219.7802,6.110,21718,29610,1488,,22.83,-8.78,34
,,Ori,72.930765,9.975078,186.9159,6.110,22597,30870,1553,,2.38,-7.3,11
,,Dor,73.720755,-58.547652,30.4044,6.110,22844,31746,1597,,100.99,68.25,22
,,Cae,73.728390,-39.628607,377.3585,6.110,22847,31529,1584,,-6.24,22.28,29
,,Aur,75.827655,41.441646,609.7561,6.110,23511,32188,1615,,-1.11,-2.86,-1
,,Ori,77.513595,-0.565323,99.7009,6.110,24041,33419,1681,,2.14,-50.78,26
,,Ori,84.330465,8.951875,344.8276,6.110,26414,37232,1913,,-0.59,-2.28,42
,,Pic,88.671330,-49.627010,343.6426,6.110,27937,40200,2089,,-5.23,13.82,12
,,Mon,95.899665,-9.874727,446.4286,6.110,30407,44816,2301,,-2.82,4.8,29
,,CMa,99.419970,-12.985116,80.0000,6.110,31674,47366,2437,,9.26,-124.82,9
,,Pic,102.504210,-60.249146,33.6247,6.110,32775,50571,2562,,4.8,107.92,23
,,Pup,113.553465,-33.463430,82.3045,6.110,36807,60646,2913,,-55.92,63.25,25
,,Pup,117.523620,-19.523548,334.4482,6.110,38246,63822,3051,,-7.6,5.81,32
,,Pup,123.494580,-36.340777,352.1127,6.110,40324,69082,3241,,-7.21,7.69,14
,,Car,125.281845,-64.106002,143.2665,6.110,40926,70982,3298,,-7.58,-19.95,-3
,,Vol,128.174355,-73.356790,121.2121,6.110,41907,73468,3417,,-54.26,72.09,-27
,,Hya,143.172480,1.864151,116.6861,6.110,46840,82543,3794,,-21.01,-36.05,28
,,Hya,149.776275,-23.950770,244.4988,6.110,48943,86612,3946,,-23.22,5.3,15
,,Vel,150.835785,-46.636191,90.0090,6.110,49259,87363,3964,,-28.39,-10.77,3
,,Vel,166.267170,-49.392299,149.7006,6.110,54185,96224,4316,,-36.36,11.03,4
,,Crt,169.242405,-7.134689,129.5337,6.110,55106,98088,4369,,-7.15,7.68,-8
,,Vir,183.793995,-10.312400,22.3514,6.110,59750,106516,4657,,31.97,-1012.44,8
,,Mus,188.726910,-67.756894,336.7003,6.110,61404,109372,,,-11.89,-2.4,10.1
,,CVn,194.282490,46.176789,104.3841,6.110,63211,112570,4919,,-9.4,-53.88,7
,,Com,203.200875,24.346743,134.5895,6.110,66086,117876,5102,,66.5,-192.22,6
,,Mus,204.690810,-70.444829,130.0390,6.110,66574,118344,5119,,-65.71,-31.61,2
,,Cen,208.004085,-31.619207,52.6870,6.110,67696,120759,5212,,-32.13,-29.24,9
,,Nor,237.567930,-45.401714,45.2694,6.110,77574,141296,5872,,39.58,-33.54,2
,,Lib,239.139060,-14.829438,51.0986,6.110,78078,142703,5930,,71.62,-35.2,12
,,Sco,245.135910,-39.430344,140.8451,6.110,80066,146954,6080,,-14.1,-45,3
,,Her,246.547440,11.407493,109.4092,6.110,80514,148228,6121,,-48.05,13.02,-21
,,Dra,255.565680,64.600739,115.7407,6.110,83359,154633,6360,,-20.32,34.34,-25
,,Her,256.207335,48.803958,112.2334,6.110,83575,154732,6363,,26.77,-71.48,12
,,Her,263.998200,20.996242,112.8668,6.110,86118,159834,6559,,6.71,-15.06,-17
,,Sge,285.719250,19.661011,246.9136,6.110,93523,177199,7216,,6.31,-1.53,-7
,,Sgr,287.450610,-19.803657,118.4834,6.110,94144,178555,7265,,24.01,-82.87,30
,,Sgr,292.725195,-21.312237,237.5297,6.110,95965,183545,7410,,15.13,-22.03,-21
,,Sgr,297.012600,-13.703616,65.4879,6.110,97423,186984,7532,,25.57,-24.95,-8
,,Sgr,300.110340,-43.043302,338.9831,6.110,98485,189140,7627,,22.07,12.32,-34
,,Cap,308.548740,-13.721091,32.8084,6.110,101507,195838,7855,GJ 4147,69.24,70.39,-42.7
,,Cep,320.139480,60.756405,124.3781,6.110,105370,203574,8179,,-43.02,-19.8,-27
,,Cep,321.855375,59.750075,311.5265,6.110,105949,204599,8224,,-21.73,-16.04,-16
,,Cyg,325.534815,45.765697,209.6436,6.110,107140,206632,8298,,0.55,-19.84,9
,,Lac,332.170125,45.742254,42.7716,6.110,109303,210334,8448,,-52.48,47.88,-35
,,Cep,333.219735,73.307193,210.9705,6.110,109659,211300,8493,,21.48,20.59,1
,,Peg,339.032925,35.577504,143.0615,6.110,111567,214200,8604,,5.29,-58.5,-16
,,Oct,347.098320,-79.480689,73.4754,6.110,114258,218108,8786,,92.62,-36.52,-7
,1    Psc,Psc,343.747860,1.064904,108.2251,6.110,113167,216701,8715,,20.32,5.48,13
,11    Tau,Tau,55.192950,25.329492,146.4129,6.110,17181,22805,1118,,9.58,-13.95,-5
,18    Sge,Sge,304.082445,21.598700,101.6260,6.110,99913,192836,7746,,8.1,-25.73,-4
,21    Cnc,Cnc,125.980050,10.632063,272.4796,6.110,41163,70734,3290,,3.69,-22.13,3
,25    Cnc,Cnc,126.457845,17.046267,44.9438,6.110,41319,71030,3299,,-192.75,-152.48,38
,34    Vir,Vir,191.806845,11.958088,83.2639,6.110,62394,111164,4855,,44.68,-18.39,-2
,38    Vir,Vir,193.296495,-3.553098,32.7332,6.110,62875,111998,4891,GJ 9421,-263.79,-3.45,-7.1
,40    Dra,Dra,270.014160,80.000841,72.6216,6.110,88127,166865,6809,,54.58,130.47,4
,59    Psc,Psc,11.806770,19.578702,100.6036,6.110,3685,4490,214,,107.75,6.66,
,7    Eri,Eri,45.211995,-2.878618,255.1020,6.110,14040,18760,904,,7.41,9.65,80
,8    Ser,Ser,230.932125,-1.022384,51.1247,6.110,75342,137006,5721,,76.73,-28.21,-2
,Psi Crt,Crt,168.126555,-18.499862,153.8462,6.110,54742,97411,4347,,-19.65,-25.54,14
,The Tuc,Tuc,8.346945,-71.266246,130.0390,6.110,2629,3112,139,,73.49,-13.04,2
,,And,4.089675,43.595049,106.4963,6.120,1302,1185,56,,35.61,-23.43,2
,,Cet,16.532115,-23.992451,117.3709,6.120,5170,6559,320,,-41.03,-33.59,33
,,Cas,30.793710,73.850570,118.6240,6.120,9586,12173,579,,-27.15,1.91,-5
,,Eri,32.605095,-50.823725,10.7828,6.120,10138,13445,637,Gl 86,2092.84,654.32,53.1
,,Hyi,46.954065,-69.264920,102.3541,6.120,14547,19940,959,,-37.41,15.1,11
,,Eri,52.556595,-41.369937,34.6981,6.120,16310,21899,1076,,-10.4,-172.75,16
,,Tau,54.998205,-1.121226,119.3317,6.120,17120,22819,1119,,33.46,-6.42,26
,,Eri,61.170420,-20.381864,125.1564,6.120,19037,25803,1267,,17.14,-13.78,-4
,,Eri,68.752950,-19.921384,108.6957,6.120,21363,29184,1461,,103,56.28,74
,,Tau,79.811220,20.134596,120.3369,6.120,24820,34579,1741,,-34.12,-26.54,-47
,,Aur,91.535625,35.387740,25.6213,6.120,28908,41330,2141,Gl 226.3,-124.24,-295.3,-14.8
,,Ori,94.523370,14.382859,220.2643,6.120,29931,43683,2253,,-4.78,4.31,8
,,CMa,96.085740,-12.961939,289.0173,6.120,30468,44996,2309,,-3.3,3.65,8
,,CMa,108.401880,-27.356360,100000.0000,6.120,34924,55857,2734,,-3.22,5.79,43
,,Car,120.346020,-54.515530,413.2231,6.120,39225,66546,3157,,-5.9,5.24,34
,,Hya,125.070915,-5.329930,211.4165,6.120,40859,70148,3272,,14.92,-43.27,-37
,,Pup,125.113950,-22.924680,220.2643,6.120,40876,70302,3276,,-16.72,0.15,26
,,Pyx,129.842160,-36.606685,37.8501,6.120,42455,73900,3434,,-165.53,54.98,9
,,Hya,133.128180,-13.232942,103.9501,6.120,43580,75916,3529,,29.11,0.9,14
,,Lyn,140.247420,38.188262,42.6621,6.120,45858,80441,3701,,-43.49,-20.01,1
,,Pyx,141.687090,-28.787696,628.9308,6.120,46329,81753,3745,,-19.44,-5.62,4
,,Hya,142.982130,-10.370341,109.5290,6.120,46768,82477,3788,,-101.93,20.93,64
,,Hya,143.258220,-8.505374,125.1564,6.120,46869,82638,3801,,-43.8,-34.6,36
,,Hya,155.553915,-19.866571,184.1621,6.120,50790,89911,4076,,-34.74,9.19,11
,,Leo,163.354005,-2.255209,79.3021,6.120,53240,94363,4249,,-131.91,-82.01,26
,,Leo,165.810585,-0.752344,55.9284,6.120,54027,95771,4303,,-19.77,-113.26,4
,,Cen,168.236355,-49.736090,260.4167,6.120,54783,97550,4353,,-26,6.36,7
,,Cam,172.962480,81.127257,59.2066,6.120,56253,99945,4429,,-144.22,34.19,3
,,Boo,205.938180,22.700423,170.3578,6.120,66992,119584,5164,,49.19,-37.04,9
,,Cen,210.329430,-40.221943,203.6660,6.120,68493,122210,5259,,-28.71,0.59,-45
,,Boo,223.994160,32.300063,95.7854,6.120,73068,132029,5569,,-53.33,-3.23,-12
,,Boo,228.542940,42.171409,369.0037,6.120,74571,135530,5677,,23.74,-16.08,-7
,,CrB,234.703560,34.675039,145.7726,6.120,76617,139761,5827,,-6.56,-16.19,4
,,Nor,240.277020,-54.577899,131.7523,6.120,78469,143101,5946,,-38.4,-41.21,-32
,,TrA,252.974520,-65.375457,310.5590,6.120,82517,151441,6233,,-1.17,-13.38,-10
,,Her,257.917785,49.746357,94.8767,6.120,84108,155860,6399,,19.31,18.7,-11
,,Oph,258.104430,-27.762124,153.8462,6.120,84175,155401,6387,,-8.01,-48.38,1
,,Oph,264.741060,13.329262,99.9001,6.120,86373,160365,6577,,-20.6,43.51,
,,Lyr,274.278525,40.936727,122.6994,6.120,89604,168322,6853,,-174.25,63.6,-73
,,Dra,282.067005,48.767556,60.1323,6.120,92269,174481,7096,,-18.44,48.7,-30
,,Sgr,283.154355,-29.379676,159.7444,6.120,92643,174631,7104,,0.17,-46.64,-56
,,Tel,288.192180,-50.486420,123.1527,6.120,94398,178845,7271,,44.73,-42.12,-26
,,Cyg,297.364590,38.710149,214.5923,6.120,97538,187638,7555,,7.63,-9.43,11
,,Aql,297.796245,-2.460990,183.8235,6.120,97687,187660,7559,,-7.72,-41.26,9
,,Cyg,301.922670,34.422905,531.9149,6.120,99145,191243,7699,,1.21,-6.07,10
,,Cep,318.339975,81.230972,161.2903,6.120,104756,203501,8174,,-3.11,4.49,-1
,,Cyg,319.258485,53.997693,136.0544,6.120,105064,202923,8147,,37.79,39.45,-8
,,Aqr,321.616890,1.103359,49.5050,6.120,105864,204121,8205,,110.49,-161.72,11
,,Oct,336.462750,-75.015689,23.0468,6.120,110712,212168,8526,,58.55,12.48,14
,,Aqr,344.898645,-13.070895,272.4796,6.120,113531,217251,8741,,-6.49,-1.58,13
,,And,346.791885,52.816601,108.9325,6.120,114162,218416,8801,,2.32,12.88,5
,,Tuc,348.526080,-62.700004,29.3513,6.120,114699,219077,8829,,477.48,-425.01,-26
,,Gru,350.939250,-43.124429,301.2048,6.120,115496,220401,8896,,18.88,11.43,1
,13    LMi,LMi,145.678095,35.093371,53.2765,6.120,47631,83951,3857,,-20,-53,-8
,14    Pup,Pup,121.172580,-19.728148,406.5041,6.120,39524,66834,3168,,-5.35,3.36,14
,19    PsA,PsA,340.592025,-29.361046,211.4165,6.120,112102,214966,8637,,16.24,-19.19,-9
,36    Psc,Psc,4.141830,8.240154,125.0000,6.120,1319,1227,59,,-28.01,-14.69,1
,46    Cnc,Cnc,131.339265,30.697752,181.1594,6.120,42954,74485,3464,,-3.27,-4.26,-12
,68    Aql,Aql,307.103775,-3.357794,184.8429,6.120,100977,194939,7821,,27.29,-21.22,-9
,Ome Phe,Phe,15.507570,-57.002389,120.6273,6.120,4829,6192,295,,6.46,16.53,13
,,And,12.576045,45.002258,100.3009,6.130,3919,4778,234,,60.72,6.93,2
,,And,18.141975,45.337531,193.7984,6.130,5650,7158,355,,24.03,20.95,22
,,Cet,21.943920,-10.901582,118.2033,6.130,6822,8921,425,,179.15,15.79,4
,,Cae,67.333635,-46.515270,122.5490,6.130,20934,28700,1433,,51.93,36.72,11
,,Ori,80.963880,-0.866622,55.7103,6.130,25240,35317,1782,,-5.64,0.95,45
,,Ori,88.555620,10.586403,431.0345,6.130,27900,39632,2048,,,-7.41,13
,,CMa,103.341000,-18.932844,127.0648,6.130,33079,50643,2566,,-9.98,35.16,41
,,Pup,120.120675,-48.871768,296.7359,6.130,39153,66255,3151,,-5.97,2.57,28
,,Hya,134.154330,4.236581,434.7826,6.130,43902,76494,3557,,1.05,-1.81,-12
,,Cha,138.051210,-76.663028,119.1895,6.130,45166,80194,3695,,39.27,-43.98,1
,,Hya,142.912455,-10.552013,51.4139,6.130,46744,82428,3785,,33.05,-17.67,-18
,,Vel,149.295600,-52.638783,819.6721,6.130,48799,86466,3941,,-8.83,4.11,19
,,Vel,156.541050,-42.738494,98.0392,6.130,51077,90518,4099,,-95.31,-39.21,23
,,Cen,171.091905,-42.669102,847.4576,6.130,55667,99171,4403,,-8.47,-0.69,10
,,Crt,177.581685,-15.863667,176.6784,6.130,57732,102845,4539,,-1.34,16.21,-4
,,Cen,178.978170,-39.689517,126.1034,6.130,58177,103637,4568,,60.62,-17.06,-0.4
,,Cen,219.100470,-39.597407,139.4700,6.130,71429,128152,5446,,-47.69,-23.94,-31
,,Boo,220.091145,21.975868,116.2791,6.130,71729,129132,5472,,-14.61,40.4,1
,,Lib,226.613085,-22.031830,58.0720,6.130,73927,133670,5620,,69.94,-52.06,5
,,Her,263.926530,37.301594,141.6431,6.130,86096,159925,6563,,9.44,3,4
,,Her,267.199470,19.255017,165.5629,6.130,87192,162161,6642,,-8.84,9.13,-25
,,Ara,272.125455,-45.767015,271.7391,6.130,88859,165493,6759,,-2.56,-17.39,-35
,,Sgr,272.730615,-33.800070,100000.0000,6.130,89086,166197,6788,,1.13,-0.73,-25
,,Pav,276.381795,-63.021534,71.1744,6.130,90304,168740,6871,,0.57,-101.87,-21
,,Sct,280.650495,-7.073654,78.1861,6.130,91751,172831,7024,,-6.83,-8.97,26
,,Sgr,291.089460,-43.722063,206.1856,6.130,95396,181925,7350,,26.19,-1.56,-17
,,Sgr,294.108645,-18.852921,77.6398,6.130,96440,184705,7439,,21.35,-12.87,-42
,,Cyg,297.695295,37.826324,813.0081,6.130,97651,187880,7568,,4.84,4.4,-16
,,Cyg,298.068390,36.432295,216.9197,6.130,97789,188149,7583,,12.72,4.41,-21
,,Cyg,303.428385,43.379013,208.7683,6.130,99685,192535,7733,,-3.11,3.96,-24
,,Tel,304.824150,-47.580289,30.7692,6.130,100184,192886,7749,,190.87,-182.5,-31
,,Cap,307.380585,-22.391567,165.2893,6.130,101090,195006,7825,,8.23,-30.91,56
,,Vul,316.597815,26.924362,126.1034,6.130,104172,201051,8082,,43.5,-19.01,-6
,,Mic,318.944925,-36.210709,215.9827,6.130,104980,202287,8124,,29.39,-6.28,-16
,,Oct,332.979555,-76.116023,88.1834,6.130,109584,210056,8432,,-59.14,-40.71,25
,,Cep,333.457125,63.162337,400.0000,6.130,109746,211242,8490,,-8.37,-7.93,12
,,Peg,346.865520,32.825345,163.3987,6.130,114187,218395,8798,,-21.11,-11.52,-1
,,Aqr,348.667380,-10.688715,193.4236,6.130,114750,219279,8836,,-6.67,-36.02,-34
,,Gru,350.977050,-53.808740,118.6240,6.130,115510,220392,8895,,73.85,-34.77,7
,,Peg,358.097475,21.671099,197.2387,6.130,117710,223755,9035,,-50.39,-5.88,-5
,,Lep,86.108850,-22.420198,8.9694,6.130,,38392,1982,Gl 216B,-306.49,-356.32,-8.4
,,Car,139.327200,-68.689446,33.5233,6.130,,,,Gl 340.1B,-92.05,-39.07,
,10    Hya,Hya,131.255340,5.680588,64.5578,6.130,42931,74591,3469,,2.52,-3.76,-9
,14    Tau,Tau,55.946700,19.665032,125.6281,6.130,17408,23183,1132,,115.75,-56.56,78
,15    Cam,Cam,79.866060,58.117365,240.9639,6.130,24836,34233,1719,,6.26,-18.3,7
,22    Pup,Pup,125.695200,-13.054793,126.1034,6.130,41067,70673,3289,,-39.54,-47.09,-17
,53    Ari,Ari,46.856970,17.879995,255.1020,6.130,14514,19374,938,,-23.54,9.3,21
,8    Her,Her,242.194290,17.205638,97.7517,6.130,79102,145122,6013,,-19.13,-30.74,-17
,Kap1Ind,Ind,329.625315,-59.012140,67.1141,6.130,108478,208496,8369,,6.81,28.65,40
,,Scl,3.434910,-26.284959,265.2520,6.140,1099,943,43,,-3.21,9.89,18
,,Cet,10.136565,-23.804876,28.8850,6.140,3185,3795,173,Gl 27.2,635.49,-363.28,-50.4
,,Psc,14.957025,6.483225,332.2259,6.140,4655,5820,284,,20.08,-5.29,-15
,,Phe,27.583950,-47.816392,151.9757,6.140,8552,11332,537,,115.7,48.33,12
,,Ari,36.780165,27.012395,162.8664,6.140,11415,15152,711,,-28.45,-75.2,-48
,,Eri,44.697090,-9.776506,90.0901,6.140,13883,18557,895,,-8.26,-16.38,-18
,,For,44.777055,-28.907213,142.2475,6.140,13907,18650,900,,1.64,-54.67,14
,,Hyi,51.009540,-69.624606,196.0784,6.140,15840,21563,1053,,22.08,18.35,20
,,Cam,52.545585,59.365947,95.1475,6.140,16303,21427,1043,,14.07,-50.27,11
,,Tau,53.534895,17.832828,40.3877,6.140,16641,22072,1085,,95.5,-310.56,11
,,Ret,59.016420,-63.463718,103.5197,6.140,18401,25170,1236,,70.38,52.83,-0.2
,,Cam,61.661775,65.520798,134.2282,6.140,19177,25425,1248,,20.25,-25.47,-3
,,Tau,63.213525,22.413458,267.3797,6.140,19672,26571,1297,,-3.69,-10.57,13
,,Tau,67.015155,1.858605,94.2507,6.140,20848,28322,1413,,28.61,9.55,30
,,Ori,74.747550,14.543240,349.6503,6.140,23161,31764,1600,,6.17,-2.05,4
,,Aur,76.060680,30.494588,180.8318,6.140,23583,32406,1626,,12.06,-13.19,18
,,Aur,89.949780,54.547009,94.1620,6.140,28390,40083,2080,,-1.24,-42.07,-6
,,Mon,99.469605,4.956670,100000.0000,6.140,31697,47240,2432,,-0.12,1.31,33
,,Mon,99.585240,-2.543897,232.5581,6.140,31733,47420,2440,,-14.45,6.48,27
,,Pup,111.197325,-37.291193,206.1856,6.140,35960,58634,2842,,-13.16,27.81,26
,,Pup,117.035610,-40.652378,197.6285,6.140,38074,63640,3041,,-3.35,-26.58,23
,,Pup,118.666320,-34.846713,198.8072,6.140,38635,64876,3092,,-16,-11.96,47
,,Car,119.303160,-63.296835,142.6534,6.140,38863,65908,3139,,-0.61,18.96,23
,,Hya,125.625690,-6.179158,72.8863,6.140,41036,70574,3285,,-59.21,0.8,18
,,Lyn,133.482015,35.538294,241.5459,6.140,43685,75896,3528,,-26.18,-17.88,25
,,Hya,138.053670,3.866978,99.3049,6.140,45167,79108,3651,,-50.77,-4.7,20
,,Car,139.465260,-67.050868,393.7008,6.140,45615,80710,3713,,-6.57,12.72,1
,,UMa,140.182395,51.266066,27.4499,6.140,45836,80290,3697,,-34.76,145.35,-8
,,Hya,142.351845,-2.205172,128.8660,6.140,46529,82043,3760,,-50.4,1.81,16
,,Car,150.892200,-61.884040,502.5126,6.140,49281,87543,3971,,-17.73,4.23,5
,,Ant,152.382615,-35.856771,31.6356,6.140,49769,88218,3992,Gl 379.1A,-442.84,16.26,36.8
,,UMa,174.470925,50.618211,129.0323,6.140,56731,101013,4474,,-47.33,-26.48,-4
,,UMa,181.415565,62.933120,117.9245,6.140,58989,105043,4610,,-48.82,-71.6,-26
,,Hya,192.991260,-26.738275,66.9792,6.140,62788,111786,4881,,-109.86,31.8,-18
,,Cen,203.022540,-38.398844,97.9432,6.140,66019,117597,5092,,34.84,-37.22,4
,,Cen,209.083230,-54.132420,139.8601,6.140,68080,121336,5234,,-26.6,-19.16,13
,,Hya,209.365530,-23.022630,175.7469,6.140,68177,121699,5246,,-35.04,9.14,1
,,Boo,212.813010,32.295892,110.7420,6.140,69316,124186,5310,,-22.19,38.38,-22
,,Boo,230.173635,44.434376,54.0541,6.140,75093,136751,5716,,41.96,-103.55,-0.3
,,TrA,238.719315,-60.743651,421.9409,6.140,77927,141913,5898,,-2.02,-4.02,-5
,,Nor,243.849840,-42.899422,71.4286,6.140,79661,145921,6049,,-29.21,-4.92,4
,,CrB,243.947190,27.422081,120.4819,6.140,79686,146537,6068,,-33.95,-39.13,-11
,,TrA,246.342255,-63.125217,124.8439,6.140,80455,147349,6089,,-19.16,8.72,31
,,Sco,250.975335,-41.113344,167.2241,6.140,81914,150591,6209,,-10.75,-20.67,-2
,,Sco,261.261120,-34.696055,172.1170,6.140,85237,157486,6470,,-2,-18.88,-18
,,Her,267.701595,22.316330,93.7207,6.140,87341,162570,6655,,16.75,-20.73,4
,,Sco,268.331580,-34.730812,271.7391,6.140,87567,162586,6657,,1.65,-8.07,-12
,,Oph,271.155660,1.918992,100000.0000,6.140,88522,165174,6747,,-0.06,-6.25,17
,,Her,273.319020,21.880332,377.3585,6.140,89298,167193,6820,,61.39,50.64,-66
,,Ser,275.368335,5.435726,324.6753,6.140,89977,168797,6873,,-3.12,-8.05,-18
,,Sgr,276.340320,-35.992025,118.2033,6.140,90290,169236,6889,,-34.7,2.24,4
,,Ser,284.106690,2.471190,156.4945,6.140,92968,175679,7144,,12.82,-5.61,-15
,,Sgr,284.603460,-22.529493,79.3651,6.140,93140,175892,7159,,1.36,13.4,-7
,,Tel,292.469160,-55.441754,95.9693,6.140,95866,182893,7388,,23.83,-66.49,-27
,,Sgr,295.906740,-37.538765,194.9318,6.140,97067,186042,7491,,1.04,-17.44,-29
,,Cyg,296.463975,35.012751,128.0410,6.140,97242,186927,7530,,11.57,-6.43,-19
,,Cyg,296.861805,47.907564,299.4012,6.140,97372,187372,7547,,-21.34,-37.66,3
,,Aql,298.667505,7.140353,81.7661,6.140,97970,188385,7598,,29.12,-0.01,-16
,,Cyg,299.813925,52.055691,238.6635,6.140,98379,189775,7651,,9.33,2.63,-16
,,Cyg,301.278105,51.839398,219.2982,6.140,98915,190964,7687,,34.34,31.21,-56
,,Aql,306.156240,1.068406,247.5248,6.140,100664,194244,7803,,7.93,5.49,-9
,,Cyg,307.943790,56.779858,234.7418,6.140,101285,195964,7860,,-14.82,-6.5,-15
,,Equ,317.117250,6.989358,357.1429,6.140,104357,201298,8090,,-9.93,1.66,20
,,Cep,322.219710,55.418702,390.6250,6.140,106052,204754,8226,,15.68,14.14,-7
,,Peg,328.490700,6.864804,140.4494,6.140,108090,208110,8359,,79.36,14.05,-10
,,PsA,334.156095,-25.898162,176.0563,6.140,109990,211291,8492,,37.73,-12.34,26
,,Lac,340.586715,53.908748,384.6154,6.140,112098,215159,8648,,-2.95,-8.36,9
,,Lac,342.199545,54.414892,228.8330,6.140,112641,216057,8682,,13.25,-2.09,-19
,,Tuc,343.041645,-63.188667,125.4705,6.140,112924,216187,8689,,26.4,-40.68,-4
,14    Eri,Eri,49.149030,-9.154676,34.1763,6.140,15244,20395,988,,1.48,28.93,-5
,26    Ari,Ari,37.660065,19.855301,66.0502,6.140,11678,15550,729,,81,-36.06,19
,29Omi Lib,Lib,230.255730,-15.548342,56.6572,6.140,75118,136407,5703,,27.14,18.15,5
,30    Cam,Cam,88.071900,58.964088,148.3680,6.140,27731,38831,2006,,-1.53,-20.97,12
,60    Ari,Ari,50.106555,25.662739,91.4077,6.140,15557,20663,1000,,11.35,-93.32,26
,75    Psc,Psc,16.640115,12.956039,133.3333,6.140,5204,6557,319,,13.76,27.14,8
,Gam1For,For,42.462360,-24.560311,133.6898,6.140,13197,17713,844,,-49.96,-128.23,-6
,,Cet,7.466220,-14.864109,42.7533,6.150,2337,2630,115,,147.08,-33.98,3
,,Phe,11.249385,-53.714895,46.5983,6.150,3527,4304,202,,223.4,2.2,14
,,Cet,11.350530,-4.629160,253.8071,6.150,3552,4301,201,,37.13,37.65,7
,,Cas,22.716900,66.098087,93.8086,6.150,7050,9030,428,,74.83,-11.18,9
,,Hor,41.044095,-52.570597,101.3171,6.150,12775,17254,821,,-23.37,-14.76,10
,,Cet,44.269065,4.501030,226.2443,6.150,13756,18345,877,,20.77,24.44,52
,,Per,48.039810,42.375905,200.4008,6.150,14887,19736,950,,16.44,-17.23,6
,,Per,49.018545,45.346133,326.7974,6.150,15209,20162,973,,31.94,-33.74,-3
,,Eri,65.161005,-6.245995,61.2745,6.150,20263,27536,1362,,92.46,-55.7,8
,,Tau,65.219655,13.864427,47.4158,6.150,20284,27483,1358,,105.29,-17.97,37
,,Eri,74.436180,-14.231920,416.6667,6.150,23060,31726,1595,,-0.23,-12.22,11
,,Cam,78.797460,59.405687,109.0513,6.150,24479,33618,1688,,20.13,-12.8,3
,,Ori,78.827085,-1.409040,46.9043,6.150,24493,34180,1717,,-35.52,8.78,14
,,Ori,83.158245,0.011933,337.8378,6.150,25976,36558,,,18.85,-12.12,
,,Lep,85.560315,-17.530376,245.7002,6.150,26866,38054,1965,,-16.77,5.16,62
,,Aur,91.861485,41.854282,217.8649,6.150,29025,41467,2147,,-2.31,-19.79,6
,,Mon,92.755065,-6.754221,170.3578,6.150,29323,42536,2195,,-4.68,-11.56,5
,,Pic,97.794360,-61.879545,380.2281,6.150,31068,46792,2410,,-9.53,10.74,34
,,Pic,99.501645,-61.533387,21.2947,6.150,31711,48189,2468,GJ 3400A,-50.08,72.69,32.3
,,Pup,106.383435,-34.777700,53.4474,6.150,34200,53952,2677,,-41.16,40.13,19
,,CMi,108.031215,5.474347,196.0784,6.150,34789,55184,2713,,-20.41,-6.33,20
,,Pup,121.437015,-33.569435,862.0690,6.150,39617,67243,3177,,-7.62,4.24,33
,,Pup,123.995100,-35.903191,507.6142,6.150,40485,69511,3253,,-8.11,6.59,30
,,Pup,125.350770,-39.620714,65.9196,6.150,40947,70612,3286,,7.33,6.47,-12
,,Pyx,137.181390,-26.767598,122.1001,6.150,44887,78676,3637,,-44.69,11.59,8
,,Ant,142.317465,-38.403542,60.6061,6.150,46517,82165,3766,,-106.25,3.01,1
,,Vel,145.864965,-51.228136,411.5226,6.150,47694,84400,3872,,-16.02,8.37,-23
,,Leo,156.752025,19.364538,104.8218,6.150,51161,90472,4097,,-59.42,-5.57,32
,,Vel,165.034590,-51.817800,61.0874,6.150,53771,95429,4296,,-64,2.81,14
,,Hya,173.097030,-26.746805,220.2643,6.150,56293,100307,4445,,-82.86,19.69,35
,,Vir,177.255345,-0.318670,35.0877,6.150,57629,102634,4533,,-206.09,3.44,4
,,Cen,184.446960,-36.093979,150.1502,6.150,59950,106922,4675,,-40.9,-7.49,-14
,,Cru,187.140435,-56.407816,42.3729,6.150,60870,108570,4749,,-232.75,-226.3,8
,,UMa,196.595295,62.041868,116.2791,6.150,63952,113994,4953,,17.06,-43.36,15
,,Vir,214.125690,-3.196305,140.2525,6.150,69747,124931,5342,,-22.4,-32.55,2
,,Boo,221.335755,18.884956,178.2531,6.150,72139,130025,5507,,9.27,18.77,-4
,,Boo,222.097290,24.366876,84.6740,6.150,72412,130603,5524,,-101.06,57.29,-31
,,Lib,222.225390,-0.847655,134.5895,6.150,72449,130557,5522,,-8.5,16.88,-16
,,Boo,222.278265,37.811179,40.6835,6.150,72469,130817,5529,,-253,109.62,-35
,,Boo,232.184985,47.201514,156.9859,6.150,75770,138213,5752,,-21.48,4.97,-16
,,Sco,238.625460,-27.338639,158.2278,6.150,77900,142250,5910,,-13.48,-26.41,4
,,Ser,241.842405,21.822615,228.8330,6.150,78985,144889,6005,,-13.38,-42.98,57
,,Oph,254.358330,-10.963373,81.1688,6.150,82979,153021,6296,,0.28,-88.88,-103
,,Sco,256.618200,-35.451046,625.0000,6.150,83706,154368,6347,,2.38,-3.03,2
,,Dra,263.381685,57.558721,250.0000,6.150,85923,159870,6560,,6.64,5.08,-1
,,Sgr,275.500575,-28.429962,165.0165,6.150,90012,168646,6864,,6.98,-3.51,-12
,,Ser,276.238365,-1.579413,133.5113,6.150,90253,169493,6898,,6.05,-4.1,-10
,,CrA,286.718730,-37.810658,16.9549,6.150,93858,177565,7232,Gl 744,-187.66,-366.77,58.5
,,Dra,299.619735,63.534135,136.9863,6.150,98308,189900,7654,,0.77,-27.64,-9
,,Oct,306.228390,-83.310616,75.7002,6.150,100697,191220,7698,,23.65,7.54,0.1
,,Cyg,319.730535,41.040518,617.2840,6.150,105229,203096,8155,,-5.39,-4.72,7
,,Ind,320.039520,-45.021893,581.3953,6.150,105334,202874,8145,,1.02,3,2
,,Aqr,337.826295,-6.555151,25.4130,6.150,111170,213429,8581,Gl 862.1,160.65,-108.63,-9.6
,,Aqr,337.826745,-2.911276,119.9041,6.150,111171,213428,8580,,-9.38,-38.68,10
,,Oct,338.859975,-78.771585,290.6977,6.150,111504,213402,8577,,54.18,-7.5,-13
,,PsA,344.645865,-35.523231,74.3494,6.150,113447,217096,8732,,-5.98,-112.3,21
,,Aqr,346.303560,-17.079250,198.0198,6.150,113998,218061,8783,,-41.72,-40.18,-15
,,Ind,349.583355,-67.471177,196.4637,6.150,115062,219644,8855,,22.57,17.74,18
,1    Mon,Mon,89.754495,-9.382223,90.3342,6.150,28321,40535,2107,,18.42,14.21,12
,13    Ori,Ori,76.909635,9.471780,27.6702,6.150,23852,33021,1662,GJ 3334,-5.61,-382.35,-22.2
,17    Aur,Aur,79.578735,33.767348,122.1001,6.150,24740,34364,1728,,15.09,-29.06,25
,18    Cet,Cet,11.369535,-12.880810,30.9981,6.150,3559,4307,203,GJ 1020,-32.25,-205.68,-12.8
,19    Cam,Cam,84.312780,64.154690,111.2347,6.150,26408,36570,1857,,1.06,-66.45,-12
,21    Cet,Cet,13.573305,-8.740662,131.4060,6.150,4257,5268,255,,16.98,-47.34,45
,26Tau8Ser,Ser,236.175555,17.264226,113.6364,6.150,77111,140729,5858,,-30.44,6.59,-5
,43    LMi,LMi,162.238485,29.416057,181.1594,6.150,52882,93636,4223,,-80.2,-37.66,10
,Nu 1Col,Col,84.318765,-27.871362,39.3701,6.150,26412,37430,1926,,20.78,-67.08,27
,Pi 1Col,Col,91.671030,-42.298804,83.4028,6.150,28957,42078,2171,,-34.68,-2.92,2
,Sig Hyi,Hyi,28.959630,-78.348548,40.6174,6.150,8991,12363,593,,103.01,53.05,6
,,Cet,20.115870,-11.238999,112.2334,6.160,6272,8121,388,,-50.54,-75.93,-11
,,Per,65.041455,31.953174,225.2252,6.160,20231,27349,1344,,-1.12,-13.23,-18
,,Aur,78.684465,53.213949,100000.0000,6.160,24451,33654,1692,,-1.91,0.31,1
,,Ori,84.472440,-4.814034,495.0495,6.160,26477,37356,1923,,-2.46,0.87,29
,,Lep,87.869220,-22.926947,126.1034,6.160,27670,39385,2036,,-4.02,-42.45,26
,,Mon,92.401050,-5.711429,62.5000,6.160,29210,42278,2179,,64.76,1.8,-1
,,Mon,96.643515,-4.597400,396.8254,6.160,30660,45321,2325,,-3.72,-2.6,10
,,Mon,97.078395,10.303893,81.8331,6.160,30804,45512,2342,,27.84,-43.74,-20
,,CMa,97.645350,-13.148172,500.0000,6.160,31024,46064,2373,,-4.86,1.45,2
,,Pup,100.309050,-40.349847,355.8719,6.160,32007,48383,2475,,-5.68,10.64,17
,,Mon,102.265230,1.002065,100000.0000,6.160,32682,49567,2517,,-0.95,-2.96,23
,,Aur,103.811070,43.910031,310.5590,6.160,33269,50420,2557,,1.64,-6.97,-7
,,Gem,114.975375,32.009727,101.6260,6.160,37339,61295,2936,,-15.06,-39.74,25
,,Pup,115.348035,-22.336721,270.2703,6.160,37465,62082,2976,,3.95,12.85,32
,,Vol,116.054460,-69.821593,125.0000,6.160,37720,63584,3038,,-46.7,9.56,10
,,Mon,117.730155,-11.128602,123.3046,6.160,38307,63894,3054,,-0.88,-33.2,44
,,CMi,119.099610,4.485567,359.7122,6.160,38794,64938,3093,,-6.42,-7.32,17
,,Cam,129.927615,73.629678,113.3787,6.160,42484,72582,3379,,-13.45,-99.01,16
,,Hya,136.749750,1.462694,249.3766,6.160,44738,78196,3618,,-11.02,-15.91,3
,,Cnc,140.363250,32.902151,89.9281,6.160,45896,80546,3707,,11.21,-22.76,28
,,Vel,153.095595,-52.163242,110.0110,6.160,49994,88693,4010,,-52.74,45.23,11
,,Vel,153.819360,-54.974207,471.6981,6.160,50232,89104,4038,,-13.49,3.23,8
,,Car,164.315835,-75.099761,961.5385,6.160,53546,95208,4279,,-11.14,3.94,8
,,Car,164.808450,-61.320739,118.2033,6.160,53701,95324,4290,,-28.7,1.94,16
,,Car,166.000995,-57.955331,840.3361,6.160,54082,96088,,,-18.37,0.65,12
,,Cen,176.779350,-35.906862,133.6898,6.160,57497,102397,4524,,41.36,-28.84,9
,,Cru,180.371760,-57.503777,102.3541,6.160,58642,104430,4592,,-58.2,-16.38,-4
,,Hya,182.510640,-34.704742,98.8142,6.160,59307,105686,4628,,-44.96,-2.3,-10
,,Com,185.074005,26.001875,64.4745,6.160,60168,107326,4694,Gl 460,-140.89,19.05,7.2
,,Mus,191.258595,-68.830751,628.9308,6.160,62212,110716,4841,,-6.72,-1.17,-3
,,Cen,198.490470,-43.139107,106.3830,6.160,64557,114873,4991,,-150.09,22.34,30
,,Boo,205.553175,8.388394,36.4431,6.160,66860,119288,5156,,-377.86,-87.16,-11
,,Boo,208.958325,14.056503,24.8633,6.160,68030,121560,5243,,-291.04,9.2,-13
,,UMa,210.749025,50.971809,100.4016,6.160,68637,122866,5280,,-18.17,-6.65,-10
,,Vir,226.918020,5.498035,167.7852,6.160,74026,134047,5631,,-0.71,-22.01,3
,,Boo,227.222970,13.235242,136.4256,6.160,74121,134323,5639,,-45.21,74.29,-49
,,Nor,241.850355,-56.190956,469.4836,6.160,78989,144183,5979,,-0.8,0.31,2
,,Ara,249.719610,-60.990402,178.2531,6.160,81507,149485,6167,,-3.66,-34.41,-7
,,Her,252.679785,32.553668,94.0734,6.160,82426,152224,6259,,24.12,44.65,-30
,,Dra,255.320625,60.648754,102.3541,6.160,83289,154391,6348,,-45.35,39.36,-17
,,Sco,263.102625,-34.279405,120.4819,6.160,85839,158741,6522,,-11.58,-33.39,-50
,,Dra,276.038295,83.175400,150.3759,6.160,90182,172864,7025,,18.39,-23.4,-11
,,Aql,298.014345,11.628329,26.6170,6.160,97767,187923,7569,GJ 4126,-345.23,-333.26,-19.5
,,Cyg,299.079330,56.687017,76.5111,6.160,98111,189296,7634,,29.32,17.06,-31
,,Cyg,301.119975,48.229664,183.4862,6.160,98858,190781,7684,,10.92,0.51,-14
,,Del,305.718195,14.551098,26.2536,6.160,100511,194012,7793,,79.02,-6.87,2
,,Cyg,324.411705,54.042192,165.0165,6.160,106771,206040,8275,,-4.9,-0.74,2
,,Cyg,325.180440,54.872149,219.7802,6.160,107041,206509,8290,,8.02,2.96,4
,,Lac,331.318785,46.744836,304.8780,6.160,109033,209857,8421,,-28.13,-20.22,-13
,,Aqr,334.140225,-1.596389,80.7103,6.160,109984,211356,8495,,-28.26,-8.86,1
,,Lac,336.860415,39.810026,657.8947,6.160,110849,212978,8553,,-0.53,-6.09,-17
,,Peg,346.575555,18.517765,43.5540,6.160,114081,218235,8788,,224.28,62.18,-12
,10    Cet,Cet,6.655890,-0.049533,138.3126,6.160,2100,2273,101,,69.63,1.49,-23
,28    Lib,Lib,230.223660,-18.158658,183.4862,6.160,75110,136366,5701,,-6.96,-59.67,3
,42    Leo,Leo,155.459595,14.975773,142.6534,6.160,50755,89774,4070,,-32.15,-11.27,9
,61    Oph,Oph,266.142060,2.579441,84.8176,6.160,86831,161270,6609,,7.21,13.64,-31
,66    And,And,36.965700,50.569974,56.5291,6.160,11465,15138,709,,31.53,-90.46,-4
,,Scl,3.742725,-34.904223,194.5525,6.170,1195,1089,54,,76.54,-11.99,-52
,,Cet,21.166380,-15.660468,118.6240,6.170,6589,8589,405,,29.88,-20.19,13
,,Cet,21.202830,-2.848590,76.3359,6.170,6605,8599,406,,10.79,-28.02,-27
,,Phe,22.912530,-45.575712,104.7120,6.170,7115,9414,443,,-11.58,4.82,8
,,And,35.172960,47.310804,243.9024,6.170,10924,14372,679,,13,-10.37,2
,,Phe,36.141000,-40.840458,31.1818,6.170,11231,15064,706,,228.91,109.39,1
,,Cet,37.636635,-22.545318,160.2564,6.170,11671,15652,735,,6.58,-31.4,-19
,,Cet,38.767230,7.470993,119.0476,6.170,12022,16060,751,,-9.73,-124.49,-25
,,Cas,44.102715,64.332442,699.3007,6.170,13700,17958,861,,-3.83,-1.01,-22
,,For,48.408105,-29.804129,125.1564,6.170,15024,20176,974,,15.47,-3.14,23
,,Eri,49.003560,-5.918705,201.6129,6.170,15203,20319,983,,9.79,-3.59,7
,,Tau,57.431370,23.711855,114.6789,6.170,17900,23923,1183,,16.5,-44.53,9
,,Cam,78.261765,61.850040,131.7523,6.170,24313,33266,1675,,-12.19,1.82,-4
,,Aur,81.726330,35.457272,180.1802,6.170,25476,35519,1794,,-14.54,-11.99,-21
,,Cep,90.334080,85.182113,416.6667,6.170,28532,36905,1885,,14.66,-1.89,-46
,,Mon,97.311720,2.646194,300.3003,6.170,30906,45724,2355,,-2.2,-39.94,9
,,Mon,97.789845,11.251375,303.0303,6.170,31066,45995,2370,,4.6,-2.53,20
,,Mon,99.418020,2.704158,135.6852,6.170,31672,47220,2430,,-39.41,-49.44,-8
,,Lyn,106.415865,52.758558,99.7009,6.170,34217,52859,2644,,-34.28,-52.38,27
,,CMi,115.772580,0.189333,172.1170,6.170,37614,62264,2982,,0.94,-12.89,8
,,CMi,117.697485,3.277253,150.1502,6.170,38300,63799,3050,,57.66,-29.54,-48
,,Pyx,132.590160,-28.617619,115.2074,6.170,43394,75649,3516,,-19.8,-6.55,25
,,Cnc,134.284500,17.143751,107.0664,6.170,43957,76508,3558,,-41.37,-32.95,19
,,Ant,153.836985,-36.517717,107.4114,6.170,50234,89015,4029,,-28.59,7.54,27
,,Leo,164.070225,22.351682,230.9469,6.170,53472,94720,4269,,-36.27,8.2,25
,,Crt,174.959730,-16.620229,210.9705,6.170,56899,101370,4491,,-17.52,-8.6,26
,,Hya,178.361745,-35.066645,74.1290,6.170,57971,103266,4553,,-79.06,-29.89,-9
,,Cen,198.789435,-36.371410,118.6240,6.170,64651,115050,4999,,-43.66,-21.35,-4
,,Cen,200.785965,-33.189878,250.6266,6.170,65311,116278,5043,,-17.9,3.71,-13
,,Mus,202.195050,-69.627152,187.6173,6.170,65755,116890,5066,,-20.61,-16.29,16
,,Cen,208.467090,-35.314361,65.9631,6.170,67851,121056,5224,,-295.3,-69.78,5
,,Cen,224.652255,-39.907172,102.7749,6.170,73279,132096,5572,,-75.62,-79.33,24
,,Dra,249.229125,63.072824,156.7398,6.170,81358,150429,6198,,4.25,-88.13,-42
,,Ara,250.210200,-60.446442,31.3283,6.170,81657,149837,6177,,58.29,-72.99,4
,,UMi,255.417030,75.297497,46.5983,6.170,83317,155154,6379,,14.16,-69.58,1
,,Oph,259.059420,2.186202,219.7802,6.170,84479,156208,6412,,11.32,-17.03,4
,,Oph,261.276000,-24.243683,126.2626,6.170,85242,157588,6474,,21.64,11.9,20
,,Ara,261.734805,-51.948819,167.7852,6.170,85393,157599,6475,,15.04,-13.52,1
,,Ser,268.264740,-10.899562,91.9963,6.170,87540,162757,6666,,43.55,-30.22,-35
,,Pav,274.917090,-63.886562,23.0468,6.170,89805,167425,6828,,38.89,-276.16,
,,Tel,283.249575,-46.586329,251.8892,6.170,92669,174500,7097,,4.59,11.16,35
,,Tel,283.259805,-48.360913,81.9672,6.170,92676,174474,7095,,-17.27,-76.36,-44
,,Cyg,295.171455,43.077824,515.4639,6.170,96805,186121,7492,,1.99,-0.78,-5
,,Aql,299.844345,1.377696,235.2941,6.170,98385,189322,7636,,16.51,67.66,6
,,Del,305.085510,14.569257,170.0680,6.170,100274,193556,7778,,-3.19,6.18,8
,,Cep,310.665375,60.601316,189.3939,6.170,102216,197734,7938,,-3.84,-18.9,-7
,,Cyg,314.628960,41.939925,152.9052,6.170,103532,199892,8036,,11.6,0.22,-33
,,Cyg,319.346595,42.683572,260.4167,6.170,105101,202862,8144,,9.72,2.24,-20
,,Cyg,322.864425,52.619856,529.1005,6.170,106267,205114,8242,,0.62,-1.65,-23
,,Cyg,323.614425,51.698465,408.1633,6.170,106518,205551,8259,,3.71,-1.81,-22
,,Oct,324.734145,-79.442583,64.4330,6.170,106881,204904,8234,,70.81,-26.91,-6
,,Aqr,326.909325,-5.916802,69.5894,6.170,107596,207235,8332,,65.31,15.77,-11
,,Cep,328.835820,61.541810,100000.0000,6.170,108209,208606,8374,,-2.48,-3.04,-32
,,Lac,331.856610,53.307438,100000.0000,6.170,109205,210221,8443,,-3.05,-3.8,-26
,,Aqr,334.249305,-23.140247,142.2475,6.170,110018,211364,8497,,77.63,-61.1,-2
,,Lac,344.419740,39.308777,471.6981,6.170,113371,217101,8733,,0.46,-5.13,-16
,,Psc,344.564760,-2.395385,19.8570,6.170,113421,217107,8734,,-6.05,-16.03,-12
,,Aqr,350.170365,-5.907975,113.1222,6.170,115257,220035,8879,,-102.57,-60.16,-2
,,Pup,117.941220,-13.896051,16.6722,6.170,,,,Gl 291B,-66.78,-343.57,
,23    Cam,Cam,86.035230,61.476536,110.9878,6.170,27046,37638,1943,,-11.08,1.07,-4
,58    Gem,Gem,110.867250,22.945349,87.6424,6.170,35842,57744,2810,,-25.93,-35.94,15
,Pi  Ind,Ind,329.058525,-57.899591,142.8571,6.170,108281,208149,8362,,16.13,6.43,7
,,Cas,0.128895,59.559679,136.2398,6.180,43,224784,9079,,-80.6,-24.07,-33
,,Psc,2.050395,-2.447711,279.3296,6.180,664,352,14,,7.25,-4.87,1
,,And,2.996115,48.152396,202.0202,6.180,967,743,36,,60.54,10.39,16
,,Phe,7.615935,-40.939586,129.5337,6.180,2388,2724,119,,-3.25,16.16,-5
,,Cas,7.726650,77.019404,38.5060,6.180,2422,2589,112,,340.4,-34.36,19
,,And,9.279960,24.014136,112.7396,6.180,2926,3411,156,,-18.57,-46.04,-1
,,Cas,10.629270,58.753411,336.7003,6.180,3334,3924,181,,29.43,-8.47,-3
,,Psc,21.398655,23.511519,68.0735,6.180,6669,8634,407,,34.07,-22.18,-16
,,Hyi,24.186600,-58.270966,228.8330,6.180,7506,10052,468,,23.38,0.83,-2
,,Cas,26.074755,57.536617,84.9618,6.180,8115,10543,499,,46.7,-18.39,5
,,Phe,26.819580,-41.759926,184.1621,6.180,8320,11022,524,,12.1,48.81,-13
,,For,46.961850,-27.831151,54.6448,6.180,14551,19545,943,,65.72,-20.57,12
,,Tau,54.857295,16.536685,130.2083,6.180,17058,22695,1110,,40.42,-33.28,14
,,Per,57.075315,50.736767,250.6266,6.180,17772,23552,1160,,-7.58,-1.99,-24
,,Eri,59.158050,-9.750844,125.6281,6.180,18455,24832,1225,,51.1,5.43,14
,,Cam,65.741370,59.616182,142.0455,6.180,20456,27402,1352,,35.93,-44.13,12
,,Per,67.660035,32.457768,115.0748,6.180,21038,28459,1419,,7.97,-19.24,23
,,Eri,71.607285,-28.087444,56.1798,6.180,22192,30422,1525,,-4.04,18.19,19
,,Ori,81.445905,0.520244,380.2281,6.180,25378,35588,1803,,2.33,0.04,-24
,,Aur,81.713670,33.262258,100.8065,6.180,25475,35521,1796,,9.85,-12.08,-9
,,Ori,81.807900,15.257630,130.3781,6.180,25502,35693,1809,,-5.49,-10.08,25
,,Men,82.558035,-84.785104,112.2334,6.180,25776,39780,2059,,-6.84,44.27,-4
,,Col,85.548255,-30.535442,226.7574,6.180,26862,38138,1972,,-5.74,8.08,27
,,Lep,86.782515,-16.238079,223.7136,6.180,27308,38713,2000,,-9.13,-9.69,7
,,Cam,87.269445,62.808190,122.6994,6.180,27472,38284,1976,,-18.84,-2.37,-4
,,Aur,90.291855,31.034517,71.9424,6.180,28517,40588,2110,,-18.74,0.03,-9
,,Mon,92.932155,-4.665440,176.0563,6.180,29401,42657,2202,,-7.12,-3.38,23
,,Car,98.359560,-52.329234,183.8235,6.180,31265,47001,2416,,-32.87,34.37,6
,,Mon,100.777560,3.033801,194.5525,6.180,32177,48348,2474,,9.28,-9.25,31
,,Gem,114.800025,24.222528,135.3180,6.180,37269,61219,2931,,-2.26,0.18,-11
,,Vel,121.334610,-46.978411,100000.0000,6.180,39584,67341,3179,,-6.07,6.43,24
,,Hya,125.054160,-0.909314,39.4945,6.180,40858,70110,3271,,39.29,-86.53,10
,,Lyn,127.833195,37.264942,253.1646,6.180,41798,71906,3348,,-14.56,-29.85,16
,,Hya,129.363225,-4.933999,127.5510,6.180,42299,73281,3411,,-2.25,5.56,18
,,Vel,144.105870,-48.751179,70.6215,6.180,47145,83368,3831,,-8.01,-7.7,-4
,,Vel,144.193080,-52.943670,113.8952,6.180,47172,83465,3837,,-125.12,96.95,34
,,UMa,146.152470,64.984112,95.4198,6.180,47791,83962,3859,,-54.96,19.22,-28
,,Car,149.249280,-69.101804,370.3704,6.180,48782,86659,3949,,-17.86,8.81,16
,,Car,150.749775,-60.178675,100000.0000,6.180,49233,87436,3966,,-6.89,4.6,-4
,,UMa,153.781905,59.985539,653.5948,6.180,50222,88651,4008,,14.22,5.14,-21
,,Car,156.185625,-73.971732,143.2665,6.180,50976,90630,4105,,-24.84,10.9,-3
,,Vel,156.321735,-42.467404,180.5054,6.180,51014,90393,4093,,-1.74,-12.47,-5
,,Dra,164.987400,77.770174,161.2903,6.180,53761,94860,4272,,-70.28,-20.8,-50
,,Vir,174.540960,8.883792,115.3403,6.180,56756,101112,4478,,-58.37,5.99,11
,,Vir,179.763900,0.530680,213.2196,6.180,58445,104055,4580,,-65.45,29.65,12
,,UMa,183.680910,53.434626,147.2754,6.180,59708,106478,4654,,-21.15,-18.33,0.1
,,Crv,193.971855,-15.327025,196.0784,6.180,63109,112304,4911,,-19.08,-1.03,-3
,,Cen,198.232125,-59.816605,42.1585,6.180,64478,114630,4980,,8.23,-107.89,16
,,Cen,199.645320,-51.285776,186.9159,6.180,64933,115529,5016,,-26.86,-11.87,-4
,,Cen,200.718780,-47.943221,303.0303,6.180,65288,116197,5038,,16.53,-0.7,-0.1
,,Vir,202.500330,7.178853,325.7329,6.180,65862,117404,5086,,3.42,4.89,-3
,,Boo,210.632700,9.686096,236.9668,6.180,68594,122563,5270,,-188.93,-70.1,-23
,,Cen,210.757170,-31.684035,38.1679,6.180,68641,122510,5268,,24.53,66.02,5
,,Cen,211.545450,-43.091702,131.2336,6.180,68872,123004,5286,,-6.7,-34.15,22
,,Vir,214.920630,0.384333,63.2511,6.180,70022,125489,5368,,-37.38,-12.41,-22
,,Vir,222.750390,-0.257491,140.2525,6.180,72629,130970,5536,,-32.08,6.89,-20
,,TrA,226.986480,-65.275449,200.8032,6.180,74047,133456,5611,,9.04,-4.52,-4
,,UMi,227.685030,67.781035,152.4390,6.180,74272,135384,5672,,21.69,-13.02,-8
,,Lup,229.672095,-31.209347,276.2431,6.180,74929,135896,5688,,-8.12,-6.46,-24
,,Sco,242.382270,-32.649012,120.6273,6.180,79173,144927,6006,,-22.76,-30.22,-5
,,Oph,244.230420,-3.953349,44.4050,6.180,79781,146514,6067,,38.91,6.67,-8
,,Dra,250.743480,55.690119,88.5740,6.180,81840,151199,6226,,55.8,80.28,-45
,,Oph,252.365295,-15.667970,74.0741,6.180,82339,151676,6240,,1.04,12.77,-2
,,Her,252.419040,43.430437,170.6485,6.180,82355,152153,6256,,-10.62,-9.36,-20
,,Sco,254.149905,-40.823453,724.6377,6.180,82911,152667,6283,,0.3,-0.17,4
,,Sco,256.451970,-44.105042,69.6864,6.180,83650,154153,6338,,11.4,25.04,-33
,,Her,266.071860,14.410067,146.4129,6.180,86809,161321,6611,,-3.69,14.62,-31
,,Sgr,266.940000,-22.477791,781.2500,6.180,87099,161664,6617,,1.49,-9.45,-22
,,Oph,268.161270,-6.143577,100000.0000,6.180,87495,162714,6661,,-0.7,-5.09,-5
,,Sgr,268.725180,-24.887095,100000.0000,6.180,87706,162978,6672,,1.29,-2.65,-11
,,Her,270.399585,33.311266,431.0345,6.180,88277,164824,6737,,22.02,19.54,-10
,,Her,271.375575,21.646624,145.3488,6.180,88604,165524,6763,,11.94,1.69,-35
,,Sgr,274.350360,-28.652065,172.1170,6.180,89622,167666,6835,,10.55,-14.41,-34
,,Dra,280.870875,53.871767,273.9726,6.180,91843,173664,7060,,5.71,-12.3,
,,Her,281.672340,18.705907,209.6436,6.180,92131,173833,7067,,15.76,-24.69,-13
,,Lyr,288.997875,27.926302,429.1845,6.180,94685,180583,7308,,5.08,0.7,-16
,,Cyg,296.645895,32.888591,121.5067,6.180,97307,187038,7535,,-37.42,-5.85,-46
,,Tel,300.105630,-49.350946,103.7344,6.180,98482,189080,7621,,-76.61,-2.94,67
,,Cyg,301.290585,38.478457,18.7899,6.180,98921,190771,7683,GJ 1249,263.35,111.57,-22.5
,,Cap,302.130300,-10.062595,169.4915,6.180,99221,191110,7694,,6.13,-34.03,-16
,,Cyg,315.600840,44.790980,299.4012,6.180,103828,200527,8062,,-6.09,-4.18,1
,,Cap,316.936230,-17.455902,119.9041,6.180,104297,201057,8083,,29.87,-46.62,-21
,,Pav,317.837025,-72.544353,120.3369,6.180,104597,200924,8081,,33.9,-30.45,-15
,,Cyg,318.542850,29.900959,546.4481,6.180,104822,202314,8126,,3.71,-0.75,-5
,,Peg,324.688170,25.498829,129.3661,6.180,106872,206027,8274,,-1.97,4.74,-14
,,Peg,326.769825,17.194041,48.4496,6.180,107558,207223,8330,,103.75,-13.93,-19
,,Cep,327.329220,61.272760,271.7391,6.180,107723,207780,8347,,0.17,-23.07,-19
,,Gru,329.258955,-37.746844,143.6782,6.180,108347,208435,8367,,8.81,5.11,1
,,Peg,332.579235,19.616339,59.2417,6.180,109439,210460,8455,GJ 4261,92.06,-93.77,21.3
,,Peg,335.232495,8.186742,30.9310,6.180,110341,211976,8514,,43.67,21.6,10
,,Cep,335.750745,57.284612,310.5590,6.180,110497,212454,8535,,17.49,4.81,-13
,,Lac,335.975880,38.573612,52.8821,6.180,110566,212487,8536,,255.69,123.47,5
,,Ind,347.148180,-73.586116,184.1621,6.180,114268,218288,8794,,23.15,-2.1,5
,,Aqr,351.032730,-18.688006,96.3391,6.180,115528,220465,8900,,165.19,48.6,-19
,,And,353.694750,38.024000,232.5581,6.180,116365,221776,8950,,10.67,11.08,-12
,,Peg,359.172930,22.648091,224.7191,6.180,118048,224303,9055,,-22.89,-6.47,1
,,Lyn,135.163305,41.783620,16.4312,6.180,,,,Gl 332B,-433.88,-248.49,
,104    Vir,Vir,216.851610,-6.120332,78.8644,6.180,70680,126722,5406,,-62.15,-57.84,-15
,13    Cas,Cas,7.855050,66.519617,233.1002,6.180,2474,2729,121,,19.38,-3.87,-10
,26    Lib,Lib,228.640665,-17.768572,245.0980,6.180,74600,135230,5662,,-14.58,-15.95,-26
,82    Aqr,Aqr,345.635655,-6.574008,446.4286,6.180,113781,217701,8763,,-7.36,-32.95,-8
,82    Gem,Gem,117.140160,23.140980,241.5459,6.180,38106,63208,3021,,-10.88,-2.04,-5
,85    Vir,Vir,206.396115,-15.767467,106.0445,6.180,67139,119786,5170,,-40.99,-23.74,-41
,95    Tau,Tau,70.807320,24.088920,48.2625,6.180,21961,29859,1499,,15.62,-18.3,8
,,Cet,1.708665,-23.107540,39.3856,6.190,560,203,9,,97.3,-47.09,3
,,Psc,4.448745,1.688727,117.3709,6.190,1421,1367,67,,90.04,9.15,-9
,,Psc,13.811130,24.557062,173.9130,6.190,4317,5316,259,,23.51,-14.06,-10
,,Cet,38.417595,-20.001921,114.1553,6.190,11907,15996,745,,-36.61,-79.86,-6
,,And,39.574320,37.726715,82.3045,6.190,12287,16327,768,,-38.47,-44.24,9
,,Eri,54.855855,-10.437278,109.4092,6.190,17057,22799,1117,,-26.5,-103.7,23
,,Tau,59.359920,24.461937,319.4888,6.190,18508,24802,1222,,-5.99,-7.33,-13
,,Dor,82.566120,-63.927686,113.8952,6.190,25781,36876,1882,,4.42,59.28,11
,,Tau,83.411820,20.474216,350.8772,6.190,26072,36589,1860,,2.92,-7.47,27
,,Cam,84.932160,75.043871,215.5172,6.190,26638,36384,1844,,-7.31,25.39,-3
,,Pic,86.805540,-54.360728,381.6794,6.190,27317,39110,2023,,5.5,1.33,-3
,,Col,97.749570,-40.916253,173.3102,6.190,31056,46365,2390,,-6.07,10.85,51
,,Mon,100.321755,11.003197,100000.0000,6.190,32012,47886,2458,,4.99,7.49,16
,,Pup,101.550630,-37.775325,406.5041,6.190,32434,49336,2510,,-8.48,9.51,15
,,Aur,107.151015,37.445096,294.9853,6.190,34462,53925,2675,,-6.29,-14.94,10
,,Gem,109.517040,30.955872,181.1594,6.190,35345,56386,2757,,-4.9,-22.39,27
,,Pyx,128.270190,-24.606960,72.6216,6.190,41949,72626,3381,,2.48,-28.03,-8
,,Cnc,134.425095,9.387764,264.5503,6.190,44010,76629,3567,,-9.16,-5.75,-14
,,Hya,134.916315,-19.208036,39.2619,6.190,44162,77084,3584,,-39.91,-97.39,20
,,Vel,137.487915,-52.082861,91.9118,6.190,45002,79091,,,-91.72,54.65,
,,Vel,141.618570,-40.501706,95.8773,6.190,46297,81780,3746,,11.76,6.11,-3
,,Car,157.536675,-66.984654,268.8172,6.190,51425,91272,4129,,-17.36,5.24,-8
,,Vir,187.911345,-5.052592,124.0695,6.190,61134,109014,4772,,-31.56,30.79,2
,,Cen,198.211845,-42.699720,176.3668,6.190,64472,114707,4982,,-26.8,-3.52,-1
,,Hya,207.527130,-29.081321,117.3709,6.190,67523,120455,5197,,-50.03,-33.3,0.2
,,Vir,208.742505,-8.058852,33.0797,6.190,67953,121325,5233,,-174.33,-36.18,-19
,,Cen,212.216220,-43.470779,161.0306,6.190,69113,123445,5294,,-19.25,-17.44,-2
,,Boo,214.338120,51.307373,90.3342,6.190,69818,125349,5360,,-23.6,-8.04,-9
,,Boo,216.076125,8.084595,110.0110,6.190,70414,126271,5394,,-120.07,-103.31,-31
,,Boo,228.398265,38.264700,126.1034,6.190,74514,135402,5673,,-6.89,-47.72,-62
,,Lup,229.882215,-37.097161,120.4819,6.190,75003,136014,5689,,-78.57,-145.36,11
,,Lib,234.368745,-26.279864,190.4762,6.190,76503,139160,5801,,-11.13,-23.11,1
,,Aps,234.827385,-77.918004,99.1080,6.190,76664,138289,5757,,-79.59,-130.26,13
,,Dra,240.788985,59.410738,294.9853,6.190,78632,144542,5995,,-18.57,-30.45,-5
,,Her,256.172280,19.599105,176.6784,6.190,83565,154441,6352,,13.6,1.44,-24
,,Oph,264.686880,-21.912658,123.7624,6.190,86352,160042,,,-33.94,-13.69,-0.3
,,Oph,267.681690,11.946548,156.2500,6.190,87335,162468,6650,,-9,-33.26,-49
,,Sco,268.218975,-41.996522,31.6156,6.190,87523,162396,6649,,141.81,-190.53,-14
,,Sgr,275.380695,-24.915276,326.7974,6.190,89980,168574,6861,,4.44,-2.15,3
,,Sgr,276.985335,-17.800357,185.8736,6.190,90494,169990,6919,,-2.73,-2.91,-35
,,Her,282.068340,23.514749,28.7522,6.190,92270,174160,7079,,25.3,-6.78,-0.2
,,Her,283.008015,13.965647,209.2050,6.190,92593,174853,7109,,-5.65,-8.32,-29
,,Aql,289.450770,2.031727,86.2069,6.190,94833,180782,7313,,2.7,-28.2,-23
,,Vul,291.357360,24.912774,27.3898,6.190,95492,182807,7386,,-177.2,-631.08,-4
,,Pav,294.608070,-57.983341,162.6016,6.190,96607,184585,7434,,30.83,-62.79,-11
,,Cyg,301.339590,56.341422,50.7099,6.190,98946,191096,7692,,-0.37,80.22,-12
,,Dra,307.261800,83.625417,91.2409,6.190,101044,197508,7930,,23.43,-19.05,10
,,Cyg,308.710020,51.854221,100000.0000,6.190,101556,196379,7876,,-3.14,-5.37,-13
,,Cap,308.884395,-16.525879,71.1238,6.190,101608,196078,7865,,84.05,-27.61,-1
,,Cyg,324.366150,44.696550,168.9189,6.190,106752,205939,8272,,-1.01,-26.68,4
,,Cap,327.923925,-18.622940,64.6831,6.190,107901,207760,8346,,144.14,-77.24,-42
,,Lac,331.551075,45.248690,97.7517,6.190,109121,209993,8429,,23.25,-5.46,-2
,,PsA,333.239520,-26.327793,63.4518,6.190,109667,210739,8464,,-25.51,-28.47,15
,,Lac,334.734165,37.769286,73.5294,6.190,110171,211797,8510,,55.4,43.73,7
,,Cep,342.253125,68.570228,63.6943,6.190,112670,216172,8687,,117.3,67.39,3
,,And,352.530855,49.133145,277.0083,6.190,115996,221246,8925,,29.41,2.99,6
,3    Peg,Peg,324.431850,6.618391,87.6424,6.190,106783,205811,8265,,57.92,-2.09,3
,48    LMi,LMi,163.675710,25.490722,118.9061,6.190,53355,94480,4254,,-54.26,-0.42,8
,60    Peg,Peg,347.955015,26.847308,70.1754,6.190,114526,218935,8827,,-190.51,-111.14,-10
,61    Her,Her,255.875880,35.414049,229.8851,6.190,83462,154356,6346,,29,-43.17,-12
,70    Aqr,Aqr,342.125865,-10.555478,111.6071,6.190,112615,215874,8676,,30.86,7.62,-6
,9    LMi,LMi,143.376495,36.486949,149.0313,6.190,46904,82522,3791,,40.32,-33.17,-17
,Eta Oct,Oct,164.808870,-84.593893,105.4852,6.190,53702,96124,4312,,-64.13,-8.02,-3
,,Cet,1.826115,-17.386990,176.0563,6.200,602,256,10,,-10.77,17.02,-9
,,Cas,14.053965,57.996557,198.8072,6.200,4383,5343,260,,41.83,-15.91,-30
,,Psc,16.115085,29.658806,44.2870,6.200,5034,6301,303,,85.1,-120.26,
,,Cep,19.052640,87.145496,106.9519,6.200,5928,6319,306,,49.99,-20.22,-5
,,And,24.113355,48.722776,157.2327,6.200,7493,9746,454,,-16.36,-18.69,-43
,,Psc,25.326525,25.745712,54.9451,6.200,7874,10308,484,,118.38,-40.63,5
,,Scl,25.363800,-38.132827,41.5800,6.200,7886,10481,494,,50.23,56.51,11
,,Cet,25.978320,-4.765514,209.6436,6.200,8094,10658,507,,-23.98,-30.81,20
,,Ari,37.306995,23.469026,95.2381,6.200,11578,15385,723,,85.41,-21.06,21
,,Eri,45.538650,-6.494543,33.8983,6.200,14124,18894,913,,80.54,-143.75,16
,,Eri,50.823750,-7.794098,37.1471,6.200,15776,21019,1024,GJ 2030A,2.11,-219.54,42.2
,,For,53.486640,-31.080114,41.7711,6.200,16628,22262,1093,,-35.15,76.4,-33
,,Cam,75.709905,66.822974,27.7624,6.200,23484,31675,1594,,67.57,-335.17,17
,,Tau,76.089945,21.277931,148.5884,6.200,23589,32482,1633,,15.18,-25.17,48
,,Aur,76.706490,43.174705,238.0952,6.200,23799,32655,1644,,-3.97,-1.64,-14
,,Tau,80.235900,19.814347,168.6341,6.200,24977,34810,1755,,-3.8,-9.04,0.1
,,Aur,82.419390,29.186464,88.7311,6.200,25730,35984,1822,,28.97,-46.89,13
,,Lep,90.640890,-14.497157,125.3133,6.200,28622,41125,2136,,11.71,11.83,45
,,Mon,103.675185,-1.756486,100000.0000,6.200,33210,50820,2577,,1,-0.14,9
,,Mon,105.470490,-1.345883,176.9912,6.200,33873,52611,2636,,13.72,-39.27,-45
,,CMa,111.071805,-22.912758,176.6784,6.200,35920,58346,2826,,-4.42,2.79,32
,,Pup,114.635565,-38.781487,124.5330,6.200,37202,61642,2955,,17.02,-35.32,26
,,Car,115.722270,-58.230058,198.0198,6.200,37599,62897,3012,,-31.96,38.73,-22
,,Car,131.273115,-58.724319,262.4672,6.200,42936,75086,3489,,-5.27,0.51,28
,,UMa,132.205290,66.708083,153.1394,6.200,43266,74604,3470,,-19.93,-35.26,5
,,Pyx,135.297570,-26.663716,108.1081,6.200,44290,77361,3597,,26.55,-53.48,-24
,,Dra,141.965070,75.098341,156.9859,6.200,46410,80930,3719,,-15.39,16.95,1
,,Vel,150.419655,-53.364115,377.3585,6.200,49137,87152,3955,,-16.56,0.47,6
,,Car,150.491955,-57.349789,221.2389,6.200,49160,87238,3957,,-38.39,22.82,7
,,Vel,154.167285,-51.204636,219.2982,6.200,50332,89273,4045,,-39.92,11.71,43
,,Sex,157.744845,-7.637550,348.4321,6.200,51490,91106,4122,,-35.14,-2,7
,,UMa,170.223885,67.100734,127.2265,6.200,55412,98499,4383,,43.78,-50.16,-56
,,Hya,179.265630,-33.315461,120.6273,6.200,58272,103789,4571,,-50.82,-5.17,-10
,,Cru,183.570540,-64.408519,100000.0000,6.200,59678,106343,4653,,-5.33,0.14,-7
,,Mus,185.117745,-65.842656,93.8967,6.200,60183,107301,4692,,-40.84,-10.77,-8
,,UMa,187.708875,53.076608,21.7770,6.200,61053,108954,4767,,19.46,182.1,-21
,,Crv,188.994975,-20.527476,66.8003,6.200,61496,109585,4797,,33.29,-50.35,-2
,,Com,195.161325,18.373009,39.2927,6.200,63497,113022,4926,,-234.6,59.27,1
,,Com,196.973490,27.555958,132.6260,6.200,64077,114092,4956,,-39.64,-61.88,-9
,,Dra,199.119360,68.408001,131.0616,6.200,64774,115612,5018,,-14.1,16.26,-7
,,Cen,200.146020,-59.772780,133.8688,6.200,65108,115778,5024,,-31.63,-9.24,-10
,,Cir,209.630280,-65.800665,156.9859,6.200,68270,121557,5242,,-30.53,-37.88,-29
,,Cen,211.443750,-54.669362,156.2500,6.200,68842,122844,5278,,-52.97,-25.03,-36
,,Lib,219.249120,-12.305349,32.1750,6.200,71469,128429,5455,,-870.88,364.89,-70
,,Aps,224.982375,-75.032669,151.5152,6.200,73394,131551,5555,,-5.57,-20.32,-3
,,Lib,232.651050,-20.728553,80.3213,6.200,75939,138105,5749,,8.5,-29.15,-11
,,Lib,237.909990,-14.133584,171.2329,6.200,77689,141853,5896,,-20.28,-7.01,-22
,,Sco,258.963960,-30.210731,106.4963,6.200,84445,155940,6403,,-14.43,-45.27,-4
,,Ser,261.758955,-12.512488,43.4972,6.200,85397,157968,6496,,41.02,-63.37,-40
,,Ser,282.011100,4.241422,244.4988,6.200,92254,173954,7076,,-4.94,14.28,-1
,,Aql,284.094420,-1.799863,157.4803,6.200,92963,175640,7143,,-2.93,-19.71,-26
,,Lyr,284.694120,40.679194,300.3003,6.200,93177,176502,7179,,1.51,-0.35,-14
,,Lyr,287.846505,40.429095,150.6024,6.200,94280,179583,7284,,8.81,-25.75,6
,,Sgr,303.099360,-42.780063,100.1001,6.200,99570,191584,7706,,-18.07,-100.81,-1
,,Del,304.872075,13.216766,218.3406,6.200,100208,193373,7771,,-14.89,-18.28,23
,,Cyg,305.731335,42.983543,102.9866,6.200,100515,194220,7802,,55.72,42.82,-20
,,Del,307.069965,2.937161,124.2236,6.200,100969,194953,7824,,38.93,3.7,-22
,,Cyg,307.838070,52.309526,115.2074,6.200,101245,195820,7854,,40.61,63.27,-10
,,Cap,312.335595,-18.035855,307.6923,6.200,102780,198208,7964,,0.2,-33.47,44
,,Del,312.496230,5.544560,126.7427,6.200,102833,198404,7975,,43.16,1.02,-22
,,Mic,318.809865,-40.506065,171.2329,6.200,104925,202135,8117,,101.68,6.12,-42
,,Vul,321.031035,25.312423,174.8252,6.200,105660,203858,8194,,39.37,9.03,-19
,,Ind,324.998850,-52.359010,173.9130,6.200,106978,205877,8269,,-18.75,6.71,
,,Cyg,327.770745,39.536658,311.5265,6.200,107856,207857,8349,,8.85,3.55,-6
,,Aqr,352.252770,-9.266104,287.3563,6.200,115906,221081,8921,,-43.49,-26.51,8
,,Oph,262.597650,-1.064706,16.4474,6.200,,,,Gl 678B,-118.34,-173.48,-73.8
,,Gem,97.792083,17.466389,100000.0000,6.200,,45951,2366,,1,-51,27
,14    Sex,Sex,151.697610,5.611493,109.1703,6.200,49530,87682,3973,,-33.02,-16.29,17
,32    Lyn,Lyn,128.340630,36.436429,37.0920,6.200,41975,72291,3365,,-145.01,2.6,
,33    Peg,Peg,335.914800,20.848230,33.7041,6.200,110548,212395,8532,,335.18,-14.71,-23
,39    Gem,Gem,104.697585,26.081079,47.6644,6.200,33595,51530,2601,,-162.14,94.1,6
,63    Her,Her,257.763180,24.237694,82.3045,6.200,84054,155514,6391,,-11.66,30.27,-2
,69    Dra,Dra,299.902830,76.481392,161.2903,6.200,98401,190960,7686,,-26.86,-59.51,-69
,78    Aqr,Aqr,343.642170,-7.204626,206.1856,6.200,113127,216637,8710,,-15.11,-35.05,9
,,And,2.170650,36.627125,32.4465,6.210,699,400,17,Gl 6,-114.72,-124.6,-15.2
,,Cet,20.653965,1.726332,212.3142,6.210,6432,8334,392,,65.45,-44.78,-16
,,And,34.795125,46.472261,136.6120,6.210,10814,14213,671,,-23.76,-11.99,-15
,,Cet,39.653355,3.443205,100.8065,6.210,12318,16467,775,,34.89,7.94,2
,,For,41.085555,-32.524715,109.4092,6.210,12786,17168,817,,25.29,-21.95,21
,,Per,52.359495,46.937868,195.3125,6.210,16252,21455,1047,,22.36,-28.61,2
,,Eri,56.956710,-36.105785,149.2537,6.210,17734,23958,1186,,12.52,18.34,11
,,Eri,58.303875,-18.434447,272.4796,6.210,18173,24497,1206,,2.8,1.17,20
,,Tau,69.846450,25.218274,106.2699,6.210,21689,29459,1477,,16.82,-11.73,21
,,Cam,76.053240,73.763887,473.9336,6.210,23582,31563,1587,,14.17,-18.8,22
,,Ori,82.583010,4.204795,166.1130,6.210,25785,36217,1837,,17.38,-25.34,15
,,Aur,85.334730,53.481058,12.2775,6.210,26779,37394,1925,Gl 211,2.7,-523.61,1.8
,,Ori,89.548800,-0.994018,103.5197,6.210,28252,40347,2097,,11.25,-20.58,61
,,Lep,90.073575,-12.900034,62.8536,6.210,28434,40745,2118,,-6.53,-50.29,33
,,Aur,90.078780,44.592013,107.9914,6.210,28438,40325,2096,,-31.17,-38.71,2
,,Aur,100.807245,37.147375,158.7302,6.210,32190,48073,2464,,25.24,-22.54,-41
,,Pup,113.342445,-14.338307,617.2840,6.210,36736,60325,2897,,-3.5,-0.1,22
,,Pup,119.333625,-47.890705,317.4603,6.210,38879,65598,3118,,-9.12,9.46,12
,,Cnc,121.188765,18.842020,107.0664,6.210,39535,66552,3158,,-25.73,-19.63,28
,,Cnc,121.404405,27.529736,294.1176,6.210,39607,66684,3164,,5.34,-11.11,-17
,,Pup,122.292450,-35.455015,117.9245,6.210,39920,67977,3199,,-0.44,13.41,-14
,,Cnc,130.076220,31.941898,123.9157,6.210,42538,73596,3423,,-39.35,-31.3,13
,,UMa,130.750695,46.900845,126.7427,6.210,42777,73971,3436,,-47.9,-61.63,-7
,,Vel,131.599005,-41.125389,219.7802,6.210,43073,75081,3488,,-21.3,5.39,23
,,Lyn,135.128340,37.604353,371.7472,6.210,44231,76944,3580,,-13.19,0.99,-17
,,Vel,140.915670,-46.908750,235.8491,6.210,46067,81369,,,-19.27,7.45,
,,Hya,165.601875,-26.831505,56.0852,6.210,53963,95698,4302,,67.88,-123.74,1
,,Crt,174.963015,-14.468529,170.6485,6.210,56901,101369,4490,,-36.39,-7.14,5
,,Crt,175.514700,-20.294167,78.2473,6.210,57079,101695,4506,,-8.05,-53.92,-14
,,Cam,180.078360,80.853186,280.1120,6.210,58545,104216,4586,,-65.31,-37.55,32
,,Mus,184.099395,-72.614499,116.5501,6.210,59851,106676,4664,,-32.18,-16.33,28
,,Com,185.545125,24.773866,103.4126,6.210,60327,107655,4705,,-54.47,-4.47,-4
,,Cru,187.107075,-61.794842,162.8664,6.210,60861,108530,4747,,-20.1,-4.43,-14
,,Vir,200.374050,-19.489294,88.8099,6.210,65183,116061,5033,,-77.24,-2.84,-8
,,CVn,205.064940,31.012036,165.5629,6.210,66690,119035,5143,,-72.8,91.93,-18
,,Hya,206.190285,-25.500933,158.7302,6.210,67071,119623,5166,,-57.64,-22.17,6
,,Cir,220.483155,-58.615829,42.6803,6.210,71861,128917,5465,,41.91,-39.05,11
,,Cir,222.279615,-56.667829,82.6446,6.210,72471,130227,5515,,-105.75,-119.53,13
,,Cen,225.492015,-34.358875,128.0410,6.210,73559,132763,5587,,-28.07,-23.89,-3
,,Lup,230.397105,-40.749482,109.1703,6.210,75164,136334,5696,,-16.2,-26.88,-4
,,Lup,235.242660,-47.736091,267.3797,6.210,76809,139599,5821,,-36.22,-42.71,-54
,,Ser,238.395285,16.074933,94.7867,6.210,77835,142357,5913,,21.28,-22.69,2
,,Lup,238.877220,-31.083644,139.8601,6.210,77985,142407,5916,,30.28,24.98,44
,,Lup,240.223785,-40.435480,102.7749,6.210,78445,143248,5952,,15.08,32.89,-15
,,Dra,243.105705,67.144176,131.7523,6.210,79414,146603,6069,,-11.94,-42.55,-10
,,Sco,250.940355,-41.119204,145.7726,6.210,81903,150573,6206,,-31.28,-26.4,-26
,,Aps,258.082815,-70.721082,66.5779,6.210,84158,154556,6357,,49.04,-78.16,-24
,,Tel,278.629680,-52.891521,203.6660,6.210,91062,170873,6954,,-16.99,-41.99,24
,,Her,278.971755,16.975697,32.8839,6.210,91159,171746,6981,,49.09,-71.19,10
,,Lyr,279.189765,43.221815,131.4060,6.210,91250,172187,7003,,21.91,-10.77,5
,,CrA,285.535470,-41.910505,123.9157,6.210,93470,176425,7177,,30.51,-10.21,-13
,,Pav,297.590640,-61.061120,284.9003,6.210,97611,186837,7527,,3.39,5.37,-15
,,Pav,298.668525,-61.170792,115.0748,6.210,97971,187653,7558,,-8.12,9.36,11
,,Del,307.742295,20.606148,86.2813,6.210,101213,195479,7839,,96.14,58.5,-40
,,Aql,309.326595,0.096978,166.9449,6.210,101746,196426,7878,,5.25,-10.11,-23
,,Cyg,309.348255,38.328665,111.9821,6.210,101756,196642,7888,,13.77,-43.95,-37
,,Peg,333.999285,8.549574,118.7648,6.210,109939,211287,8491,,26.08,-10.32,-3
,,Cep,346.988340,64.222532,324.6753,6.210,114227,218560,8811,,8.9,-4.54,-28
,,Aqr,357.381705,-15.861277,120.1923,6.210,117494,223428,9021,,51.67,-30.78,-64
,11    Aqr,Aqr,315.141000,-4.730261,27.2257,6.210,103682,199960,8041,,47.64,-138.75,-17
,27    Ari,Ari,37.726650,17.703856,88.4956,6.210,11698,15596,731,,33.01,-82.75,-118
,44    Cet,Cet,21.010575,-8.007416,67.5219,6.210,6539,8511,401,,179.74,-67.31,6
,44    Cyg,Cyg,307.746795,36.935839,100000.0000,6.210,101214,195593,7847,,-0.2,-4.18,-22
,53    Aqr,Aqr,336.644580,-16.742424,20.0803,6.210,,212698,8545,Gl 859A,220,,-0.3
,7    CVn,CVn,187.512225,51.535631,44.7628,6.210,60988,108845,4761,,-293.08,25.33,19
,Eta Car,Car,161.265000,-59.684167,100000.0000,6.210,,93308,4210,,-2,6,-25
,,Cas,0.330195,49.981558,199.6008,6.220,106,224870,9083,,13.29,-11.19,-20
,,And,3.509505,33.206039,103.1992,6.220,1123,952,44,,-7.7,-18.77,1
,,Cas,12.890790,51.571427,306.7485,6.220,4023,4881,241,,-3.2,-10.96,-14
,,Psc,22.095480,7.961353,114.5475,6.220,6868,8949,426,,110.79,-8.59,2
,,Cet,35.740095,-18.354982,126.1034,6.220,11108,14830,697,,131.68,-132.68,20
,,Hor,43.526955,-50.871402,350.8772,6.220,13518,18265,871,,-2.3,7.24,-13
,,Per,44.211075,51.261284,185.8736,6.220,13732,18153,864,,0.71,-27.7,5
,,Eri,54.909780,-3.393010,133.5113,6.220,17086,22798,1116,,-14.3,-68.94,-18
,,Per,58.018530,31.168578,113.8952,6.220,18094,24167,1197,,-12.36,-36.3,-38
,,Per,64.533780,42.141159,121.3592,6.220,20063,27026,1328,,23.04,-35.77,7
,,Eri,67.541685,-13.592372,143.6782,6.220,20997,28625,1431,,17.9,0.6,14
,,Eri,75.204165,-5.753675,8.7078,6.220,23311,32147,1614,Gl 183,550.74,-1109.3,22.2
,,Lep,78.499785,-14.606872,76.7460,6.220,24394,34045,1710,,11.49,-1.83,31
,,Aur,79.668015,40.465124,223.7136,6.220,24771,34332,1725,,3.48,-13.65,-17
,,Ori,85.155405,-2.825236,418.4100,6.220,26713,37744,1950,,1.7,1.95,29
,,Lep,85.422960,-16.725830,564.9718,6.220,26821,37971,1962,,-3.83,5.38,16
,,Col,86.769075,-28.638913,230.4147,6.220,27303,38804,2005,,-5.31,10.32,18
,,Cam,88.231200,68.471541,141.6431,6.220,27795,38645,1994,,3.36,-45.1,-1
,,Ori,89.477055,1.224310,148.8095,6.220,28232,40282,2093,,-23.35,1.31,37
,,Mon,94.783050,-8.586012,127.0648,6.220,30028,44037,2270,,-19.59,2.21,4
,,CMa,104.427630,-27.537505,312.5000,6.220,33492,51823,2611,,-8.99,7.6,24
,,CMi,120.461370,8.913991,63.7755,6.220,39271,66011,3144,,-1.32,24.2,4
,,Cnc,122.745360,14.629474,194.9318,6.220,40058,67959,3198,,-22.3,-16.78,24
,,Pup,123.968940,-30.925944,97.8474,6.220,40476,69445,3251,,-49.71,-12.32,6
,,Hya,131.528640,-11.006768,306.7485,6.220,43035,74860,3480,,-29.59,14.41,34
,,Lyn,132.634290,33.285052,28.3527,6.220,43410,75332,3499,,-62.22,-85.02,5
,,Car,146.482350,-58.793828,80.8407,6.220,47913,84850,3887,,-102.23,70.89,6
,,Car,154.013475,-59.903411,81.6993,6.220,50287,89263,4043,,-39.12,10.59,18
,,UMa,164.824500,51.882359,211.8644,6.220,53706,95057,4275,,-18.02,-3.85,-7
,,Cen,168.725520,-43.733703,244.4988,6.220,54929,97866,4364,,-16.5,1.89,9
,,Vir,174.600285,-2.435901,116.6861,6.220,56775,101154,4484,,-38.96,15.06,-15
,,UMa,179.221890,61.549213,177.3050,6.220,58259,103736,4569,,-30.51,-43.4,17
,,Cru,182.103060,-60.847128,862.0690,6.220,59200,105437,4622,,-3.72,0.23,10
,,Cru,188.873445,-61.841576,47.1698,6.220,61443,109492,4790,,-270.92,-73.27,6
,,Mus,189.718185,-67.193048,100000.0000,6.220,61703,109867,4806,,-4.58,-0.71,-16
,,CVn,205.162845,28.065165,166.6667,6.220,66725,119081,5145,,-69.82,9.89,-63
,,Vir,214.265790,-18.585700,125.6281,6.220,69792,124990,5344,,-5.27,-7.68,-12
,,Boo,215.778465,25.338173,36.5364,6.220,70310,126141,5387,,-156.53,63.8,-10
,,Boo,217.068510,36.197028,259.7403,6.220,70762,127065,5416,,-21.72,3.7,-18
,,UMi,225.990615,65.919714,151.0574,6.220,73706,133994,5629,,22.96,-9.2,-5
,,Ser,235.043115,12.052934,286.5330,6.220,76733,139862,5831,,-16.65,-8.22,-21
,,TrA,238.345560,-62.606583,193.7984,6.220,77817,141585,5884,,-5.22,-14.1,8
,,Sco,240.977925,-24.726312,162.8664,6.220,78699,143900,5973,,-4.22,5.95,26
,,Ara,250.764855,-46.070293,869.5652,6.220,81847,150421,6197,,-0.39,-3.89,-16
,,Ara,262.032795,-63.036240,255.7545,6.220,85480,157524,6471,,-9.86,-22.72,-3
,,Dra,262.681530,57.876824,389.1051,6.220,85692,159330,6540,,12.32,-13.83,-14
,,Her,265.841760,14.295168,120.3369,6.220,86732,161149,6604,,1.24,28.02,-42
,,Her,266.417640,31.504678,100000.0000,6.220,86925,161695,6619,,4.56,-2.27,2
,,Oph,267.084345,3.804215,264.5503,6.220,87150,161941,6633,,14.59,7.04,-44
,,Her,269.202180,45.350851,296.7359,6.220,87850,163990,6702,,15.41,-31.48,13
,,Sgr,270.000345,-20.339548,281.6901,6.220,88125,164028,6704,,1.83,-23.4,-8
,,Sgr,271.797300,-21.443938,719.4245,6.220,88760,165516,6762,,-0.26,-2.15,-9
,,Her,275.762205,16.688000,116.4144,6.220,90086,169223,6887,,-11.28,-14.12,15
,,CrA,278.253750,-39.892022,36.9822,6.220,90936,170773,6948,,86.32,-80.29,-16
,,Pav,281.349585,-56.881970,212.7660,6.220,92021,172781,7022,,-41.74,-20.91,69
,,Lyr,282.899550,28.783671,364.9635,6.220,92550,174881,7112,,0.93,4.73,-22
,,Aql,284.598765,6.239929,56.2114,6.220,93138,176095,7163,,-9.4,-107.16,-9
,,Vul,287.014665,21.698927,43.1220,6.220,93975,178476,7263,,45.27,75.28,-40
,,Dra,290.398050,76.559596,386.1004,6.220,95154,183556,,,-7.21,-0.79,4.8
,,Cyg,295.490070,40.254144,81.5661,6.220,96907,186307,7499,,-12.77,37.43,-32
,,Cyg,297.830730,47.377236,62.5000,6.220,97700,188074,7577,,14.06,17.41,-18
,,Sgr,298.573965,-23.941071,14.0489,6.220,97944,188088,7578,Gl 770,-122.67,-409.86,-5.1
,,Cyg,305.063415,39.403226,180.5054,6.220,100268,193702,7784,,-5.11,-22.79,-1
,,Del,309.478035,18.268580,116.8224,6.220,101810,196610,7886,,36.23,61.18,-66
,,Pav,309.965565,-62.907802,138.6963,6.220,101965,196317,7872,,32.33,-83.92,18
,,Peg,323.862645,24.452161,197.6285,6.220,106605,205541,8258,,11.99,-10.83,-28
,,Aqr,324.390660,-0.390562,112.8668,6.220,106758,205765,8263,,-22.89,-27.76,17
,,Ind,324.511770,-64.824167,180.5054,6.220,106818,205417,8249,,31.86,-9.21,-9
,,Tuc,338.970360,-57.883752,67.0241,6.220,111548,213884,8593,,87.98,-9.91,5
,,Phe,351.787905,-50.157244,140.2525,6.220,115759,220802,8910,,29.57,8.61,-1
,12Tau2Ser,Ser,233.040315,16.056169,143.8849,6.220,76069,138527,5770,,-2.87,6.76,-18
,16    Gem,Gem,96.986130,20.496320,142.4501,6.220,30769,45394,2330,,-29.05,12.91,39
,2    Lib,Lib,215.856780,-11.714043,102.6694,6.220,70336,126035,5383,,-7.19,-58.66,-1
,26    Psc,Psc,358.782465,7.070972,127.0648,6.220,117927,224103,9048,,21.77,-18.26,17
,26    Sgr,Sgr,280.465110,-23.833423,62.8931,6.220,91689,172546,7011,,30.77,-28.05,2
,27    Vir,Vir,190.393305,10.426270,62.8931,6.220,61937,110377,4824,,-106.08,0.71,9
,3    Psc,Psc,345.157950,0.185866,179.5332,6.220,113610,217428,8750,,47.78,10.71,-16
,97    Her,Her,270.625635,22.923230,233.6449,6.220,88346,164900,6741,,-2.99,-5.45,-36
,,Tuc,14.592510,-60.696239,171.2329,6.230,4563,5771,281,,42.11,23.33,7
,,Tuc,19.265460,-66.397854,94.2507,6.230,5992,7916,380,,53.04,15.04,13
,,Tri,39.277335,32.891092,49.8753,6.230,12200,16220,761,,82.8,30.7,0.2
,,Hor,40.860510,-66.714252,54.3478,6.230,12717,17326,823,,98.55,-80.68,-20
,,Per,43.337790,48.569955,540.5405,6.230,13462,17818,849,,3.57,-12.31,-1
,,Tau,66.752910,2.079409,105.3741,6.230,20771,28191,1400,,73.76,-61.95,21
,,Ori,82.837050,-6.708379,714.2857,6.230,25869,36430,1848,,1.62,1.13,23
,,Aur,85.175205,31.920607,595.2381,6.230,26718,37536,1939,,0.46,-4.28,5
,,Tau,85.831260,23.204372,253.8071,6.230,26964,37967,1961,,6.41,-15.78,16
,,Aur,90.729855,32.635697,47.5511,6.230,28644,40832,2122,,81.47,-211.58,34
,,Aur,91.391250,33.599050,214.5923,6.230,28861,41269,2139,,-3.68,-9.09,25
,,Mon,99.659115,1.613518,666.6667,6.230,31766,47432,2442,,0.12,-2.41,58
,,CMa,103.481055,-24.538756,163.1321,6.230,33126,50853,2578,,-4.22,1.44,27
,,Pup,104.323290,-35.507153,43.1034,6.230,33451,51825,2612,Gl 255A,-40.38,19.58,10.1
,,Pup,104.673885,-45.767593,120.1923,6.230,33590,52362,2626,,-13.64,-4.09,34
,,Mon,107.334375,-10.346565,632.9114,6.230,34536,54662,2694,,-0.64,3.68,58
,,CMa,107.539020,-18.685637,42.0875,6.230,34617,54958,2705,,11.68,-16.71,33
,,Mon,110.577465,-2.979175,161.2903,6.230,35737,57708,2807,,-0.72,-6.33,-15
,,Gem,112.196895,15.109822,224.7191,6.230,36340,59059,2858,,-7.54,-15.35,34
,,Gem,115.196595,13.771251,337.8378,6.230,37404,61630,2953,,-2.73,-7.88,5
,,Pup,117.370035,-13.352948,348.4321,6.230,38184,63655,3042,,-2.38,-10.94,-7
,,Lyn,118.920150,35.412684,58.9971,6.230,38723,64491,3083,,-56.04,-26.18,22
,,Lyn,128.139345,53.114848,58.0720,6.230,41894,71952,3351,,9.87,-74.13,44
,,Hya,148.632570,-22.487456,152.6718,6.230,48584,85905,3921,,-26.01,-1.32,9
,,Vel,151.257690,-51.313620,175.1313,6.230,49394,87652,,,-29.55,11.27,
,,LMi,152.066235,31.604053,61.2370,6.230,49658,87822,3979,,-79.91,-91.81,-8
,,Sex,152.824020,-7.316626,151.0574,6.230,49900,88372,4000,,13.22,-13.31,13
,,Hya,153.331035,-27.028891,144.7178,6.230,50066,88699,4011,,-55.56,35.83,18
,,Leo,171.973785,-1.699946,161.0306,6.230,55941,99651,4419,,-35.17,3.09,-10
,,Cen,173.926410,-61.287870,100000.0000,6.230,56550,100826,,,-7,1.54,-14.6
,,Hya,181.486125,-35.693926,232.5581,6.230,59008,105078,4612,,-34.61,2.77,-18
,,Mus,181.583040,-68.651405,100000.0000,6.230,59046,105138,4614,,-5.01,-1.62,6
,,Cen,182.881470,-51.359333,52.5762,6.230,59439,105920,4637,,-199.45,-63.75,26
,,Com,184.631715,30.249047,59.3824,6.230,60018,107054,4680,,76.6,-118.34,-18
,,Vir,186.964785,-4.615277,73.9098,6.230,60813,108506,4746,,-86.75,2.27,-12
,,Hya,213.305235,-26.612309,162.6016,6.230,69458,124281,5314,,13.08,-17.86,-10
,,Boo,213.598140,41.518757,45.7666,6.230,69569,124755,5335,,-22.87,-106.25,-10
,,Lup,232.588725,-41.919027,126.1034,6.230,75915,137919,,,-21.41,-26.18,
,,Lup,233.017470,-38.622543,53.6481,6.230,76063,138204,5751,,-51.08,-70.5,-1
,,TrA,250.701750,-62.553931,495.0495,6.230,81823,150097,,,-1.12,-8.71,
,,Cyg,289.901790,54.375987,157.9779,6.230,94974,181960,7351,,16.51,-28.46,-5
,,Cyg,300.313755,37.098996,255.7545,6.230,98563,189942,7655,,40.81,50.92,-16
,,Cyg,305.127660,53.595685,606.0606,6.230,100295,193944,7791,,2.17,-2.02,-4
,,Del,306.596475,17.315559,310.5590,6.230,100807,194688,7816,,4.49,-5.45,-17
,,Del,307.031415,8.437448,94.5180,6.230,100953,194937,7820,,40.75,16.94,-11
,,Dra,307.503000,72.531703,216.9197,6.230,101134,196142,7868,,-0.29,-24.44,-43
,,Aqr,309.805215,-2.412975,549.4505,6.230,101921,196712,7890,,8.02,3.31,-14
,,Ind,313.646265,-50.727341,278.5515,6.230,103206,198766,7992,,10.75,-15.93,-4
,,Cep,314.070870,56.887519,292.3977,6.230,103346,199661,8029,,4.68,4.94,-19
,,Cyg,319.123410,42.251787,221.7295,6.230,105034,202720,8138,,0.91,-15.73,8
,,Cap,325.806375,-19.620961,108.5776,6.230,107238,206546,8293,,83.15,-12.44,-25
,,Gru,333.660585,-41.381666,22.0507,6.230,109821,210918,8477,Gl 851.2,570.33,-791.08,-18.8
,,Aqr,339.592260,-7.897563,119.3317,6.230,111761,214448,8612,,71.26,-2.61,-17
,,Lac,342.542055,50.676917,413.2231,6.230,112761,216206,8692,,3.72,-1.03,-9
,,Scl,356.121105,-26.246631,68.7758,6.230,117107,222872,8999,,-54.25,-20.58,16
,,Aqr,358.336845,-24.229257,88.1057,6.230,117797,223884,9043,,51.64,-13.55,-3
,101    Psc,Psc,23.943510,14.661422,476.1905,6.230,7436,9766,455,,3.89,-7.61,-16
,11    Boo,Boo,210.293700,27.386594,90.9918,6.230,68478,122405,5263,,-79.26,18.99,-24
,113    Tau,Tau,81.523845,16.700161,179.5332,6.230,25410,35532,1798,,0.35,-5.07,31
,78    Psc,Psc,17.005515,32.012130,41.3907,6.230,5319,6680,327,,203.71,-25.62,14
,81    Aqr,Aqr,345.348510,-7.061153,151.7451,6.230,113674,217531,8757,,-16.16,-7.84,-2
,,Cas,0.857145,63.640520,763.3588,6.240,274,225094,9097,,-3.27,-1.83,-43
,,Peg,2.217210,25.462985,138.5042,6.240,716,417,19,,104.61,54.77,15
,,And,3.349680,26.987545,131.4060,6.240,1076,895,40,,-15.68,-32.71,-13
,,Cet,6.590625,-18.693632,483.0918,6.240,2086,2268,,,21.65,-12.07,-0.3
,,Cep,17.301150,80.011579,135.3180,6.240,5412,6473,312,,-30.97,-39.96,-27
,,Psc,18.247800,30.064229,116.0093,6.240,5679,7229,356,,21.88,-32.33,36
,,Cet,24.407100,-9.403782,40.3877,6.240,7580,10009,466,,249.38,111.02,48
,,Ari,30.927540,18.253238,272.4796,6.240,9627,12594,609,,-8.65,-20.79,10
,,Hor,38.477550,-51.093546,58.1058,6.240,11925,16170,755,,-8.66,-20.61,-8
,,Cet,45.467925,5.336151,119.6172,6.240,14104,18832,908,,43.23,19.71,-59
,,Tau,63.394035,10.212458,132.2751,6.240,19720,26676,1307,,26.34,-25.19,3
,,Tau,68.387700,18.016722,134.2282,6.240,21251,28867,1442,,12.44,-16.74,15
,,Cae,70.934460,-41.064788,226.7574,6.240,21998,30202,1518,,11.21,10.47,-4
,,Ori,77.741775,-2.254114,46.7946,6.240,24130,33555,1685,,85.61,-150.55,64
,,Ori,81.509850,-5.518501,204.0816,6.240,25401,35640,1806,,7.48,1.11,18
,,Ori,83.516205,-1.035726,310.5590,6.240,26106,36779,1873,,2.94,-2.89,4
,,Ori,83.842980,-4.424320,408.1633,6.240,26234,37016,1891,,-0.48,1.52,31
,,Ori,86.511945,-4.268484,111.4827,6.240,27212,38495,1986,,9.51,-68.35,-46
,,Cam,89.395740,66.096099,149.7006,6.240,28205,39429,2041,,49.05,-12.13,-22
,,Ori,94.668135,9.047183,98.8142,6.240,29982,43821,2259,,1.35,-41.96,-14
,,Mon,96.009510,8.885014,348.4321,6.240,30448,44783,2300,,-10.76,-9,3
,,Col,96.375015,-35.064153,168.3502,6.240,30566,45383,2329,,0.11,-46.15,19
,,Gem,97.116900,16.238386,68.9180,6.240,30815,45506,2340,,-91.15,-48.56,41
,,Aur,103.281570,44.839941,92.6784,6.240,33056,49949,2532,,5.44,-58.41,6
,,Pup,103.509495,-50.611600,54.1126,6.240,33139,51266,2594,,-55.72,222.66,44
,,CMa,111.212010,-19.012279,714.2857,6.240,35975,58439,2831,,-3.04,3.83,70
,,Mon,112.713060,-5.226494,584.7953,6.240,36526,59669,2876,,-6.36,-3.18,17
,,Pyx,134.815935,-28.806017,167.2241,6.240,44130,77087,3585,,-43.82,25.19,25
,,UMa,141.434085,63.940939,363.6364,6.240,46247,80953,3722,,-12.55,-35.58,7
,,Hya,152.485365,-12.095305,84.8176,6.240,49802,88182,3988,,-1.7,-17.76,-14
,,Vel,155.919360,-41.953189,72.8863,6.240,50903,90170,4087,,-112.88,12.62,22
,,Hya,160.630725,-13.974514,254.4529,6.240,52391,92770,4190,,-14.89,12.54,-9
,,Car,168.014865,-58.423355,242.7184,6.240,54708,97451,,,-49.73,-0.76,
,,Cen,169.300080,-38.014367,72.6744,6.240,55130,98161,4372,,-71.63,9.26,-3
,,Crt,172.948155,-20.776472,38.4911,6.240,56245,100219,4440,,-118.1,39.3,10
,,Crt,177.097860,-10.313105,43.0478,6.240,57587,102574,4529,,-105.9,-109.06,15
,,Vir,180.715260,-7.683623,223.7136,6.240,58741,104625,4598,,-34.25,16.22,-8
,,Cen,183.877155,-41.913278,123.1527,6.240,59785,106572,4658,,-337.63,-180.89,25
,,Cen,186.186375,-41.384289,190.1141,6.240,60549,107998,4718,,-67.26,-69.93,1
,,CVn,188.447550,33.384668,127.2265,6.240,61320,109345,4784,Gl 474,5.36,-10.9,-42.3
,,Cen,196.200990,-41.196322,364.9635,6.240,63820,113523,4938,,-17.23,-16.45,-33
,,Vir,210.982320,4.900973,59.7015,6.240,68707,122797,5275,,-9.97,-2.75,-23
,,Dra,220.513335,61.261916,40.6669,6.240,71876,129798,5492,,75.99,-29.54,-6
,,Lib,236.689275,-6.120355,228.8330,6.240,77287,140986,5866,,-11.94,1.26,-51
,,Oph,245.662110,-2.079870,130.8901,6.240,80227,147550,6096,,-7.82,-7.36,-16
,,Aps,259.148685,-74.533008,106.3830,6.240,84510,154972,6373,,-23.89,-52.4,-3.1
,,Oph,268.559040,11.130558,83.3333,6.240,87655,163151,6676,,-70.81,-163.11,-41
,,Her,274.532145,18.131691,202.4291,6.240,89684,168270,6852,,-3.17,2.61,-27
,,Tel,281.483310,-50.872715,373.1343,6.240,92072,173047,,,1.96,-15.2,
,,Aql,282.404970,0.836197,179.5332,6.240,92386,174240,7085,,13.75,-15.77,-40
,,Dra,283.442910,57.486557,177.6199,6.240,92731,175823,7153,,21.46,-15.6,-5
,,Tel,294.924090,-45.278550,111.7318,6.240,96721,185139,7461,,-24.76,6.13,8
,,Tel,295.077870,-54.417790,116.2791,6.240,96781,185075,7459,,76.43,-11.84,15
,,Dra,301.185480,63.890207,79.1766,6.240,98872,191174,7695,,2.98,37.47,-19
,,Sge,302.764755,21.134579,149.4768,6.240,99445,191814,7713,,23.15,31.2,-7
,,Vul,302.837565,21.874937,100000.0000,6.240,99479,191877,7716,,-4.71,-11.81,-18
,,Vul,304.381380,29.147563,127.0648,6.240,100018,193094,7760,,-9.15,22.1,-20
,,Sgr,306.720780,-37.402905,37.3274,6.240,100852,194433,7808,,-255.06,-114.25,23
,,Del,310.492350,17.521489,148.8095,6.240,102158,197249,7923,,16.52,43.1,-2
,,Aqr,312.321825,-0.563337,303.9514,6.240,102770,198272,,,-26.76,-25.36,9.9
,,Aqr,315.762600,1.532061,70.8215,6.240,103892,200375,8056,,-110.47,-53.03,7
,,Aqr,328.649640,-3.301272,59.2066,6.240,108144,208177,8363,,26.66,-33.04,-16
,,Aqr,329.729100,-4.373109,36.8868,6.240,108506,208801,8382,,-0.99,-252.83,-44
,,Cas,345.377985,57.105458,303.9514,6.240,113684,217673,8761,,-4.42,-7.1,-6
,,Scl,349.286475,-28.438273,751.8797,6.240,114969,219580,,,39.09,-99.84,
,,And,355.169175,36.720768,43.6681,6.240,116824,222451,8977,,234.51,23.57,-0.2
,,Cas,355.477335,57.259954,285.7143,6.240,116912,222618,8985,,6.78,-5.01,-12
,100    Aqr,Aqr,352.925175,-21.369457,76.1615,6.240,116118,221357,8932,,-1.02,-7.18,-8
,4    Sex,Sex,147.625335,4.343650,44.6628,6.240,48273,85217,3893,,-150.1,-50.91,17
,5    Tri,Tri,32.854245,31.526398,108.2251,6.240,10220,13372,634,,35.4,-10.16,11
,54    Ari,Ari,47.087955,18.795053,234.7418,6.240,14586,19460,940,,37.88,-14.33,43
,9    Gem,Gem,94.244610,23.740909,100000.0000,6.240,29840,43384,2240,,-0.02,-2.61,13
,9    Sge,Sge,298.090680,18.671875,100000.0000,6.240,97796,188001,7574,,-0.17,-10.45,9
,,And,0.432705,42.367144,374.5318,6.250,137,224906,9086,,5.11,-1.77,-11
,,Cet,0.739515,-20.045882,61.1621,6.250,238,225045,9095,,100.38,78.95,-4
,,Peg,1.233300,26.648764,200.0000,6.250,399,225276,9109,,112.32,-14.52,-5
,,Peg,3.732900,22.284225,140.8451,6.250,1193,1048,49,,45.06,-11,-15
,,Tuc,15.678750,-65.456102,265.9574,6.250,4879,6311,304,,8.53,3.68,35
,,Phe,22.377240,-46.756422,310.5590,6.250,6952,9184,435,,2.37,16.72,18
,,Cas,26.192340,57.089226,193.4236,6.250,8148,10587,502,,18.08,1.84,5
,,And,28.724070,40.702034,90.2527,6.250,8922,11613,551,,44.19,-68.47,32
,,Cas,33.337800,74.027721,145.5604,6.250,10350,13222,626,,47.07,-36.83,-37
,,Per,42.378075,57.084318,100000.0000,6.250,13178,17378,825,,-0.78,-1.53,-38
,,Eri,47.819700,-16.024967,165.5629,6.250,14814,19887,957,,-25.66,-11.14,-15
,,For,48.751125,-26.100459,199.6008,6.250,15125,20293,980,,-10.7,-21.75,-2
,,Per,49.007730,34.688513,60.9385,6.250,15204,20210,976,,41.49,-39.41,25
,,Eri,53.656125,-9.868261,137.3626,6.250,16677,22243,1091,,20.11,4.99,11
,,Cas,54.854550,75.739622,137.7410,6.250,17056,21970,1080,,-5.71,8.65,28
,,Cam,62.342520,54.828862,44.4444,6.250,19400,25948,1276,,71.89,-93.2,-5
,,Tau,63.457650,12.753701,99.4036,6.250,19736,26703,1310,,11.6,-16.6,48
,,Per,65.899215,42.427909,177.3050,6.250,20498,27650,1371,,21.03,-34.14,-12
,,Per,67.850415,40.010193,369.0037,6.250,21108,28503,1424,,0.83,-9.09,-12
,,Eri,67.857720,-13.644222,112.8668,6.250,21110,28763,1438,,-17.46,-42.03,-15
,,Ori,74.321625,-1.067258,84.3882,6.250,23041,31623,1591,,-36.3,-27.09,9
,,Ori,83.622030,-0.012345,294.1176,6.250,26149,36840,,,-4.53,-3.24,
,,Col,85.875735,-39.406908,52.7704,6.250,26981,38385,1981,,48.43,3.9,13
,,Mon,104.662140,7.622300,68.3060,6.250,33584,51693,2606,,-30.69,-21.19,-12
,,Gem,115.842420,22.399472,98.2318,6.250,37636,62141,2978,,-22.55,16.32,-3
,,Car,121.178895,-62.836347,367.6471,6.250,39530,67536,3186,,-5.6,11.37,
,,Mon,121.614225,-9.244457,307.6923,6.250,39675,67159,3174,,-5.84,5.19,28
,,Vel,128.376150,-46.970661,684.9315,6.250,41986,72900,3390,,-2.89,4.78,23
,,Vel,135.526650,-39.402164,122.5490,6.250,44367,77580,3602,,-41.54,38.38,18
,,Vel,138.810990,-45.555498,561.7978,6.250,45413,79900,3680,,-7.9,-2,33
,,Hya,142.385070,-4.246636,55.6483,6.250,46543,82074,3762,,-30.31,-52.7,-12
,,Hya,143.332935,-7.190204,124.8439,6.250,46893,82674,3805,,-62.19,-23.11,29
,,Dra,146.379015,78.134709,317.4603,6.250,47884,83550,3843,,8.96,-1.58,-27
,,Hya,152.147610,-15.611939,173.6111,6.250,49689,88025,3986,,-37.47,3.13,9
,,Ant,155.804745,-30.162263,55.4324,6.250,50868,90071,4083,,2.91,-11.72,-13
,,Car,158.552985,-60.987629,259.0674,6.250,51732,91767,4151,,-8.72,-0.22,-1
,,Car,161.083650,-70.859721,103.4126,6.250,52520,93344,4211,,-46.04,0.85,10
,,UMa,177.789630,33.375013,65.4879,6.250,57805,102942,4545,,-5.5,20.58,2
,,Cen,186.701400,-48.913191,26.6099,6.250,60729,108309,4734,,-642.01,-79.23,30
,,CVn,193.554570,33.534480,77.3994,6.250,62972,112171,4904,,-89.66,31.32,5
,,Cam,198.106050,80.471309,207.9002,6.250,64437,115337,5009,,-6.34,11.27,-11
,,Boo,210.903195,7.546170,142.0455,6.250,68687,122744,5274,,-38.49,-17.43,-20
,,Boo,214.136865,20.121848,32.6264,6.250,69751,125040,5346,,-135.94,-93.79,-8
,,Vir,215.813685,1.241569,17.1910,6.250,70319,126053,5384,Gl 547,223.66,-477.48,-18.9
,,Cir,227.356365,-63.642930,181.4882,6.250,74181,133792,5623,,-10.77,-20.19,12
,,TrA,240.718800,-62.541590,98.6193,6.250,78603,143238,5951,,-30.89,-26.69,4
,,Her,247.761600,35.225066,312.5000,6.250,80888,149084,6157,,-9.01,-16.75,24
,,Oph,250.143825,-20.408649,137.7410,6.250,81632,150259,6190,,15.83,28.4,33
,,Oph,250.298100,-1.000312,48.8998,6.250,81687,150451,6201,,20.31,-11.49,-12
,,Oph,253.544190,-1.612304,76.6284,6.250,82693,152569,6277,,9.62,-80.15,-20
,,Her,259.399395,23.090627,438.5965,6.250,84599,156593,6430,,-2.93,-4.78,-15
,,Her,261.112995,36.951929,230.4147,6.250,85181,157910,6491,,-25.17,44.63,-16
,,Oph,264.785430,2.028050,112.9944,6.250,86391,160315,6575,,45.38,-22.53,-0.9
,,Dra,267.542100,78.306539,261.7801,6.250,87293,164428,6717,,3.3,9.56,-7
,,Lyr,279.887640,40.935059,271.7391,6.250,91491,172671,7017,,14.79,-1.26,-9
,,Sgr,285.407250,-22.695364,621.1180,6.250,93423,176537,7182,,3.9,0.65,-14
,,Aql,285.589860,8.373539,373.1343,6.250,93488,176981,7208,,9.69,3.96,-9
,,Lyr,289.754805,37.445346,190.8397,6.250,94932,181470,7338,,5.56,13.75,-14
,,Sgr,290.404635,-19.234446,239.8082,6.250,95159,181558,7339,,0.8,-11.46,-23
,,Aql,292.325115,0.246080,196.8504,6.250,95812,183387,7404,,12.46,-10.38,-60
,,Cyg,294.893895,45.957439,126.4223,6.250,96706,185955,7487,,11.67,24.31,-10
,,Cyg,295.466745,50.517523,21.2134,6.250,96901,186427,7504,Gl 765.1B,-135.15,-163.53,-28.1
,,Aql,297.823875,9.629887,89.6057,6.250,97697,187753,7562,,7.38,-21.73,21
,,Aql,303.146355,0.867054,180.5054,6.250,99585,191984,7717,,2.1,-19.81,-19
,,Mic,310.231755,-42.396689,164.2036,6.250,102057,196748,,,15.08,11.05,
,,Mic,315.792450,-27.731594,292.3977,6.250,103902,200245,8050,,35.15,-36.35,-30
,,Peg,323.829600,28.197607,71.1238,6.250,106595,205539,8257,,138.92,-33.22,-42
,,Cyg,327.034995,36.580388,177.9359,6.250,107637,207446,8336,,-23.83,-5.96,-31
,,Cep,346.948920,63.633466,409.8361,6.250,114212,218537,8808,,6.87,-2.08,-19
,,And,350.183745,44.116167,75.2445,6.250,115261,220105,8884,,-9.59,-36.84,-2
,,And,353.429130,45.058100,183.8235,6.250,116292,221661,8941,,0.09,11.21,7
,10    Per,Per,36.316785,56.609823,100000.0000,6.250,11279,14818,696,,-0.39,-0.65,-46
,11    CVn,CVn,192.174255,48.466838,137.5516,6.250,62516,111421,4866,,-63.99,10.73,-2
,12    Cnc,Cnc,122.176860,13.640917,80.0000,6.250,39874,67483,3184,,2.56,-13.08,-10
,15    CVn,CVn,197.425140,38.533885,370.3704,6.250,64217,114376,4967,,-14.76,6.16,-6
,25    Lyn,Lyn,118.621950,47.385982,246.9136,6.250,38623,64106,3065,,-16.08,3.55,-63
,27    Cap,Cap,317.387475,-20.556661,51.5996,6.250,104452,201352,8091,,118.49,-135.59,-43
,33    Sex,Sex,160.350780,-1.741491,36.8189,6.250,52316,92588,4182,,-136.88,-119.1,43
,41    Vir,Vir,193.457130,12.418416,60.9013,6.250,62933,112097,4900,,63.35,-35.13,-10
,42    Psc,Psc,5.606175,13.482488,153.8462,6.250,1772,1796,86,,63.78,22.35,3
,48Psi Aql,Aql,296.142465,13.302783,310.5590,6.250,97139,186547,7511,,1.78,-10.82,-18
,53    Cnc,Cnc,133.119120,28.259159,271.7391,6.250,43575,75716,3521,,-18.03,-7.03,11
,61    Cnc,Cnc,134.494425,30.233826,55.5247,6.250,44031,76572,3563,,46.26,27.51,8
,Tau Pav,Pav,289.119180,-69.190825,194.5525,6.250,94724,179009,7274,,7,-28.72,-18
Gumala,,Sgr,288.888420,-24.179352,27.5482,6.250,94645,179949,7291,,114.78,-101.81,-26
Marsic B,7Kap Her,Her,242.020650,17.054382,645.1613,6.250,79045,145000,6009,,-20.63,-29.4,38
,,Phe,7.179480,-50.532859,125.3133,6.260,2256,2529,111,,159.44,-5.33,6
,,And,8.204535,28.280241,158.4786,6.260,2583,2942,134,,-4.2,6.08,-12
,,Cet,20.144055,-3.246990,137.1742,6.260,6283,8120,387,,-1.93,4.32,-3
,,Phe,21.174660,-44.528575,259.0674,6.260,6595,8681,411,,-10.09,-19.4,-10
,,Tri,37.569165,33.833707,119.6172,6.260,11651,15464,726,,69.98,-55.58,7
,,Cet,40.065390,6.111944,40.3226,6.260,12447,16647,783,,51.42,-3.79,18
,,Cas,42.231285,69.634290,64.7668,6.260,13133,17138,815,,2.89,37.47,-39
,,Hyi,56.348790,-71.658132,143.2665,6.260,17543,24188,,,21.15,42.99,2
,,Per,56.954265,32.195415,48.0077,6.260,17732,23626,1164,,-23.69,-34.29,-4
,,Pic,76.252530,-54.407401,253.1646,6.260,23653,33116,1667,,-0.01,6.54,105
,,Men,76.538625,-73.037673,134.9528,6.260,23737,33875,1700,,17.48,62.26,8
,,Col,84.042885,-28.708015,52.7983,6.260,26309,37286,1915,,25.52,-3.92,22
,,Cam,84.316830,66.696692,77.7605,6.260,26410,36496,1853,,-19.69,-9.45,-15
,,Pup,92.144295,-44.356212,227.2727,6.260,29129,42448,2187,,-9.74,6.65,17
,,Pic,96.232515,-63.828144,224.2152,6.260,30524,45796,2360,,-5.39,12.22,-1
,,Mon,96.304170,7.085713,826.4463,6.260,30541,44990,2310,,2.85,-1.49,32
,,Col,97.895610,-36.940027,220.7506,6.260,31099,46431,2393,,1.54,69.73,54
,,Gem,98.077275,17.784349,80.2568,6.260,31158,46136,,,36.43,25.96,0.4
,,Cam,99.479760,73.695636,35.9583,6.260,31703,45947,2365,,-169.55,2.65,6
,,CMa,100.691865,-22.448590,54.3183,6.260,32144,48501,2481,,-54.07,100.9,44
,,Gem,104.356620,11.907554,943.3962,6.260,33465,51330,2597,,0.63,-3.14,9
,,Car,104.665725,-55.729122,88.3392,6.260,33588,52603,2634,,-64.14,-80.9,-1
,,CMa,104.913555,-21.602884,393.7008,6.260,33666,52273,2623,,-2.93,4.87,33
,,Pup,112.008030,-26.838974,350.8772,6.260,36264,59235,,,11.75,9.03,
,,Lyn,122.346060,42.430609,204.4990,6.260,39938,67370,3181,,-10.93,-73.67,38
,,Lyn,124.565820,54.143696,258.3979,6.260,40677,69149,3246,,-21.3,-29.62,25
,,Cnc,128.437695,13.257311,105.0420,6.260,42010,72505,3376,,-32.22,-47.59,28
,,Car,130.586895,-55.774557,99.7009,6.260,42717,74622,3471,,-73.99,41.57,75
,,Vel,133.830030,-45.041670,370.3704,6.260,43807,76566,3562,,-13.12,8.39,22
,,Hya,142.457805,-23.345342,411.5226,6.260,46569,82180,3767,,-3.86,-1.1,0.3
,,Leo,143.496435,23.453919,154.5595,6.260,46938,82670,3804,,-43.63,-82.74,-6
,,Car,161.113200,-72.443498,32.1234,6.260,52535,93372,4213,,-151.58,53.25,19
,,Car,161.571210,-60.602872,120.3369,6.260,52679,93502,4217,,-43.82,8.38,8
,,Car,163.338225,-58.893453,349.6503,6.260,53231,94491,,,-13.23,3.27,-11
,,Mus,169.902360,-75.142452,160.5136,6.260,55308,98672,4387,,-23.94,-0.91,23
,,Cen,176.302680,-49.069843,120.0480,6.260,57322,102150,4516,,-22.97,10.87,4
,,Cen,179.183130,-47.072379,48.4966,6.260,58242,103746,4570,,-126.5,23.1,8
,,Crv,188.342715,-19.792549,130.8901,6.260,61270,109238,4778,,-30,-25.79,5
,,Mus,189.982845,-66.511138,114.2857,6.260,61796,110020,4814,,-34.25,-6.57,-3
,,Cen,192.581250,-48.459543,187.6173,6.260,62655,111519,4871,,-48.03,6.71,-17
,,Cen,193.102485,-53.829931,549.4505,6.260,62821,111790,4882,,-17.41,-1.66,-23
,,Vir,200.173200,2.942290,135.5014,6.260,65119,115995,5031,,-62.29,-11.23,-4
,,Dra,217.928505,60.225636,117.0960,6.260,71040,127929,5437,,-48.41,19.68,-19
,,Ser,231.471960,19.480707,41.2541,6.260,75535,137510,5740,,-53.07,-7.23,-3
,,Lib,233.289660,-24.490433,96.7118,6.260,76143,138488,5765,,-29.9,-37.28,-8
,,Lup,234.047355,-33.092806,106.4963,6.260,76395,138923,5790,,-20.35,-24.51,-4
,,Ser,238.916055,18.620745,490.1961,6.260,77995,142763,5931,,-7.84,-10.67,-42
,,Oph,243.235770,-4.220809,164.4737,6.260,79463,145788,6041,,-29.74,-19.79,-16
,,Ara,255.447450,-58.958245,431.0345,6.260,83323,153261,6304,,-2.65,-7.58,-6
,,Oph,256.721775,-26.513022,328.9474,6.260,83740,154481,6354,,-2.72,-12.71,-24
,,Ara,263.895825,-59.846115,440.5286,6.260,86088,158895,6525,,-4.26,-7.29,-9
,,Sco,264.362160,-38.066364,884.9558,6.260,86246,159633,6557,,0.16,-2.76,12
,,Ara,269.428065,-56.896252,900.9009,6.260,87928,163071,,,-2.49,-11.71,-5.3
,,Her,270.787020,48.464269,164.7446,6.260,88415,165358,6753,,21.37,13.43,-13
,,Oph,279.964995,7.358598,147.4926,6.260,91523,172424,7010,,-2.13,-45.82,-41
,,Dra,281.230815,54.897184,298.5075,6.260,91985,173920,7071,,9.77,-1.94,7
,,Cyg,292.695135,36.228503,193.0502,6.260,95953,183986,7419,,0.69,-12.03,11
,,Tel,301.896180,-55.016012,23.4302,6.260,99137,190422,7674,,19.16,36.22,13
,,Tel,305.421465,-49.999416,31.0174,6.260,100412,193307,7766,GJ 9691,-359.84,-250.36,17.9
,,Cyg,312.178080,51.910331,222.7171,6.260,102712,198513,7978,,6.42,2.39,-25
,,Ind,315.180915,-53.739070,232.0186,6.260,103693,199642,,,13.28,-22.98,
,,Lac,331.463415,48.231494,100000.0000,6.260,109082,209961,8427,,-1.62,-4.33,-18
,,Peg,336.419580,18.444316,194.1748,6.260,110696,212670,8543,,28.67,28.9,22
,,Cep,338.319930,70.373714,125.7862,6.260,111325,214019,8598,,40.26,13.37,-19
,,Aqr,352.383675,-4.532747,47.3037,6.260,115953,221148,8924,,179.73,-231.95,-25
,,Cas,355.361625,49.512413,228.8330,6.260,116876,222570,8981,,-14.01,-19.5,-6
,,Scl,359.283975,-26.623446,296.7359,6.260,118076,224350,9058,,54.18,21.09,-12
,108    Tau,Tau,78.865230,22.284858,214.5923,6.260,24512,34053,1711,,-9.97,-6.64,-11
,13    Leo,Leo,145.410360,25.912876,169.2047,6.260,47550,83821,3853,,-18.68,-32.63,-26
,20    Cap,Cap,314.900580,-19.035283,164.2036,6.260,103616,199728,8033,,8.84,-20.76,-10
,54    Vir,Vir,198.361815,-18.826406,194.1748,6.260,64520,114846,4990,,-21.28,-10.45,-41
,55    Dra,Dra,287.440845,65.978513,93.4579,6.260,94140,179933,7290,,3.95,28.69,-22
,74    Peg,Peg,354.415575,16.825495,112.7396,6.260,116592,222098,8960,,132.08,-3.6,-26
,8    Com,Com,184.829970,23.034673,85.6898,6.260,60087,107168,4685,,-13.09,-9.17,1
,9    Psc,Psc,351.811635,1.122609,112.9944,6.260,115768,220858,8912,,46.55,-31.92,-7
,The Pic,Pic,81.192870,-52.316245,157.2327,6.260,25303,35860,1818,,-5.18,-27.66,-3
,,Cet,12.389295,-23.362144,234.1920,6.270,3858,4772,232,,-12.25,-14.18,12
,,Cas,13.448205,52.689293,88.4173,6.270,4212,5128,250,,75.18,-21.03,-1
,,Cep,19.129215,79.910013,72.6216,6.270,5947,7238,357,,-48.26,59,-43
,,And,21.776280,34.377552,40.7997,6.270,6776,8774,415,,160.89,-10.75,15
,,Phe,23.151570,-49.727713,77.5795,6.270,7189,9544,447,,-28.24,-73.47,2
,,Psc,31.551090,8.248114,248.1390,6.270,9809,12872,614,,-14.16,-11.55,-26
,,Per,41.742975,35.983523,139.6648,6.270,12982,17228,819,,53.1,-4.07,21
,,Eri,61.485450,-8.856105,76.2777,6.270,19121,25910,1272,,22.85,-8.62,28
,,Eri,72.426030,-13.769669,33.8066,6.270,22439,30743,1545,,-119.98,-172.43,-3
,,Aur,83.409240,34.725570,137.3626,6.270,26071,36499,1854,,-14.6,-14.11,-6
,,Tau,83.981250,27.662347,236.9668,6.270,26291,36859,1878,,-27.05,-31.47,-9
,,Lep,92.446440,-26.701086,145.9854,6.270,29233,42486,2192,,-17.97,13.09,-14
,,Ori,94.757670,17.325259,260.4167,6.270,30019,43819,2258,,-8.68,-4.8,
,,CMa,95.942265,-15.071257,448.4305,6.270,30420,44891,2303,,0.07,1.77,37
,,Pup,104.190420,-35.341334,193.7984,6.270,33394,51682,2604,,-2.37,5.52,18
,,Pup,113.304840,-40.058522,235.2941,6.270,36728,60559,2907,,-15.99,5.72,14
,,Mon,114.069570,-8.311302,226.7574,6.270,37000,60853,2920,,46.4,3.17,5
,,Pup,122.448735,-42.640803,294.1176,6.270,39974,68242,3205,,-8.72,8.41,12
,,Vel,138.327780,-42.273290,164.7446,6.270,45242,79524,3668,,-14.21,62.43,29
,,Vel,140.855715,-48.286942,775.1938,6.270,46045,81347,,,-12.14,6.22,20
,,Hya,142.259580,-1.256913,79.1139,6.270,46504,81980,3758,,-62.64,1.22,0.4
,,Car,142.887660,-66.719026,189.0359,6.270,46737,82858,3813,,-17.93,7.78,4
,,UMa,147.598470,65.593226,84.9618,6.270,48266,84812,3885,,-58.5,-28.38,-7
,,Hya,149.195205,-26.549672,67.5219,6.270,48763,86266,3931,,-77.4,29.7,11
,,Ant,151.313670,-36.384381,140.2525,6.270,49418,87606,3972,,-6.96,-12.19,28
,,Leo,161.060625,19.758834,66.9344,6.270,52513,92941,4197,,-116.65,-20.6,5
,,Cen,168.042555,-46.266761,90.0090,6.270,54718,97413,,,-51.71,5.58,
,,Cam,181.118745,85.587132,72.7273,6.270,58874,104904,4606,,-55.16,90.97,8
,,UMi,183.836055,87.700115,46.9484,6.270,59767,107192,4686,,-27.15,51.95,-4
,,Vir,191.889270,-6.301752,70.0280,6.270,62421,111199,4856,,5.27,-42.22,13
,,Cen,201.836070,-49.381291,800.0000,6.270,65630,116862,5063,,-3.74,-2.87,-6
,,Boo,210.884790,10.786779,16.9837,6.270,68682,122742,5273,Gl 538,85.26,-304.04,-11.6
,,UMi,218.410665,79.660427,137.9310,6.270,71196,129245,5479,,-100.01,83.97,-23
,,Boo,221.307120,32.788346,248.1390,6.270,72124,130084,5510,,44.78,-67.68,30
,,Lib,222.963780,-18.355325,223.7136,6.270,72702,131027,,,-13.17,-1.2,-21.9
,,Lup,226.558065,-36.264599,288.1844,6.270,73901,133550,5615,,-23.58,-5.68,-37
,,Cir,228.254265,-61.743780,100000.0000,6.270,74470,134468,5645,,-4.82,-6.5,-31
,,TrA,230.168985,-67.481526,306.7485,6.270,75091,135737,5684,,-6.32,-10.16,-4
,,Ser,241.408080,8.096248,132.9787,6.270,78840,144426,5992,,7.55,0.79,-21
,,Dra,247.867830,72.612338,143.8849,6.270,80920,150010,6180,,-36.92,55.72,-33
,,Oph,254.266590,-19.539856,177.6199,6.270,82951,152909,6294,,-18.97,-7.04,-27
,,Her,255.387720,14.949717,162.8664,6.270,83308,153882,6326,,5.82,-1.13,-32
,,Ara,259.877145,-50.063762,59.0319,6.270,84759,156331,6423,,7.16,-32.33,11
,,Her,276.243585,27.394783,117.5088,6.270,90256,169718,6904,,1.65,-14.35,-29
,,Sct,277.559565,-5.724169,140.4494,6.270,90692,170547,6940,,-2.22,-16.89,27
,,Oct,280.559880,-81.808114,165.0165,6.270,91723,169904,6912,,14.62,-16.78,-6
,,Sct,283.257540,-9.575521,99.6016,6.270,92674,174866,7110,,22.5,15.5,-48
,,CrA,284.309625,-43.917012,215.9827,6.270,93049,175395,,,-0.13,-27.6,
,,Cyg,288.829905,50.071127,134.5895,6.270,94623,180756,7311,,-6.87,3.79,6
,,Sgr,293.889420,-12.253114,102.7749,6.270,96365,184574,7433,,-7.74,-19.87,6
,,Vul,295.983225,27.135398,757.5758,6.270,97091,186518,7508,,0.73,-3.35,-12
,,Tel,297.229515,-52.888109,284.9003,6.270,97491,186756,7521,,15.47,-47.93,-21
,,Sgr,299.735070,-30.538384,58.8582,6.270,98351,188981,7617,,86.05,-59.89,-51
,,Pav,304.762515,-63.230744,130.7190,6.270,100165,192531,7732,,-8.78,-74.36,-8
,,Tel,305.134635,-55.050882,282.4859,6.270,100300,193002,7758,,11.56,-32.4,-9
,,Del,316.890180,15.658657,147.7105,6.270,104281,201196,8088,,47.42,-57.48,-34
,,Aqr,317.695575,-9.354074,103.6269,6.270,104557,201567,8096,,116.83,-58.64,-40
,,Peg,318.369945,15.982395,87.6424,6.270,104771,202128,8116,,36,-22.94,-30
,,Cyg,323.324520,45.854014,408.1633,6.270,106420,205349,8248,,-2.34,-3.98,-5
,,Peg,327.361950,20.462446,358.4229,6.270,107734,207563,8341,,1.69,0.83,-12
,,Peg,328.075755,21.273162,274.7253,6.270,107956,207932,8350,,15.89,24.52,-22
,,Aqr,345.346020,-22.790891,120.7729,6.270,113673,217498,8756,,28.41,-25.13,-12
,109    Psc,Psc,26.232615,20.083149,32.5733,6.270,8159,10697,508,,-45.05,-105.39,-44
,2    Sge,Sge,291.091965,16.937722,112.1076,6.270,95398,182490,7369,,-5.95,-14.08,12
,36    Sex,Sex,161.289405,2.487970,147.0588,6.270,52584,93102,4201,,-48.56,-23.87,11
,45    Peg,Peg,341.367405,19.366561,113.3787,6.270,112358,215510,8660,,-26.07,58.04,-22
,57    Her,Her,254.379360,25.352841,169.4915,6.270,82987,153287,6305,,8.05,15.85,9
,6    Sgr,Sgr,270.346335,-17.156868,806.4516,6.270,88258,164358,6715,,-1.64,-6.68,-22
,65    Dra,Dra,300.584100,64.634419,110.4972,6.270,98658,190713,7682,,41.93,11.18,9
,88    Leo,Leo,172.937295,14.364505,23.3263,6.270,56242,100180,4437,GJ 3669A,-327.88,-188.71,-4.2
,,Phe,0.079500,-44.290561,81.3670,6.280,25,224750,9077,,58.36,-108.64,3
,,And,7.236090,36.899694,162.0746,6.280,2270,2507,110,,-4.42,-2.76,10
,,Phe,12.236370,-46.697648,129.5337,6.280,3807,4737,229,,-10.56,20.81,12
,,Cas,13.771710,48.678520,207.4689,6.280,4298,5273,256,,-23.51,-11.56,-52
,,Scl,15.823770,-29.525848,130.0390,6.280,4932,6269,300,,-102.77,-31.82,57
,,Psc,16.546665,32.181485,172.7116,6.280,5175,6476,,,7.38,-23.53,27.5
,,And,20.906025,34.245887,56.6572,6.280,6512,8375,396,,231.92,117.55,3
,,Per,28.211370,51.474836,129.5337,6.280,8771,11335,538,,-13.61,-6.84,6
,,And,28.740225,37.128290,163.6661,6.280,8930,11624,552,,37.21,-18.49,-2
,,For,38.061480,-36.427307,144.3001,6.280,11802,15889,742,,57.14,12.5,13
,,Per,41.764920,35.554680,50.6073,6.280,12990,17240,820,,-39.11,-54.84,-4
,,Cet,47.161635,8.471069,112.2334,6.280,14607,19525,942,,-3.4,73.32,38
,,Dor,66.051075,-57.071337,27.7008,6.280,20552,28255,1405,GJ 9155A,-104.32,-73.73,-5.2
,,Cam,66.753615,57.585290,228.3105,6.280,20772,27855,1382,,7.47,-16.75,-1
,,Tau,67.779960,15.105037,167.7852,6.280,21082,28595,,,42.72,-52.75,40.3
,,Eri,69.212220,-30.716779,127.3885,6.280,21486,29435,1476,,-13.58,6.65,15
,,Men,73.273785,-72.407680,32.4465,6.280,22717,31975,1606,,-46.17,270.71,25
,,Dor,84.229095,-66.560287,234.1920,6.280,26368,37935,1960,,-6.11,10.81,20
,,Aur,87.857295,32.124694,183.8235,6.280,27661,39045,2018,,7.44,-0.97,103
,,Ori,88.897365,-4.788587,102.0408,6.280,28019,39927,2071,,-13.93,-29.49,-14
,,Cam,91.288860,75.585919,240.9639,6.280,28831,40055,2078,,10.97,-9.99,4
,,Pup,92.666370,-45.281988,232.0186,6.280,29304,42834,2211,,-1.09,7.78,20
,,Aur,92.941305,52.647186,102.9866,6.280,29404,42083,2172,,4.06,-73.13,11
,,Dor,97.512540,-65.568242,96.8054,6.280,30973,46730,2408,,1.09,59.75,6
,,Gem,100.341420,16.397650,276.2431,6.280,32020,47863,2457,,-4.72,-4.24,22
,,Pup,100.568265,-38.398791,82.9187,6.280,32091,48543,2482,,-15.02,3.33,63
,,Lyn,101.047905,53.295939,78.3085,6.280,32261,47979,2463,,34.68,-200.98,19
,,Mon,103.894230,8.324285,85.4701,6.280,33297,50931,2584,,-23.05,-1.88,20
,,CMa,105.177135,-28.489574,68.6813,6.280,33760,52619,2637,,-23.42,-41.48,10
,,CMi,113.520690,10.568076,135.5014,6.280,36796,60275,2893,,-30.67,-15.31,-3
,,Pup,119.094675,-30.284570,341.2969,6.280,38792,65183,3099,,-1.53,-14.44,21
,,Car,120.381570,-55.454655,201.6129,6.280,39238,66607,3161,,-15.41,7.45,6
,,Pup,120.873375,-42.948327,248.1390,6.280,39420,66812,3166,,-18.55,-2.68,14
,,Cnc,124.381875,8.866310,269.5418,6.280,40617,69478,3252,,-13.49,-6.5,29
,,Pup,125.820555,-38.286079,334.4482,6.280,41107,70946,3296,,0.59,-6.17,-9
,,Cam,126.137895,82.430759,186.2197,6.280,41208,67934,3197,,-19.31,-25.9,-21
,,Vel,128.621895,-37.611169,408.1633,6.280,42070,72993,3399,,-11.49,10.84,23
,,Cnc,133.845330,17.231276,342.4658,6.280,43811,76221,3541,,-3.18,6.44,-1
,,Vel,139.885335,-55.186471,100000.0000,6.280,45742,80781,3717,,-12.61,8.23,13
,,Ant,148.241865,-27.332172,53.8503,6.280,48468,85725,3916,,-278.14,95.43,23
,,Ant,153.011895,-28.605956,152.6718,6.280,49967,88522,4003,,-39.83,-0.34,18
,,Cen,166.523925,-51.212920,124.5330,6.280,54264,96407,4318,,-0.53,-72.33,53
,,Cen,172.812705,-61.278463,100000.0000,6.280,56201,100198,4438,,-6.41,2,-4
,,UMa,175.431270,55.172011,267.3797,6.280,57045,101604,4500,,-19.67,7.28,-7
,,Crv,180.175935,-21.837501,176.0563,6.280,58574,104307,4588,,-8.9,-8.43,4
,,UMa,205.089210,57.207606,91.0747,6.280,66700,119213,5153,,-50,26.54,-0.2
,,CVn,210.550755,45.753457,170.0680,6.280,68567,122675,5271,,28.71,-78.23,-49
,,Vir,211.155945,2.297531,120.1923,6.280,68776,122910,5283,,-38.82,0.9,-29
,,Boo,216.371460,38.393053,172.4138,6.280,70517,126597,5402,,5.95,-19.27,25
,,Hya,224.307120,-29.157678,151.5152,6.280,73171,131919,5565,,-17.32,-29.41,8
,,Lib,228.710820,-5.502555,367.6471,6.280,74623,135367,5669,,-28.02,6.97,-27
,,Lib,232.930875,-20.164922,87.1080,6.280,76033,138268,5756,,-70.67,-31.33,-40
,,Sco,253.495230,-41.994327,952.3810,6.280,82669,152235,6261,,-0.21,-2.33,-36
,,Sco,256.272390,-45.502127,98.6193,6.280,83594,154025,6331,,-27.02,-34.53,-5
,,Oph,259.580295,-16.311877,252.5253,6.280,84649,156462,6428,,1.44,10.45,-40
,,Oph,260.713695,-2.388176,19.5236,6.280,85042,157347,6465,,49.94,-107.54,-35
,,Ara,265.515075,-50.510703,369.0037,6.280,86628,160342,6576,,2.19,-15.02,-27
,,Oph,269.233230,6.487730,194.1748,6.280,87866,163641,6690,,19.79,-1.65,-14
,,Sco,269.490795,-39.136523,126.7427,6.280,87948,163433,6683,,-8.62,-23.2,-1
,,Her,270.238635,15.093550,44.5633,6.280,88217,164507,6722,,-50.98,-99.34,4
,,Sct,276.175530,-7.075936,95.0570,6.280,90238,169370,6892,,134.9,-26.17,-25
,,Sgr,277.025700,-26.757245,80.3859,6.280,90510,169938,6914,,-8.64,-35.91,-30
,,Dra,280.793115,70.792849,191.9386,6.280,91811,174205,7082,,5.61,-5.3,-5
,,Lyr,283.030215,41.383244,492.6108,6.280,92599,175132,7118,,-4.18,-1.52,-23
,,Sgr,283.117980,-26.650770,113.6364,6.280,92635,174630,7103,,-3.25,-60.99,-25
,,Vul,284.992125,22.814515,215.9827,6.280,93270,176541,7183,,-16.17,9.52,-53
,,Sgr,286.784685,-18.738171,185.8736,6.280,93887,177863,7241,,-2,-17.7,-11
,,Sgr,287.828385,-29.502293,146.6276,6.280,94272,178840,7270,,14.64,-21.15,-14
,,Cyg,295.914555,57.042713,77.7605,6.280,97070,186815,7526,,3.44,23.61,-26
,,Cyg,304.014285,38.898012,130.8901,6.280,99893,192934,7752,,-1.07,-30.71,8
,,Tel,304.733220,-47.710774,300.3003,6.280,100151,192827,7745,,12.31,-2,-44
,,Mic,310.352730,-42.133780,350.8772,6.280,102096,196829,,,48.91,-33.19,-22.9
,,Aqr,311.764845,-2.486912,239.2344,6.280,102561,197954,7946,,-19.81,-21.53,28
,,Pav,321.069750,-69.733882,403.2258,6.280,105678,203133,8156,,9.39,-7.43,1
,,PsA,324.775455,-33.678856,44.9640,6.280,106907,205872,8268,,71.63,-42.75,-20
,,Gru,326.122740,-38.552530,265.9574,6.280,107344,206642,8299,,81.42,-162.06,-58
,,Peg,326.599740,25.563504,111.2347,6.280,107502,207134,8325,,162.41,53.97,-45
,,Aqr,330.549375,-17.903474,89.9281,6.280,108784,209240,8394,,117.62,-59.86,-17
,,Aqr,332.587950,-3.894086,148.1481,6.280,109442,210419,8451,,16.27,-44.24,-10
,,Lac,339.202845,35.652419,259.7403,6.280,111627,214313,8609,,-5.28,-1.83,10
,,Aqr,340.525110,-5.101968,210.9705,6.280,112078,214983,,,68.82,-53.26,
,,PsA,341.829870,-34.161722,109.5290,6.280,112501,215669,8668,,-62.59,27.01,41
,,Psc,344.386680,3.810241,114.2857,6.280,113360,217019,8730,,67.6,31.69,11
,1    Cet,Cet,359.588430,-15.847484,190.8397,6.280,118178,224481,9065,,82.77,-8.13,4
,22    Com,Com,188.392590,24.282984,89.0472,6.280,61295,109307,4780,,-10.88,-8.57,2
,29    Oph,Oph,255.463560,-18.885538,177.6199,6.280,83331,153727,6321,,-30.48,-17.16,44
,40    Ser,Ser,238.667820,8.580337,78.8644,6.280,77910,142500,5919,,2.3,-0.64,-25
,65    Peg,Peg,350.668800,20.828716,175.1313,6.280,115407,220318,8891,,19.01,-11.28,-14
,Sig1Gru,Gru,339.122085,-40.582689,68.3060,6.280,111594,214085,8600,,46.18,-72.18,1
,,And,19.542270,47.419706,662.2517,6.290,6087,7758,376,,7.75,-4.24,-1
,,Cet,31.622115,0.035384,184.5018,6.290,9827,12923,616,,64.17,6.46,21
,,Per,35.965605,55.364861,934.5794,6.290,11174,14662,690,,-2.13,-2.75,-26
,,And,39.616470,38.089141,207.4689,6.290,12305,16350,769,,11.92,-9.72,2
,,For,44.303760,-29.855289,149.9250,6.290,13768,18466,884,,-16.38,-5.53,27
,,For,48.256200,-35.943688,144.0922,6.290,14972,20144,970,,-0.84,7.74,22
,,Tau,51.827820,12.735289,87.6424,6.290,16095,21379,1039,,11.44,-7.54,15
,,Per,52.872270,49.209770,149.2537,6.290,16424,21620,1056,,-14.85,-1.32,-23
,,Men,54.125730,-78.323073,230.4147,6.290,16827,23474,1154,,-14.3,6.53,3
,,Cam,54.582165,56.932713,157.2327,6.290,16974,22316,1094,,26.9,-34.89,-1.4
,,Ret,56.141160,-54.274027,76.2195,6.290,17464,23697,1168,,25.49,65.5,33
,,Cam,62.364885,59.908071,427.3504,6.290,19412,25877,1270,,-4.17,-2.05,-14
,,Men,75.055320,-78.300009,273.9726,6.290,23251,33519,1682,,-18.53,1.03,-2.5
,,Tau,82.680600,22.462255,109.5290,6.290,25806,36160,1831,,42.87,-20.54,2
,,Col,86.827860,-35.674075,162.6016,6.290,27325,38885,2009,,-3.71,59.87,57
,,Aur,87.734640,51.514583,87.7193,6.290,27625,38765,2003,,165.61,-47.53,26
,,CMa,94.909050,-22.103119,282.4859,6.290,30062,44225,,,-37.05,10.28,
,,Mon,109.381935,-6.679997,302.1148,6.290,35301,56614,2765,,-25.31,12.09,9
,,Car,113.664930,-51.474517,456.6210,6.290,36856,61031,2925,,-4.78,8.53,28
,,Vel,132.000960,-52.850151,141.8440,6.290,43195,75466,3503,,-24.89,23.25,12
,,UMa,148.763970,61.116123,119.7605,6.290,48638,85583,3911,,7.79,-3.24,-11
,,Cha,158.853300,-76.308986,142.0455,6.290,51835,92209,4170,,-17.82,7.86,18
,,Hya,159.018780,-26.675479,41.2541,6.290,51885,91881,4157,,2.12,-79.49,-23
,,Vel,161.654760,-43.192673,72.4113,6.290,52709,93453,,,0.91,-55.08,
,,Car,161.910015,-57.467411,769.2308,6.290,52797,93662,4226,,-11.94,2.78,2
,,Car,162.945420,-57.272315,170.3578,6.290,53100,94275,,,-50.89,-0.1,
,,UMa,172.431690,56.737573,67.2043,6.290,56083,99859,4424,,-89.53,-33.79,9
,,UMa,174.634680,33.625829,248.1390,6.290,56784,101151,4482,,-16.16,-13.68,-6
,,UMa,174.687690,45.108416,23.2504,6.290,56809,101177,4486,Gl 433.2A,-593.87,14.8,-17.3
,,Dra,183.922935,72.551196,147.4926,6.290,59796,106677,4665,,-9.2,-25.11,-48
,,Mus,186.323265,-65.769853,48.4731,6.290,60601,108054,4720,,-63.26,-99.22,25
,,Com,192.196125,24.840226,16.9319,6.290,62523,111395,4864,Gl 486.1,-334.55,-106.06,-8.7
,,Com,193.114575,16.122495,110.6195,6.290,62825,111893,4886,,-43.25,-12.66,-27
,,Cen,204.920190,-39.747587,306.7485,6.290,66645,118781,5135,,-14.44,-7.88,-48
,,Boo,225.217815,22.045589,240.9639,6.290,73464,132879,5592,,-4.5,6.27,-26
,,Lup,226.178745,-40.861330,185.1852,6.290,73764,133220,5604,,-4.84,-36.25,-30
,,Cir,227.686920,-61.422320,24.2014,6.290,74273,134060,5632,,-184.95,-11.27,38
,,Ser,238.233825,17.403150,191.2046,6.290,77782,142244,5909,,-55.17,-8.23,-12
,,Lup,239.058435,-31.785882,51.8403,6.290,78058,142542,5923,,47.83,4.25,18
,,Sco,244.782165,-20.218072,144.0922,6.290,79945,146834,6076,,16.84,-15.31,8
,,Her,252.650445,41.896500,114.4165,6.290,82419,152262,6264,,-71.17,63.03,-37
,,Sco,253.990620,-33.506873,246.9136,6.290,82855,152636,6282,,14.49,6.5,-93
,,Dra,254.069730,73.127867,90.1713,6.290,82880,154099,6335,,-0.88,-20.48,-13
,,Oph,256.188855,-20.494703,144.7178,6.290,83567,154204,6340,,-5.42,-24.64,-11
,,Oph,256.549170,-21.564583,106.8376,6.290,83684,154418,6350,,-7.57,-74.51,-45
,,Ser,274.350675,-9.758578,132.6260,6.290,89623,167833,6843,,4.82,-46.41,-14
,,Oph,274.512255,13.777038,469.4836,6.290,89677,168199,6851,,-2.83,-7.22,-21
,,CrA,284.393310,-39.823195,59.9161,6.290,93074,175529,7136,,2.49,37.17,5
,,Tel,286.728390,-50.323144,173.3102,6.290,93860,177365,,,-3,-31.65,
,,Lyr,289.912530,37.330539,25.3872,6.290,94981,181655,7345,Gl 754.2,-62.18,-183.08,1.8
,,Cyg,295.809795,58.016617,44.2087,6.290,97033,186760,7522,Gl 765.3,128.3,-55.56,-29.8
,,Cap,305.753295,-9.654710,160.0000,6.290,100524,193896,7788,,27.04,-16.28,-17
,,Cap,310.351095,-25.999911,173.3102,6.290,102094,196947,7910,,9.39,-25.13,-26
,,Cyg,311.970570,52.407167,42.5170,6.290,102642,198387,7972,,71.97,-169.67,-41
,,Vul,320.058630,22.026186,233.1002,6.290,105344,203206,8158,,4,5.61,-17
,,Cep,332.986740,59.084579,117.9245,6.290,109585,210905,8476,,130.07,79.62,-28
,,Aqr,336.544590,-23.682447,120.6273,6.290,110746,212643,8542,,12.26,-1.91,-15
,,Lac,338.972415,50.070788,520.8333,6.290,111550,214240,8606,,6.19,-0.03,-15
,,Tuc,341.068650,-60.499618,145.9854,6.290,112259,215121,8646,,2.92,20.07,-6
,,And,349.922895,48.380935,114.9425,6.290,115171,219962,8875,,206.18,31.11,23
,20    Vir,Vir,188.262000,10.295671,144.9275,6.290,61246,109217,4777,,-50.11,4.27,1
,25    Psc,Psc,358.269825,2.090625,126.2626,6.290,117774,223855,9042,,14.02,-10.9,5
,30    Sgr,Sgr,282.710385,-22.162190,70.5716,6.290,92480,174309,7088,,-17.1,-35.31,-35
,35    LMi,LMi,159.089235,36.326927,47.9616,6.290,51914,91752,4150,,36.92,-33.84,-24
,7    Ser,Ser,230.596830,12.567521,137.5516,6.290,75230,136831,5717,,0.2,-4.52,4
,Mu  Tel,Tel,292.644150,-55.110053,34.3761,6.290,95932,183028,7393,,38.71,-13.3,9
Citalá,,Mon,105.075150,-5.367162,28.9603,6.290,33719,52265,2622,,-115.76,80.35,54
Meleph,41Eps Cnc,Cnc,130.112550,19.544808,179.8561,6.290,42556,73731,3429,,-33.74,-13.57,30
,,Psc,14.477130,13.695865,148.5884,6.300,4520,5612,276,,-5.97,-5.76,15
,,For,30.715575,-23.886628,257.0694,6.300,9562,12596,,,-39.5,-32.04,
,,Phe,35.548905,-43.199811,136.7989,6.300,11043,14832,698,,60.73,43.52,-7
,,Per,40.757730,48.265245,400.0000,6.300,12690,16780,792,,5.97,-4.01,-5
,,Ari,43.298730,16.483460,107.1811,6.300,13448,17918,856,,64.47,-62.97,9
,,Eri,46.297065,-8.274247,140.4494,6.300,14355,19210,,,61.13,22.33,
,,Per,48.946425,32.856712,54.7945,6.300,15191,20193,975,,-8.95,19.02,14
,,Eri,49.090515,-5.730464,458.7156,6.300,15230,20356,,,22.06,-20.18,
,,Tau,57.816120,13.046078,123.1527,6.300,18033,24155,1194,,20.62,-22.18,16
,,Ori,72.958275,13.655155,40.7166,6.300,22607,30869,,,106.84,-16,40.6
,,Cae,75.974790,-41.744950,31.7460,6.300,23555,32820,1651,,22.82,159.17,29
,,Aur,81.160110,31.223912,191.9386,6.300,25290,35238,1775,,-30.23,-8.74,40
,,Lep,81.769845,-11.900964,27.0416,6.300,25486,35850,1817,,17.19,-49.3,19
,,Aur,86.811180,42.526748,180.1802,6.300,27319,38358,1979,,6.93,-86.59,-16
,,Ori,88.565655,3.225641,140.4494,6.300,27902,39685,2051,,60.22,-52.32,-4
,,Mon,95.357370,2.268522,92.3361,6.300,30217,44333,2280,,-15.9,-26.84,-28
,,Pic,95.756115,-63.683136,337.8378,6.300,30352,45461,2337,,-17.07,16.45,-14
,,Col,96.185400,-40.283979,165.8375,6.300,30505,45306,2323,,-2.61,-3.67,23
,,Ori,96.367395,14.721992,100000.0000,6.300,30564,44984,2308,,-3.06,-4.57,13
,,CMa,98.195310,-11.166381,123.3046,6.300,31205,46407,2392,,-15.95,6.22,-11
,,Pup,100.847310,-39.193118,135.5014,6.300,32208,48797,2488,,-2.92,-15.13,10
,,Mon,103.095255,-5.316277,141.0437,6.300,32990,50282,2552,,-22.04,-13.7,31
,,Mon,103.343340,10.996650,117.9245,6.300,33082,50371,2555,,-0.45,-120.13,-34
,,CMa,109.238400,-30.897012,132.2751,6.300,35241,56731,2768,,2.31,-27.21,-5
,,Cam,111.341535,81.257456,263.8522,6.300,36019,55075,2709,,-2.3,-31.84,-8
,,Car,117.081255,-56.471075,100000.0000,6.300,38087,63926,3056,,-4.63,7.26,9
,,CMi,118.029960,3.277342,155.0388,6.300,38406,64052,3061,,49.07,-79.02,-62
,,Car,119.917035,-60.207351,325.7329,6.300,39073,66341,3152,,-4.41,10.68,23
,,Cnc,120.200430,19.816216,120.4819,6.300,39180,65735,3125,,8.78,-8.03,28
,,Vel,127.663470,-44.737320,606.0606,6.300,41737,72350,3371,,-9.65,4.9,24
,,Cnc,134.794710,18.134867,187.9699,6.300,44126,76830,3577,,-49.82,-67.96,21
,,Cam,138.838575,84.181013,94.6074,6.300,45421,76990,3581,,32.78,10.3,-6
,,Hya,140.231235,-15.617826,49.8008,6.300,45854,80719,3714,,70.22,-106.79,-1
,,Car,140.863860,-60.302314,662.2517,6.300,46049,81502,3740,,-10.28,6.61,22
,,UMa,141.231945,51.573896,129.1990,6.300,46168,81025,3725,,42.41,-7.86,-16
,,Car,149.040630,-71.389300,617.2840,6.300,48715,86606,3944,,-15.36,3.78,-30
,,Hya,151.011720,-18.101406,156.0062,6.300,49321,87344,3963,,-27.28,3.65,19
,,Leo,167.932320,14.400153,56.1798,6.300,54688,97244,4341,,-60.31,-13.22,6
,,Cen,169.116075,-45.880012,52.0021,6.300,55068,98096,4370,,-139.84,68.68,-2
,,UMa,172.603440,46.657533,261.0966,6.300,56135,99967,4430,,-5.36,27.66,27
,,Cen,174.169695,-37.237187,126.5823,6.300,56632,100911,4470,,-26.71,2.74,-2
,,Cru,181.188630,-59.253287,106.2699,6.300,58901,104900,,,-37.67,-16.1,28
,,Mus,181.473435,-65.546879,100000.0000,6.300,59003,105071,4611,,-5.98,-1.42,-13
,,Crv,186.956025,-16.631844,254.4529,6.300,60809,108477,4742,,-10.33,3.9,-8
,,CVn,205.620090,41.674282,279.3296,6.300,66892,119445,5160,,-86.37,12.33,-33
,,Vir,210.971205,-22.421602,85.4701,6.300,68705,122703,5272,,-12.13,5.87,-19
,,Cen,220.136520,-56.440761,348.4321,6.300,71746,128713,5461,,-12.66,-8.41,-5
,,Lup,221.883750,-43.556806,231.4815,6.300,72338,130073,5509,,-12.74,-12.62,-23
,,Cen,223.138050,-30.577253,39.1389,6.300,72772,131117,5542,,-336.2,-41.34,-28
,,Lup,229.539210,-41.061159,78.5546,6.300,74875,135730,5682,,41.36,-10.54,-6
,,CrB,233.954970,38.373926,265.9574,6.300,76366,139284,5808,,10.14,-8.31,3
,,Lib,235.853580,-15.043230,122.5490,6.300,77007,140301,5847,,-3.94,-95.38,21
,,Her,239.374320,39.695086,122.3990,6.300,78153,143209,5950,,-65.19,49.98,-14
,,CrB,242.914995,33.342764,154.5595,6.300,79350,145802,6043,,5.07,14.22,0.6
,,Her,243.556695,5.901846,109.2896,6.300,79581,146084,6057,,43.64,-21.04,-21
,,Nor,244.337250,-53.086385,73.8007,6.300,79812,146145,6059,,-59.47,-49.7,-24
,,Her,249.450045,13.687035,69.7837,6.300,81425,150012,6181,,-32.06,-62.3,-21
,,Ara,250.184985,-51.478260,49.4071,6.300,81650,149989,,,12.43,130.1,
,,Sco,253.763880,-42.090831,714.2857,6.300,82783,152424,,,-0.68,-2.72,-47.6
,,Ara,254.036850,-50.674790,197.6285,6.300,82868,152478,6274,,-10.21,-9.55,19
,,Dra,257.627655,52.408769,121.3592,6.300,84021,155711,6395,,-14.6,-8.75,-34
,,Sco,258.069015,-38.822535,114.2857,6.300,84151,155276,6382,,17.46,-47.61,-32
,,Sco,262.253595,-43.973919,571.4286,6.300,85549,158042,,,-3.5,-8.06,
,,Her,265.171635,31.287478,130.3781,6.300,86506,160822,6591,,-59.41,-75.11,-6
,,Oph,265.945920,-7.079608,333.3333,6.300,86768,161056,6601,,-7.12,-10.39,-26
,,Sgr,270.451245,-36.377864,202.0202,6.300,88294,164245,6708,,-7.38,-24.98,14
,,Lyr,273.885345,45.209318,22.8206,6.300,89474,168009,6847,Gl 708.4,-76.98,-114.4,-64.9
,,CrA,274.667325,-42.288399,100000.0000,6.300,89726,167756,6839,,3.77,-5.8,-25
,,Dra,274.983645,51.347823,121.5067,6.300,89835,169028,6880,,-36.22,-51.42,-10
,,Sgr,276.477525,-33.945718,272.4796,6.300,90336,169398,6893,,-1.58,-10.88,-6
,,Sct,280.963470,-6.818119,73.8007,6.300,91880,173093,7034,,29.3,-44.08,-66
,,Her,281.167890,23.589883,43.9560,6.300,91958,173494,7047,,16.54,-85.61,-12
,,Tel,283.300005,-51.931437,427.3504,6.300,92687,174430,7093,,1.21,-12.16,-23
,,Pav,286.004205,-57.959962,211.8644,6.300,93629,176522,,,16.33,4.01,
,,Sgr,287.060670,-24.657369,220.2643,6.300,93993,178075,7246,,6.07,-8.86,-13
,,Lyr,290.137725,35.185957,288.1844,6.300,95067,181828,7346,,5.54,1.2,-18
,,Lyr,291.901650,37.941197,724.6377,6.300,95673,183362,7403,,-0.9,-4.46,-28
,,Dra,293.291940,60.158691,309.5975,6.300,96164,184936,7448,,3.94,5.29,-19
,,Cyg,298.255200,47.807720,502.5126,6.300,97845,188439,7600,,-7.31,-7.64,-65
,,Sgr,303.960855,-30.005278,305.8104,6.300,99878,192433,7725,,33.81,7.7,-99
,,Sgr,304.098375,-36.453575,318.4713,6.300,99920,192472,7728,,1.66,-15.9,-14
,,Mic,310.720650,-39.558830,280.8989,6.300,102230,197093,7915,,17.76,-8.11,-7
,,Cyg,311.660820,46.531692,132.4503,6.300,102530,198151,7958,,-16.16,-14.75,-6
,,Ind,321.086790,-46.614706,101.0101,6.300,105685,203548,8177,,48.18,-14.57,-24
,,Peg,332.715435,30.553001,129.7017,6.300,109493,210594,8460,,17.28,-16.95,4
,,Cep,337.081170,64.085155,112.6126,6.300,110919,213242,8568,,9.63,-31.44,-26
,,Peg,339.270195,12.576816,312.5000,6.300,111649,214298,8608,,-12.94,-32.49,-19
,,PsA,339.934065,-28.325661,112.4859,6.300,111879,214599,8619,,94.84,-41.22,-22
,,PsA,345.102645,-25.626846,120.3369,6.300,113593,217358,8746,,90.7,-42.22,-25
,,Peg,355.682745,16.335719,112.7396,6.300,116972,222683,,,91.06,10.9,-1.7
,,Cet,40.822755,3.237385,25.1383,6.300,,,,Gl 106.1B,-140.18,-142.65,-12.5
,23Phi2Cnc,Cnc,126.696120,26.935489,84.5309,6.300,41404,71150,3310,,-9.57,1.27,-25
,3    Cap,Cap,304.095015,-12.337119,135.8696,6.300,99918,192666,7738,,6.75,-17.13,-20
,,Cep,0.965130,66.712183,265.9574,6.310,302,225136,9099,,7.86,-8.15,15
,,Cas,16.789380,53.498185,512.8205,6.310,5251,6540,318,,16.82,-3.32,7
,,Cas,20.080995,77.570682,126.4223,6.310,6261,7732,375,,-18.46,89.47,-74
,,Psc,23.326155,8.208738,147.9290,6.310,7243,9496,,,18.89,-31.62,
,,Per,32.532255,53.843091,176.0563,6.310,10115,13137,621,,26.33,-45.12,10
,,Eri,43.211415,-9.441236,97.6562,6.310,13421,17943,859,,110.03,39.62,35
,,Cam,57.924000,68.507486,313.4796,6.310,18067,23662,1166,,15.92,-20.89,-4
,,Cam,59.126265,71.821606,59.2066,6.310,18438,24164,1196,,-52.27,-10,-2
,,Tau,60.153705,17.296660,196.8504,6.310,18717,25175,1237,,2.57,-30.81,29
,,Cam,61.652565,54.008663,80.8407,6.310,19172,25602,1255,,55.34,-90.98,-8
,,Per,63.716955,37.542670,154.5595,6.310,19810,26702,,,-8.9,-4.28,
,,Tau,64.905900,10.121437,210.9705,6.310,20188,27386,1349,,-16.92,-40.9,-27
,,Ori,75.165870,-2.066032,49.6032,6.310,23296,32115,1613,,-12.94,-3.1,21
,,Ori,85.788825,-1.613248,161.2903,6.310,26953,38099,1970,,4.86,-29.07,30
,,CMa,95.810325,-31.790312,105.3741,6.310,30376,44956,2307,,-43.21,0.81,15
,,CMa,97.849995,-32.868548,314.4654,6.310,31086,46347,,,-17.02,6.94,
,,CMa,102.433335,-24.076066,245.7002,6.310,32744,49891,2528,,0.99,-13.59,-2
,,Mon,102.676260,-8.040996,99.9001,6.310,32838,49976,2534,,-8.95,2.98,22
,,Aur,103.813320,45.826408,137.7410,6.310,33271,50384,2556,,-31.15,-73.84,31
,,Mon,104.250390,-8.179295,434.7826,6.310,33420,51424,2599,,-2.05,-11.84,-5
,,Gem,107.055300,33.832388,191.2046,6.310,34428,53899,2673,,-7.76,-28.16,-3
,,Pup,109.807035,-33.727166,225.2252,6.310,35463,57299,2794,,-15.28,-8.44,-2
,,Pup,116.639250,-37.772569,176.0563,6.310,37939,63291,,,-50.16,-31.5,
,,Pup,116.910525,-15.990688,578.0347,6.310,38031,63302,3026,,-1.61,3.64,31
,,Pup,120.525555,-37.050043,246.3054,6.310,39299,66435,3155,,3.44,13.11,59
,,Mon,122.236860,-11.339650,291.5452,6.310,39898,67725,3189,,-14.8,-2.04,20
,,Hya,124.812840,-10.165754,105.9322,6.310,40766,69997,3265,,-44.81,36.9,32
,,Vel,127.852905,-39.064110,460.8295,6.310,41806,72436,3373,,-5.92,9.3,11
,,UMa,128.222025,69.319901,167.2241,6.310,41927,71553,3332,,22.92,-25.21,-30
,,Cam,129.203205,74.723677,75.7002,6.310,42249,71973,3352,,-16.05,-17.74,-6
,,Vel,138.357585,-38.616471,212.7660,6.310,45259,79523,3667,,-1.5,-14.68,4
,,Vel,141.282780,-43.976603,224.2152,6.310,46194,81575,,,-48.11,40.81,39.7
,,Leo,141.385425,16.585588,85.2515,6.310,46232,81361,3736,,-82.56,-24.28,12
,,UMa,151.293285,52.371302,118.6240,6.310,49408,87243,3958,,-14.01,-4.92,-26
,,Cam,152.143320,83.918372,404.8583,6.310,49688,86321,3934,,-1.21,6.27,-12
,,Ant,154.657740,-36.804572,163.9344,6.310,50492,89442,4053,,-32.36,10.29,2
,,Sex,154.997835,-9.059004,53.8793,6.310,50584,89565,4060,,-63.4,-71.73,15
,,Leo,163.150380,-0.201657,274.7253,6.310,53167,94237,4245,,-6.24,-25.25,9
,,Cen,166.614720,-50.956725,117.0960,6.310,54291,96484,4321,,-55.3,7.48,9
,,Vir,178.459485,0.552114,143.2665,6.310,58002,103313,4555,,-41.83,2.94,10
,,Dra,186.276555,63.802781,176.6784,6.310,60589,108150,4727,,-15.55,2.77,-4
,,Mus,190.520970,-69.407554,625.0000,6.310,61981,110311,4820,,-4.55,-1.18,4
,,Vir,191.759610,5.950373,265.9574,6.310,62376,111133,4854,,29.95,-55.54,16
,,Cen,193.022685,-48.094286,160.5136,6.310,62799,111775,4880,,-44.21,3.76,-2
,,Hya,194.388045,-22.753499,118.9061,6.310,63243,112519,4918,,-58.42,-13,3
,,Com,198.035040,24.258027,131.7523,6.310,64417,114724,4984,,-22.32,-41.79,-24
,,Cen,201.776625,-49.143709,436.6812,6.310,65606,116836,5061,,-14.83,-5.57,-18
,,UMa,205.096980,50.519413,25.3293,6.310,66704,119124,5148,Gl 521.2A,-124.73,57.86,-12
,,CVn,209.043630,32.032598,67.3401,6.310,68065,121682,5245,,-118.69,48.32,-22
,,Cen,213.911055,-45.000756,21.2179,6.310,69671,124580,5325,Gl 540.3,127.52,-137.6,3.4
,,Ser,228.382785,22.983399,87.4126,6.310,74505,135263,5665,,49.61,99.99,-5
,,Dra,238.956825,58.911774,145.1379,6.310,78017,143187,5949,,-31.85,26.62,-8
,,Nor,239.266200,-48.162186,48.4496,6.310,78117,142529,5921,,-104.9,-109.76,2
,,Lup,239.628330,-37.503878,114.6789,6.310,78236,142889,5935,,-12.9,-21.87,-14
,,Dra,247.180965,51.407738,129.8701,6.310,80710,148880,6150,,34.22,7.09,-16
,,Oph,259.998135,-5.917509,49.6771,6.310,84801,156826,6439,Gl 668.1,45.42,-193.58,-33.1
,,Sgr,267.115980,-26.974945,371.7472,6.310,87163,161756,6621,,-1.17,-5.48,9
,,Dra,271.722810,50.822823,127.7139,6.310,88732,166207,6790,,4.73,92.23,-57
,,Sgr,276.932310,-26.634845,78.1250,6.310,90478,169851,6909,,-9.1,-36.94,-29
,,Her,279.287745,16.198295,93.4579,6.310,91279,171994,6995,,14.71,48.58,-46
,,Sgr,281.033100,-36.718335,107.0664,6.310,91901,172875,7026,,23.95,-41.75,-28
,,Sgr,285.389655,-15.282617,164.7446,6.310,93418,176593,7186,,-5.29,-1.25,20
,,Aql,289.719810,9.618070,143.0615,6.310,94916,181122,7325,,2.86,-37.46,-12
,,Aql,290.768535,-7.400615,133.3333,6.310,95281,182038,7353,,15.11,-21.45,12
,,Vul,291.343305,20.271727,147.0588,6.310,95487,182761,7384,,-5.87,-17.08,-32
,,Aql,291.891285,14.282481,252.5253,6.310,95664,183144,7396,,7.07,-4.29,4
,,Aql,295.512180,-9.193654,112.8668,6.310,96917,185966,,,43.67,-84.44,
,,Sgr,300.361560,-40.814336,99.9001,6.310,98579,189388,7639,,27.68,-39.78,-31
,,Cap,327.420915,-12.722865,138.3126,6.310,107750,207503,8337,,-8.69,20.81,
,,Peg,331.874850,18.000709,306.7485,6.310,109212,210090,8436,,23.23,-33.21,-10
,,Cep,337.288500,58.404100,271.0027,6.310,110988,213307,,,16.48,4.7,-17.8
,,PsA,341.984145,-25.912028,134.2282,6.310,112567,215782,8674,,107.02,-115.39,-26
,,Aqr,344.321655,-4.810095,119.0476,6.310,113345,216953,8727,,-17.59,-1.27,-9
,,And,344.793135,52.654530,220.7506,6.310,113501,217314,8744,,-26.12,31.62,28
,,Cet,359.124780,-24.737218,150.3759,6.310,118029,224283,9054,,5.55,9.9,-35
,37    Hya,Hya,144.947550,-10.570271,307.6923,6.310,47427,83650,3846,,-20.54,6.08,14
,48    Tau,Tau,63.942840,15.400695,45.4133,6.310,19877,26911,1319,,114.38,-22.07,36
,Kap2CrA,CrA,278.346195,-38.720033,47.2144,6.310,90969,170867,6953,,10.02,-12.51,-20
,Lam UMi,UMi,259.238535,89.037708,271.7391,6.310,84535,183030,7394,,-23.03,-3.07,2
,,Psc,1.265925,-0.503035,138.8889,6.320,417,6,2,,44.86,-53.47,14
,,Phe,2.259900,-54.001931,128.3697,6.320,730,469,23,,46.45,13.08,1
,,Psc,8.978355,13.207067,37.5657,6.320,2832,3268,145,,-133.16,-179.03,-25
,,Tri,25.958940,32.192015,129.7017,6.320,8086,10588,503,,-6.01,1.38,-5
,,And,26.110530,46.139692,192.3077,6.320,8127,10597,504,,-7.11,-31.62,-19
,,Phe,32.520000,-43.815574,111.9821,6.320,10111,13423,636,,50.21,-7.27,41
,,Ari,40.620570,10.741725,127.0648,6.320,12647,16861,797,,-24.27,-23.37,6
,,For,44.909595,-32.507198,125.1564,6.320,13947,18735,903,,7.3,9.67,16
,,Per,48.109995,47.725875,190.1141,6.320,14914,19735,949,,73.3,-84.85,-36
,,Per,59.621490,38.840254,130.2083,6.320,18565,24843,1226,,40.99,-39.3,22
,,Tau,63.870000,6.186858,21.3311,6.320,19859,26923,1322,,-109.37,-108.35,-8
,,Cam,72.029130,55.602611,52.3560,6.320,22300,30144,1515,,79.29,-96.37,22
,,Dor,83.739315,-61.176048,95.3289,6.320,26190,37501,1936,,-7.48,-26.73,8
,,Pic,87.620100,-52.767879,214.5923,6.320,27583,39547,2044,,-7.54,10.65,1
,,Aur,91.260765,37.964272,182.8154,6.320,28820,41162,2137,,-3.08,-6.47,5
,,Cam,91.284285,59.393210,132.4503,6.320,28829,40827,2121,,2.69,-49.56,31
,,CMa,95.272635,-11.817324,232.5581,6.320,30190,44394,,,3.02,1.98,
,,Gem,95.358015,17.763503,131.4060,6.320,30218,44234,2277,,20.16,-42.26,10
,,CMa,96.677745,-14.603429,169.7793,6.320,30669,45420,,,2.24,-11.68,
,,Col,97.176750,-41.074877,74.5712,6.320,30849,45983,2368,,39.62,13.94,17
,,CMa,98.878410,-22.109053,134.4086,6.320,31469,47012,,,9.62,-21.39,
,,CMa,102.654000,-25.778394,483.0918,6.320,32827,50093,2544,,-4.2,6.08,21
,,Pup,103.611180,-42.365571,502.5126,6.320,33189,51208,2591,,-1.28,19.62,32
,,CMa,105.034515,-20.158425,436.6812,6.320,33703,52348,2625,,-5.93,5.26,32
,,CMa,108.488910,-30.339791,529.1005,6.320,34954,55985,2743,,-4.15,4.33,24
,,Pup,110.993070,-35.837824,198.8072,6.320,35893,58420,2829,,-9.57,15.37,28
,,CMa,111.429090,-31.738720,341.2969,6.320,36045,58766,2847,,-8.83,4.62,10
,,Pup,117.367875,-44.751157,106.6098,6.320,38183,63948,3057,,-41.68,28.68,32
,,Car,122.102685,-63.800821,250.6266,6.320,39843,68423,3217,,-7.68,5.41,30
,,Lyn,126.903285,45.652987,22.2519,6.320,41484,71148,3309,Gl 307.1,-18.98,-351.48,-31.9
,,Pyx,129.667890,-19.736904,361.0108,6.320,42394,73603,3425,,9.68,2.22,0.2
,,Hya,138.853950,-15.024908,111.6071,6.320,45424,79752,3675,,-11.01,-17.01,32
,,Car,138.894675,-57.577742,337.8378,6.320,45437,80126,3693,,-15.37,8.32,15
,,Ant,149.225400,-27.475154,158.9825,6.320,48776,86301,3933,,-73.03,23.82,14
,,Car,161.095485,-59.993320,598.8024,6.320,52526,93206,,,-7.1,2.48,-36
,,Hya,174.255075,-32.988184,71.1238,6.320,56657,100953,4473,,-9.65,-77.42,10
,,Cen,175.154190,-62.568102,100000.0000,6.320,56961,101545,,,-5.73,0.61,-5.3
,,Cha,175.256505,-83.099937,110.4972,6.320,56996,101782,4507,,-59.61,10.24,12
,,Vir,180.257235,-1.768166,157.9779,6.320,58603,104356,4591,,-19.79,-73.9,36
,,Com,185.172405,27.054545,91.8274,6.320,60197,107398,4698,,9.08,-120.37,-15
,,Oct,186.409485,-86.150613,224.2152,6.320,60638,107739,4709,,-4.91,-6.56,25
,,Vir,197.309325,-9.538098,127.8772,6.320,64181,114203,4959,,-56.19,0.49,
,,Cen,197.971140,-63.302992,100000.0000,6.320,64395,114461,4972,,-4.02,-2.5,-3
,,Cen,203.620710,-48.272162,303.9514,6.320,66236,117919,5103,,-27.37,-6.82,-4
,,Cha,204.800115,-75.683788,236.4066,6.320,66607,118285,5115,,-18.06,-7.27,18
,,Vir,210.766980,-17.367012,111.8568,6.320,68643,122577,,,-185.83,-9.47,
,,Boo,214.455015,48.002004,70.5219,6.320,69862,125406,5363,,-12.33,-38.1,-17
,,Boo,218.548725,32.534477,40.5680,6.320,71243,128093,5445,,106.09,5.69,-8
,,Lup,228.130050,-48.218992,129.7017,6.320,74418,134597,5650,,-24.46,-40.98,-43
,,Dra,232.337970,62.099529,215.5172,6.320,75822,138524,5768,,-28.42,-8.88,-40
,,Lib,234.565875,-28.206666,205.3388,6.320,76567,139290,5809,,14.76,-23.35,29
,,Ser,236.414610,0.891039,194.1748,6.320,77186,140815,5861,,11.8,-4.39,14
,,Lib,239.060130,-14.399402,61.8047,6.320,78059,142640,5927,,41.39,-77.19,-6
,,Sco,241.764060,-14.071292,27.1076,6.320,78955,144585,5996,,-261.22,11.77,-16
,,Sco,241.966200,-24.462349,119.4743,6.320,79031,144661,5998,,-9.52,-23.92,-5
,,Sco,243.663525,-18.535649,77.1010,6.320,79605,145997,6053,,-92.49,-125.94,-17
,,Nor,246.225630,-45.349499,90.0901,6.320,80421,147614,6099,,21.4,-15.18,1
,,Oph,252.592710,-2.654356,60.9385,6.320,82405,151900,6248,,2.37,-44.91,31
,,Dra,259.122600,60.670614,150.8296,6.320,84496,156947,6448,,-40.83,14.43,17
,,Ara,263.570295,-48.526787,124.3781,6.320,85975,158907,,,-33.37,39.62,
,,Her,269.309700,23.995889,28.2486,6.320,87895,163840,6697,GJ 4039A,-17.28,73.7,-28.1
,,Ser,271.530945,-0.446128,215.0538,6.320,88671,165462,6757,,-21.49,-12.55,-9
,,Her,271.776225,49.710441,221.2389,6.320,88754,166228,6792,,0.6,19.82,-21
,,Pav,274.503990,-68.229257,186.9159,6.320,89674,166841,6808,,0.44,-16.97,22
,,Sct,275.758785,-10.218983,102.5641,6.320,90083,169009,6878,,9.22,-22.24,-24
,,Sgr,280.729575,-19.284209,310.5590,6.320,91781,172816,7023,,-12.59,-33.33,-33
,,Dra,284.747490,50.809143,131.7523,6.320,93197,176707,7196,,0.53,7.15,-21
,,Lyr,286.446375,29.921674,446.4286,6.320,93770,178003,7244,,-4.33,-11.4,-28
,,Cyg,289.657770,49.569456,136.0544,6.320,94890,181597,7341,,21.18,44.91,-14
,,Aql,293.874195,-7.460283,117.3709,6.320,96356,184573,7432,,22.84,-40.04,-10
,,Dra,299.674200,70.366949,138.1215,6.320,98333,190252,7666,,40.45,58.1,-10
,,Dra,301.222530,68.027159,331.1258,6.320,98890,191372,7704,,-12.12,-9.82,-42
,,Cyg,304.371075,42.722060,588.2353,6.320,100016,193217,7762,,2.72,-1.33,-17
,,Del,306.433815,10.055999,230.4147,6.320,100762,194526,7810,,20.98,-38.88,-77
,,Cap,313.254795,-23.783203,107.7586,6.320,103071,198732,7989,,84.08,-62.7,-40
,,Cyg,315.931155,46.863150,80.0000,6.320,103949,200753,8074,,-38.98,-57.57,-15
,,Pav,319.501980,-64.681580,157.9779,6.320,105148,202299,8125,,16.97,-28.55,13
,,Gru,323.571510,-42.924679,114.5475,6.320,106500,205096,8241,,-27.92,-8.34,9
,,Cep,329.462760,74.996714,347.2222,6.320,108420,209258,8395,,-3.4,-10.65,-17
,,Aqr,340.199805,-3.554239,34.5662,6.320,111965,214810,8629,,-11.22,-43.17,12
,,And,348.559875,50.617891,123.6094,6.320,114714,219290,8837,,45.38,-7.14,-14
,,Peg,349.864215,34.793183,305.8104,6.320,115148,219927,8873,,16.45,-0.32,-1
,,Phe,356.505165,-40.182565,67.4764,6.320,117219,223011,9001,,103.11,-36.01,4
,14    Del,Del,312.451080,7.864185,153.3742,6.320,102819,198391,7974,,26.21,12.43,-30
,21    Pup,Pup,124.346385,-16.285111,273.9726,6.320,40604,69665,3257,,-11.8,-7.68,0.4
,32    Com,Com,193.051065,17.073943,598.8024,6.320,62807,111862,4884,,2.21,-4.95,-1
,35    UMa,UMa,157.476795,65.626233,101.2146,6.320,51401,90633,4106,,5.21,-29.16,-25
,48    Cyg,Cyg,309.382410,31.572540,261.7801,6.320,101765,196606,7885,,8.98,-0.63,-19
,4Ome2Cnc,Cnc,120.432330,25.089465,145.9854,6.320,39263,65856,3132,,-23.32,11.69,-9
,60    Aur,Aur,103.305810,38.438013,69.5410,6.320,33064,50037,2541,,42.31,-178.92,32
,7    Leo,Leo,143.970360,14.379588,209.6436,6.320,47096,83023,3818,,-41.21,-2.22,20
,Gam2Cae,Cae,76.108965,-35.705109,98.3284,6.320,23596,32846,1653,,28.46,40.58,6
,,Phe,4.677300,-43.235571,112.4859,6.330,1502,1483,73,,50.23,-0.06,12
,,Psc,18.520425,28.529575,408.1633,6.330,5772,7351,363,,63.06,-53.79,2
,,Cas,25.743000,61.421073,446.4286,6.330,8020,10362,488,,2.42,-9.32,-5
,,And,25.818630,45.322649,57.7701,6.330,8044,10486,495,,139.04,5.06,12
,,For,26.949030,-37.159483,157.2327,6.330,8369,11050,528,,0.81,20.4,15
,,And,26.950050,46.229750,58.8582,6.330,8370,10874,518,,12.84,-55.52,-3
,,For,34.743825,-25.945687,12.6695,6.330,10798,14412,683,Gl 95,-218.07,444.51,7
,,Per,47.016015,52.213511,227.2727,6.330,14566,19268,930,,23.53,-21.57,6
,,Eri,51.549090,-41.636940,140.2525,6.330,16015,21473,1049,,19.61,27.01,12
,,Cam,63.216060,68.501154,115.6069,6.330,19673,26101,1282,,-33.32,8.91,-24
,,Tau,68.927340,19.881791,133.8688,6.330,21408,29104,1455,,-21.88,-16.5,-2
,,Ori,71.600685,-2.954532,99.1080,6.330,22189,30321,1522,,20.19,-55.09,19
,,Tau,74.064915,24.592218,42.6985,6.330,22949,31362,1575,,-22.3,-14.19,-9
,,Lep,76.957530,-12.592658,257.0694,6.330,23874,33162,,,-21.91,-88.9,
,,Ori,78.446895,0.560423,307.6923,6.330,24377,33946,1703,,9.14,-17.69,-11
,,Ori,79.897020,-1.411892,219.2982,6.330,24847,34748,1748,,2.16,1.64,19
,,Ori,81.150420,2.353165,462.9630,6.330,25288,35407,1786,,-0.3,-1.01,-8
,,Ori,82.586475,-7.434811,729.9270,6.330,25786,36285,1840,,0.66,0.18,11
,,Mon,96.446400,-3.889032,287.3563,6.330,30595,45168,2317,,-7.84,-2.98,12
,,CMa,103.251255,-26.957632,279.3296,6.330,33040,50648,2567,,-9.4,-65.27,-13
,,Aur,110.262930,42.655913,215.0538,6.330,35623,56941,2775,,-17.59,-35.59,46
,,Vol,113.840250,-74.274957,358.4229,6.330,36914,62153,2979,,-3.63,20.78,13
,,Pup,116.774010,-39.330996,200.4008,6.330,37982,63401,3032,,-22.17,15.5,22
,,Vol,119.815725,-73.244171,130.0390,6.330,39041,66920,3171,,-6.77,-20.33,24
,,Pyx,126.818415,-31.672734,184.5018,6.330,41449,71622,3336,,-22.65,-4.34,-1
,,Cnc,129.032130,15.313632,77.7605,6.330,42187,72943,3394,,5.99,-23.23,4
,,Vol,130.976370,-68.211580,285.7143,6.330,42850,75116,3491,,1.51,26.84,-17
,,Pyx,131.705175,-34.622945,384.6154,6.330,43114,75112,3490,,-12.82,5.77,15
,,Vel,139.426230,-54.494829,268.0965,6.330,45603,80435,3700,,-22.56,11.83,-9
,,Car,141.954765,-71.781101,56.9152,6.330,46407,82458,,,-76.94,42.03,
,,Hya,143.890845,-19.583394,87.6424,6.330,47070,83104,3822,,-27.84,-35.48,16
,,Car,145.554075,-66.914820,160.0000,6.330,47591,84416,,,-14.5,-0.26,
,,Ant,153.485685,-40.310774,139.8601,6.330,50122,88836,4019,,-30.43,-9.1,
,,Sex,156.054900,2.368018,94.0734,6.330,50939,90125,4085,,44.22,-22.16,-14
,,Sex,156.653805,-0.988055,250.6266,6.330,51117,90473,,,-48.52,9.19,4
,,Car,159.845190,-64.111788,146.1988,6.330,52160,92536,,,-16.97,10.2,
,,UMa,168.417060,41.088837,114.0251,6.330,54842,97501,4351,,-13.73,16.26,12
,,UMa,171.606510,33.450608,56.8505,6.330,55821,99373,4412,,-35.83,17.47,-25
,,UMi,184.206135,86.435819,39.5257,6.330,59879,107113,4683,,211.86,-10.06,-6
,,CVn,185.484435,47.182202,97.5610,6.330,60305,107610,,,-57.76,-23.61,
,,Dra,186.601605,71.929827,123.3046,6.330,60699,108399,4740,,-150.27,-23.3,6
,,Vir,189.518400,3.282444,170.9402,6.330,61637,109860,4805,,-29.08,-11.21,-8
,,Cam,191.107995,80.621024,143.6782,6.330,62170,111112,4852,,31.45,-42.61,-28
,,Vir,194.302800,-12.066947,243.9024,6.330,63220,112495,,,-17.13,-9.55,
,,Vir,206.738010,6.350375,31.6656,6.330,67246,120066,5183,,-511.29,-109.99,-31
,,Boo,214.948890,38.794052,132.2751,6.330,70029,125642,5373,,26.72,-10.18,-11
,,Cen,216.556110,-42.318597,98.1354,6.330,70580,126386,5398,,-111.88,-51.47,-33
,,Boo,227.081415,50.054955,139.0821,6.330,74083,134493,5648,,-3.93,-21.2,-29
,,CrB,229.875210,32.514903,86.9565,6.330,75000,136403,5702,,-38.03,6.58,-25
,,Lib,234.839055,-23.150224,99.8004,6.330,76666,139518,5819,,-29.64,-21.82,-9
,,Lup,240.331470,-31.889137,215.9827,6.330,78486,143404,5956,,9.66,-1.25,1
,,Dra,242.262090,57.937883,123.6094,6.330,79125,145674,6036,,-23.7,33.37,-10
,,UMi,249.469980,78.918667,134.2282,6.330,81428,151623,6238,Gl 635.1,-24.2,42.49,-20.9
,,Oph,249.913035,-9.554589,40.0641,6.330,81580,150177,6189,,11.28,-146.76,-19
,,TrA,253.073970,-67.681633,134.9528,6.330,82539,151404,6231,,-52.82,-49.2,8
,,Oph,254.007675,-16.806263,42.0168,6.330,82861,152781,6284,,81.8,30.96,-3
,,Oph,255.495735,8.450669,121.2121,6.330,83342,153914,6329,,26.8,2.64,6
,,Oph,259.055820,-26.546147,5.9705,6.330,84478,156026,,Gl 664,-479.71,-1123.37,-0.1
,,Sco,260.663400,-37.804637,100000.0000,6.330,85020,157038,6450,,-1.48,0.13,-14
,,Dra,264.166665,69.570730,45.6830,6.330,86184,160933,6598,,-53.74,-217.54,-53
,,Oph,267.997695,-1.236806,110.8647,6.330,87428,162596,6659,,-3.25,2.44,-44
,,Oph,269.362440,11.044543,114.9425,6.330,87910,163772,6696,,-9.82,-10.33,-16
,,Sgr,272.811600,-19.841958,101.5228,6.330,89114,166393,6798,,-3.75,-30.85,-32
,,Dra,283.388340,75.787372,246.3054,6.330,92717,176795,7199,,9.25,20.08,-17
,,Sgr,290.539740,-42.016026,101.2146,6.330,95211,181401,7334,,-55.83,-30.83,93
,,Pav,291.022920,-68.371082,210.5263,6.330,95369,181019,7320,,-20.76,-0.77,-20
,,Vul,294.034800,22.585763,204.9180,6.330,96417,184961,7452,,3.42,-7.23,-23
,,Cyg,299.643150,38.105693,440.5286,6.330,98320,189432,7642,,3.63,0.83,-14
,,Cyg,312.477690,46.661337,492.6108,6.330,102827,198625,7983,,4.53,3.85,-15
,,Del,315.757470,14.730026,245.7002,6.330,103891,200430,8057,,25.64,4.79,-39
,,Equ,321.102345,10.174252,113.6364,6.330,105695,203842,8191,,70.85,20.13,-33
,,Ind,325.140435,-55.737977,221.2389,6.330,107030,205935,8271,,18.5,9.44,27
,,Aqr,329.555445,-5.424922,53.9374,6.330,108453,208703,8376,,41.4,-104.86,1
,,Peg,337.893135,29.542758,119.7605,6.330,111191,213534,8584,,-30.2,-33.19,2
,,Cep,341.846805,58.483031,308.6420,6.330,112508,215907,8677,,7.77,7.61,4
,,Lac,343.297395,40.167361,304.8780,6.330,113009,216538,8706,,9.14,-8.93,7
,,Gru,346.789320,-49.606135,398.4064,6.330,114159,218255,8791,,8.8,0.1,22
,,Aqr,349.417005,-11.712942,121.3592,6.330,115015,219659,8856,,41.21,5.11,3
,,Psc,350.883105,0.291325,206.6116,6.330,115476,220406,8897,,71.8,11.28,9
,,Cas,357.224745,59.978970,117.3709,6.330,117450,223386,9019,,50.47,15.16,-16
,31    Psc,Psc,0.600690,8.956824,122.8501,6.330,186,224995,9092,,-0.87,-4.11,11
,35    Cas,Cas,20.271750,64.658131,78.1250,6.330,6312,8003,384,,59.68,-23.53,-15
,41    Peg,Peg,339.945885,19.681125,205.7613,6.330,111884,214698,8624,,-2.07,-9.71,-11
,43    Aur,Aur,94.570260,46.360443,121.2121,6.330,29949,43380,2239,,12.56,-130.38,
,46    Aql,Aql,295.553385,12.193261,215.5172,6.330,96931,186122,7493,,0.01,-8.44,-32
,5    Lib,Lib,221.490660,-15.459541,444.4444,6.330,72194,129978,5503,,-39.54,1.62,-40
,53    Sgr,Sgr,294.956085,-23.427700,98.7167,6.330,96729,185404,7470,,7.98,-37.17,-11
,Tau1Hyi,Hyi,25.338840,-79.148200,120.7729,6.330,7879,10859,516,,59.76,22.13,2
,,Tuc,2.467110,-62.296794,132.2751,6.340,798,565,,,17.32,17.5,
,,And,3.778950,31.535725,286.5330,6.340,1208,1075,52,,33.23,-5.37,2
,,Cas,21.442950,70.979887,145.1379,6.340,6685,8424,398,,9.33,-13.89,11
,,And,21.536475,34.579700,36.0620,6.340,6702,8673,410,,235.58,-84.99,17
,,Psc,25.145520,8.760769,54.7046,6.340,7819,10262,,,68.29,1.86,
,,Eri,61.444635,-20.512563,88.5740,6.340,19111,25944,1274,,-27.24,-10.81,14
,,Ret,64.087290,-60.948482,126.2626,6.340,19917,27463,1357,,43.73,25.01,22
,,Eri,69.006975,-3.611641,251.2563,6.340,21428,29227,1462,,1.1,-7.86,20
,,Tau,71.426940,23.627996,210.5263,6.340,22128,30122,1512,,9.41,-16.78,19
,,Ori,74.545470,-2.212738,133.3333,6.340,23092,31739,1596,,12.31,12.71,37
,,Col,80.086290,-34.698856,160.5136,6.340,24909,35046,1766,,4.39,-2.29,-10
,,Ori,80.879445,5.323086,84.7458,6.340,25205,35242,1777,,-30.42,16.63,9
,,Lep,86.118315,-20.126573,25.5428,6.340,27075,38382,1980,,-18.24,37.05,38
,,Col,88.558440,-29.147206,53.9084,6.340,27901,39891,2068,,-32.6,-42.55,18
,,Aur,92.096400,41.055726,127.8772,6.340,29114,41636,2153,,0.89,-49.27,-87
,,Mon,104.834055,7.316967,293.2551,6.340,33644,51892,2613,,-8.81,-7.77,5
,,CMa,106.502025,-30.655711,257.7320,6.340,34248,54031,2680,,-8.22,7.41,5
,,CMa,108.451605,-22.905778,436.6812,6.340,34940,55856,2733,,-3.57,3.19,17
,,CMa,108.947070,-23.740280,253.8071,6.340,35132,56341,2755,,-14.06,12.83,34
,,Pup,114.320535,-23.775399,775.1938,6.340,37089,61227,2933,,-5.45,5.48,18
,,Lyn,114.324150,40.025383,266.6667,6.340,37091,60654,2915,,-15.06,-48.99,10
,,Pup,117.416565,-14.085359,282.4859,6.340,38206,63696,,,-5.81,-0.9,33
,,Pup,117.834750,-43.095232,602.4096,6.340,38355,64287,3074,,-5.41,5.88,14
,,Cnc,120.253260,23.583093,87.9507,6.340,39194,65757,3127,,-19.63,-28.17,25
,,Lyn,120.479940,35.413069,250.6266,6.340,39279,65801,3130,,-25.04,-6.78,-16
,,Mon,120.608205,-6.337135,114.8106,6.340,39326,66242,3150,,6.27,-11.25,-17
,,Vel,121.673370,-48.497389,384.6154,6.340,39691,67621,,,-6.95,9.78,18
,,Vel,127.873245,-54.394010,157.4803,6.340,41813,72650,3382,,15.43,-43.1,-7
,,UMa,129.749580,52.925079,226.2443,6.340,42415,73131,3405,,-28.67,-28.44,39
,,Car,130.181415,-57.545490,67.1592,6.340,42579,74341,3455,,-22.87,17.52,14
,,Hya,133.100760,5.340311,309.5975,6.340,43570,75811,3526,,-1.92,-7.87,-10
,,Hya,137.981805,5.468629,50.7357,6.340,45150,79066,3649,,-96.41,-10.12,3
,,Sex,148.049940,0.075610,139.0821,6.340,48413,85505,3907,,-25.93,-25.4,19
,,UMa,149.486850,45.414298,121.2121,6.340,48861,86166,3929,,6.43,-34.11,5
,,Ant,152.006895,-37.333445,135.3180,6.340,49645,88013,3984,,-27.42,7.03,1
,,LMi,152.745705,40.661608,192.6782,6.340,49870,88161,3987,,-9.04,2.35,14
,,Car,155.543535,-58.265572,110.9878,6.340,50785,90074,,,-48.3,26.72,
,,Car,155.961015,-57.953933,268.8172,6.340,50916,90289,4091,,-21.89,-11.86,-13
,,Car,161.700360,-69.209786,763.3588,6.340,52730,93649,,,-7.87,2.83,
,,Crt,163.387095,-15.445825,73.8007,6.340,53259,94386,4252,,65.49,-57.19,0.1
,,Crt,165.902235,-13.434920,165.5629,6.340,54048,95870,4308,,4.17,-3.84,-10
,,Car,167.873175,-71.436189,173.9130,6.340,54673,97472,4349,,-16.77,4.07,26
,,Crt,177.841260,-12.187811,45.0653,6.340,57819,102990,4547,,-239.32,45.48,9
,,Cru,179.856765,-62.830948,100000.0000,6.340,58469,104111,,,-5.51,0.91,
,,Dra,182.446170,74.661368,74.0192,6.340,59291,105678,4627,,-5.91,0.83,-19
,,Hya,183.303945,-34.125272,358.4229,6.340,59588,106198,4647,,-37.2,6.15,3
,,Hya,183.403350,-33.792919,128.3697,6.340,59622,106257,4651,,11.23,-15.42,-11
,,Cha,183.485310,-78.573934,111.9821,6.340,59647,106248,4649,,-4.31,-19.64,35
,,CVn,191.112945,44.103004,98.4252,6.340,62172,110834,4843,,-30.32,2.91,-16
,,Mus,197.115975,-67.796762,281.6901,6.340,64117,113919,,,-9.56,-0.02,
,,Cha,199.701360,-79.976017,147.0588,6.340,64951,115088,,,-18.11,-22.9,
,,CVn,200.516400,43.903379,118.9061,6.340,65230,116303,5045,,-61.73,18.65,-1
,,UMa,201.998625,52.745588,97.5610,6.340,65678,117242,5076,,-101.74,-22.29,-7
,,Cen,207.902130,-36.433279,57.9710,6.340,67648,120672,5208,,-110.63,-113.84,0.4
,,Dra,210.461190,68.678675,230.4147,6.340,68537,122909,5282,,-33.68,-4.45,-22
,,Cen,212.234415,-59.276712,381.6794,6.340,69122,123335,5292,,-12.51,-17.04,-2
,,Aps,220.498950,-77.011452,179.8561,6.340,71870,128294,,,-21.07,-12.15,
,,Lib,221.978955,-12.840007,112.7396,6.340,72373,130325,5518,,49.05,-92.64,33
,,Lup,224.536680,-48.863011,23.8493,6.340,73241,131923,5566,Gl 570.1,-15.47,-337.07,37.3
,,Ser,230.195910,-2.413331,35.0508,6.340,75101,136442,5706,,-262.44,-170.16,-47
,,Sco,253.649820,-30.587340,208.7683,6.340,82731,152431,6273,,29.45,-1.45,1
,,Oph,256.720665,-1.656186,90.4977,6.340,83738,154660,6361,,34.88,-28.15,7
,,Her,256.944525,40.516054,135.3180,6.340,83816,155102,6376,,-37,-35.26,-7
,,Oph,257.938500,7.894762,136.0544,6.340,84113,155500,6390,,33.07,13.56,-6
,,Her,261.140835,15.606048,153.3742,6.340,85187,157741,6482,,6.94,10.98,-19
,,Oph,261.154335,-18.445762,250.0000,6.340,85195,157546,6473,,14.72,-7.98,-21
,,Her,265.295805,15.178376,170.3578,6.340,86546,160765,6589,,-7.69,-4.83,-23
,,Her,271.167540,23.941999,61.5764,6.340,88528,165373,6754,,16.27,-70.55,-33
,,Oph,272.140560,14.284716,156.4945,6.340,88862,166095,6784,,-5.81,-0.48,-9
,,Sgr,281.504775,-19.606357,222.7171,6.340,92079,173425,7045,,-7.51,5.25,-40
,,Aql,287.464980,-0.428114,287.3563,6.340,94149,178744,7269,,2.67,-6.34,-11
,,CrA,287.757945,-39.004705,283.2861,6.340,94243,178628,7268,,-0.25,-9.45,-5
,,Aql,290.701455,9.913150,37.5657,6.340,95253,182101,7354,,8.18,107.08,-20
,,Dra,296.686095,68.437998,175.1313,6.340,97326,187764,7563,,7.43,-1.66,-12
,,Aql,302.159490,10.725867,543.4783,6.340,99234,191263,7700,,3.83,-1.81,-25
,,Pav,309.159720,-63.120963,50.8130,6.340,101684,195772,,,10.18,-81.64,
,,Cep,310.807020,57.113996,100000.0000,6.340,102258,197770,7940,,-2.34,-3.38,-15
,,Cyg,311.588490,52.995297,136.6120,6.340,102499,198181,7962,,-81.51,-104.52,-29
,,Cyg,315.967230,41.628175,96.3391,6.340,103963,200723,8071,,-2.29,-53.33,-8
,,Aqr,316.189065,2.269771,121.0654,6.340,104048,200663,8068,,94.64,-66.08,-12
,,Cep,331.790175,58.840718,208.3333,6.340,109190,210220,8442,,-16.06,-22.3,-10
,,PsA,342.496770,-32.805457,68.8705,6.340,112746,216042,8680,,-34.56,-23.53,24
,,Peg,348.266625,29.441525,116.5501,6.340,114607,219110,8831,,-30.41,-40.03,4
,,Oct,349.785675,-79.472409,142.6534,6.340,115129,219572,8849,,27.68,10.95,-3
,,Scl,352.002870,-35.544485,172.7116,6.340,115833,220929,8914,,4.84,1.32,13
,,Scl,358.589190,-27.042907,81.2348,6.340,117860,223991,9044,,29.36,0.84,17
,1Xi 1Cap,Cap,302.991240,-12.392403,143.8849,6.340,99529,191753,7712,,-6.85,-18.6,1
,41    UMa,UMa,161.593785,57.365914,214.5923,6.340,52685,93132,4202,,-53.18,-57.57,-2
,62    Tau,Tau,65.999010,24.300992,278.5515,6.340,20533,27778,1378,,4.54,-12.94,16
,68    UMa,UMa,182.937090,57.054408,271.7391,6.340,59458,106002,4641,,9.92,-14.97,35
,7    Vul,Vul,292.337070,20.279737,355.8719,6.340,95818,183537,7409,,2.95,-16.89,-37
,71    Cet,Cet,36.243285,-2.780031,273.9726,6.340,11261,15004,704,,1.77,-6.56,12
,,And,3.794010,27.283440,135.1351,6.350,1215,1083,53,,14.69,-15.37,-4
,,Cep,4.057905,76.950755,192.3077,6.350,1296,1141,55,,19.77,-3.13,-7
,,And,4.923180,40.729461,175.1313,6.350,1575,1527,75,,-25.3,-19,-38
,,Cet,20.627010,-19.081208,61.5006,6.350,6427,8350,394,,-58.42,-64.95,-5
,,Per,25.054620,53.868278,214.1328,6.350,7786,10110,470,,-16.19,-4.63,-62
,,Cas,25.573725,58.627739,598.8024,6.350,7963,10293,482,,15.39,-8.22,-4
,,For,27.330885,-31.072463,154.0832,6.350,8480,11183,532,,85.62,-16.48,20
,,Tri,33.658200,28.691185,64.2261,6.350,10446,13747,,,159.02,-99.15,18
,,Hor,37.018170,-64.299768,119.1895,6.350,11479,15646,734,,34.24,6.15,10
,,Eri,40.834305,-40.527905,182.4818,6.350,12708,17098,814,,14.73,14.11,16
,,Ari,40.963515,25.638343,104.2753,6.350,12744,16955,803,,-5.2,4.38,-11
,,Per,43.216770,52.997353,307.6923,6.350,13424,17743,846,,0.22,-15.25,1
,,Eri,55.047660,-15.226534,199.6008,6.350,17136,22905,1120,,-3.76,-14.11,-19
,,Tau,58.393650,25.682883,161.0306,6.350,18201,24368,,,21.06,-34.22,9.9
,,Tau,59.918715,10.330402,40.0320,6.350,18658,25102,1233,,133.06,-3.5,40
,,Per,67.987275,36.742688,116.0093,6.350,21144,28591,,,4.23,-67.69,20.4
,,Tau,80.247225,27.957262,166.1130,6.350,24984,34762,1750,,-14.92,-14.55,7
,,Ori,82.144890,13.678979,93.5454,6.350,25638,35909,1819,,10.32,-15.07,25
,,Col,85.362180,-33.400741,153.6098,6.350,26796,38056,1966,,4.96,-12.26,29
,,Tau,85.516605,22.660325,99.7009,6.350,26853,37784,1954,,-0.36,-25.09,-21
,,Dor,87.846240,-64.033566,346.0208,6.350,27660,39963,2073,,-7.98,16.77,13
,,Aur,89.140695,28.942266,100000.0000,6.350,28117,39866,2066,,1.19,-2.21,19
,,Pup,91.118580,-45.036603,26.5675,6.350,28764,41700,2157,GJ 9200,-82.08,246.35,25.8
,,Gem,96.182280,25.048714,245.0980,6.350,30501,44780,,,1.79,-1.67,17.2
,,Ori,96.219870,16.057130,141.0437,6.350,30517,44867,2302,,23.31,-41.37,77
,,Mon,96.686880,-7.511936,75.4148,6.350,30675,45380,2328,,4.54,-11.8,20
,,CMa,99.171105,-22.614732,322.5806,6.350,31593,47247,2433,,-8.05,7.74,34
,,Aur,99.991170,44.014114,212.3142,6.350,31889,47270,2434,,22.35,4.09,-30
,,Gem,101.847735,18.193452,176.6784,6.350,32539,49059,2499,,-0.02,-43.08,21
,,Pup,113.092800,-35.961188,196.4637,6.350,36657,60312,2895,,-13.83,4.24,23
,,CMi,119.317890,1.127029,61.9579,6.350,38870,65123,3098,,-164.71,2.9,3.7
,,Pup,119.801280,-49.976851,100000.0000,6.350,39035,66005,3142,,-5.37,7.53,13
,,Pup,121.135995,-25.699737,259.0674,6.350,39514,66885,,,-16.32,-16.01,
,,Hya,128.853990,2.743449,160.5136,6.350,42142,72908,3392,,-1.5,3.8,-4
,,Car,129.805080,-60.317289,136.9863,6.350,42440,74148,3443,,-41.25,19.94,9
,,Vel,131.918310,-41.736792,29.1460,6.350,43177,75289,3497,,-20.5,-227.68,14
,,UMa,133.274745,59.056140,60.5694,6.350,43624,75487,3506,,15.5,-1.18,9
,,Car,154.925160,-65.137238,436.6812,6.350,50562,89805,,,-8.43,2.13,
,,Car,160.323000,-59.676916,100000.0000,6.350,52308,92740,4188,,-7.81,2.58,33
,,Car,161.877540,-69.437733,427.3504,6.350,52785,93739,,,-8.29,0.3,
,,Crt,165.239115,-15.792682,145.1379,6.350,53849,95441,4297,,86.61,-36.82,-5
,,Hya,168.061620,-32.433793,281.6901,6.350,54725,97393,4346,,11.58,13.29,27
,,Cha,169.642665,-79.668651,61.1247,6.350,55225,98617,4385,,57.7,-20.06,-4
,,UMa,175.114305,57.970404,156.0062,6.350,56944,101391,4493,,-9.39,12.68,4
,,Cru,186.870150,-58.316445,264.5503,6.350,60780,108395,,,-1.09,13.97,
,,Vir,211.112415,-14.971708,125.9446,6.350,68763,122837,5277,,-35.28,-21.42,-15
,,Hya,213.102360,-24.363352,171.2329,6.350,69398,124162,5309,,19.9,-5.22,11
,,Hya,214.779825,-27.141147,277.0083,6.350,69977,125279,,,-23.12,3.03,
,,Boo,225.161340,47.277441,169.7793,6.350,73454,133029,5597,,-8.22,15.49,-14
,,Boo,226.646475,36.456063,29.8329,6.350,73941,134044,5630,,-64.31,40.36,-5
,,Lup,235.064715,-31.213771,253.8071,6.350,76739,139613,5822,,-49.77,-31.64,-22
,,Oph,241.435650,-6.291129,87.3362,6.350,78849,144362,5989,,50,5.83,-11
,,Oph,246.884460,2.870633,238.0952,6.350,80610,148390,,,6.39,-10.38,
,,UMi,247.662585,77.446514,115.6069,6.350,80850,150275,6191,,-103.74,272.94,-32
,,Sco,253.114245,-40.723153,180.5054,6.350,82554,151965,,,-9.27,-19.9,
,,Her,253.816620,13.619910,77.5795,6.350,82798,152830,6290,,37.01,-34.06,-5
,,Her,254.426280,24.381260,151.2859,6.350,83007,153312,6307,,6.48,-20.08,-22
,,Her,255.969420,19.690513,229.8851,6.350,83493,154301,6343,,-22.94,8.55,-39
,,Oph,257.227170,-3.882991,34.9284,6.350,83906,154962,6372,,-54.85,-158.21,15
,,Her,260.389350,16.731229,306.7485,6.350,84938,157257,6463,,-6.46,-15.5,39
,,Ser,273.991380,-3.617992,134.7709,6.350,89512,167564,6830,,-0.5,-3.52,-22
,,Dra,275.949870,53.300837,101.1122,6.350,90146,169885,6911,,23.59,-10.67,-4
,,Pav,280.594275,-64.643044,205.7613,6.350,91733,172021,6996,,-3.22,-28.75,-9
,,Sgr,281.327730,-21.001615,61.1247,6.350,92016,173282,7038,,26.75,-28.35,2
,,Oct,284.541825,-83.422198,169.4915,6.350,93117,172226,,,16.9,-13.03,
,,Sgr,285.103380,-24.942171,181.8182,6.350,93315,176246,7168,,55.54,41.2,-25
,,Dra,285.529320,52.261058,214.1328,6.350,93466,177483,7229,,-7.47,-32.73,4
,,Lyr,287.879085,26.735871,43.4972,6.350,94290,179422,7280,,33.02,-31.94,-27
,,Aql,293.441790,5.465708,202.4291,6.350,96204,184313,,,-5.11,-23.67,-51.4
,,Cyg,304.739745,39.004184,100000.0000,6.350,100155,193469,,,-2.12,-8.08,8
,,Del,306.506655,13.911612,364.9635,6.350,100781,194578,,,25.12,-27.49,
,,Mic,307.736670,-29.112666,209.2050,6.350,101211,195206,7832,,18.53,-6.31,-20
,,Cap,308.218155,-24.943829,114.1553,6.350,101384,195549,7842,,5.27,-42.89,-11
,,Mic,313.353990,-30.718954,174.5201,6.350,103103,198751,7991,,34.13,-18.37,-7
,,Vul,321.096390,24.528393,146.6276,6.350,105689,203886,8197,,34.94,-9.96,-24
,,Oct,323.477025,-82.683084,217.3913,6.350,106474,203532,8176,,22.61,-2.5,-5
,,Peg,338.195445,15.863263,183.1502,6.350,111296,213644,8587,,20.43,17.1,-28
,,Ind,342.322740,-70.347982,105.4852,6.350,112694,215729,8672,,12.96,32.95,8
,,Psc,344.677605,7.340074,90.0901,6.350,113465,217186,8738,,-29.32,-67.77,-1
,,Cep,349.328610,75.299025,183.8235,6.350,114984,219841,8867,,17.81,-3.06,-8
,,Scl,349.929765,-33.708052,181.8182,6.350,115178,219912,8871,,42.71,-37.68,23
,,Psc,352.362450,-1.791213,279.3296,6.350,115945,221147,,,-14.39,-22,12
,,And,354.127140,32.904215,72.0461,6.350,116505,221970,8955,,-5.58,7.12,-1
,28    Lyn,Lyn,121.791435,43.260365,193.4236,6.350,39722,66824,3167,,-12.56,-34.36,9
,32Ups2Cnc,Cnc,128.250450,24.084790,170.3578,6.350,41940,72324,3369,,-64.67,-47.47,75
,77    Psc,Psc,16.455120,4.908372,40.6339,6.350,5141,6479,313,,11.75,-119.26,-7
,80    Leo,Leo,171.458565,3.860110,55.9284,6.350,55791,99329,4410,,-83.06,-34.72,-3
,9    CVn,CVn,189.692835,40.874662,67.8426,6.350,61692,109980,4811,,-24.25,-13.49,-15
,Zet Cae,Cae,71.956560,-30.020372,131.7523,6.350,22280,30608,1539,,28.97,92.79,6
,,And,0.181785,45.253334,187.9699,6.360,63,224801,9080,,17.38,0.22,-3
,,Cet,16.803825,-23.996334,68.7758,6.360,5259,6668,325,,74.44,-31.75,15
,,Psc,19.350495,31.744617,85.1064,6.360,6025,7724,374,,-44.7,3.32,-34
,,Cas,20.838960,58.142994,58.8235,6.360,6486,8272,391,,132.26,-90.68,7
,,Hyi,29.472315,-65.424700,169.7793,6.360,9149,12270,584,,-24.59,-6.5,12
,,Phe,34.853190,-41.848367,192.6782,6.360,10832,14509,686,,4.86,27.62,23
,,And,38.866245,39.664380,198.0198,6.360,12057,16004,746,,16.3,-33.44,-8
,,Eri,42.699165,-39.932224,88.1057,6.360,13271,17864,853,,42.3,-10.16,19
,,Eri,47.772015,-13.264284,327.8689,6.360,14797,19850,,,26.92,8.14,
,,For,50.567850,-25.587802,114.4165,6.360,15700,20980,1018,,5.11,0.66,25
,,Eri,61.036275,-16.588728,154.5595,6.360,18990,25700,1263,,93.93,-61.63,32
,,Hor,63.398835,-40.357763,291.5452,6.360,19721,26927,1323,,10.69,30.91,59
,,Eri,64.762035,-33.904617,102.0408,6.360,20138,27490,1359,,-2.11,4.53,16
,,Cam,72.651615,70.941528,207.0393,6.360,22508,30085,1510,,1.71,-20.2,7
,,Tau,73.743165,19.485388,64.3501,6.360,22850,31236,1566,,63.32,-28.41,35
,,Cam,78.648075,76.472761,132.6260,6.360,24440,32781,1650,,-8.58,-3.27,7
,,Ori,81.814170,2.341200,124.5330,6.360,25505,35775,,,5.87,-2.02,
,,Aur,84.440850,33.559167,154.0832,6.360,26463,37138,1904,,16.61,4.98,29
,,Gem,90.423450,22.401001,240.9639,6.360,28561,40724,2116,,-6.19,-17.4,24
,,Lep,92.334150,-18.126385,152.6718,6.360,29178,42327,2182,,3.51,-21.33,33
,,Col,98.975160,-36.088632,39.6040,6.360,31509,47230,2431,,-59.85,-73.04,28
,,Col,99.213645,-41.557141,483.0918,6.360,31603,47475,2445,,1.28,5.62,14
,,Mon,100.496790,6.345425,854.7009,6.360,32067,48099,2467,,0.81,2.35,31
,,Vol,100.903080,-73.118208,136.7989,6.360,32222,49947,2531,,12.43,-98.28,16
,,CMa,103.978215,-31.790179,294.9853,6.360,33330,51411,2598,,-8.17,6.67,21
,,CMa,104.531475,-27.164381,854.7009,6.360,33532,51925,2614,,-2.5,4.26,18
,,Cam,108.491685,71.816584,129.8701,6.360,34956,54070,2681,,23.39,18.54,-68
,,Gem,112.166250,27.552938,114.5475,6.360,36325,58898,,,17.01,24.23,24
,,Lyn,118.151835,55.209443,113.5074,6.360,38449,63586,3039,,-21.76,-42.2,8
,,Car,118.751790,-52.583330,361.0108,6.360,38667,65189,3100,,-13.58,11.49,7
,,Lyn,119.568975,43.977374,129.1990,6.360,38959,64958,3094,,38.82,4.94,-49
,,Pup,122.156850,-37.681221,840.3361,6.360,39866,67888,3195,,-7.81,8.71,30
,,Car,127.401630,-55.190936,193.4236,6.360,41653,72322,3368,,-9.69,-13.23,-12
,,Pyx,128.243760,-34.634039,127.0648,6.360,41939,72688,3385,,-18.26,3.27,6
,,Vel,128.257755,-45.752906,581.3953,6.360,41941,72798,,,-8.86,9.06,22
,,Car,133.725165,-58.239658,218.3406,6.360,43763,76640,3568,,-20.24,16.14,13
,,Car,138.210915,-60.916769,173.3102,6.360,45214,79699,,,-22.14,18.93,
,,UMa,145.679595,48.431000,139.2758,6.360,47633,83869,3854,,-30.54,-23.75,-8
,,Ant,147.463965,-36.268463,152.9052,6.360,48219,85296,3897,,-18.07,4.29,21
,,Leo,151.420500,15.757506,100.0000,6.360,49445,87500,3969,,-77.31,-7.2,12
,,Hya,153.537345,-23.813946,363.6364,6.360,50142,88806,,,-24.41,10.87,-6.2
,,LMi,155.923995,29.615856,114.9425,6.360,50904,89993,4078,,-7.9,-13.12,-13
,,Ant,160.214760,-35.741718,277.0083,6.360,52273,92589,4183,,-26.6,5.53,11
,,Cha,163.119420,-79.559437,621.1180,6.360,53151,94717,4268,,-11.29,2.09,3
,,Car,164.450790,-59.732190,100000.0000,6.360,53589,95109,4276,,-5.12,2.09,1.7
,,Cen,179.794530,-45.832220,121.8027,6.360,58452,104080,,,-30.05,-8.45,
,,Com,184.434420,15.144700,175.4386,6.360,59941,106926,4676,,34.54,-41.27,-42
,,Mus,185.810835,-67.631546,49.8008,6.360,60417,107773,4710,,-751.13,257.04,31
,,Vir,186.925335,8.610344,156.4945,6.360,60804,108471,4741,,22.23,-11.21,-6
,,Vir,199.374390,-0.676065,81.4332,6.360,64838,115488,5014,,-68.14,-9.6,-20
,,Mus,203.399580,-65.632690,111.4827,6.360,66152,117651,5093,,-34.28,-27.91,12
,,Vir,209.955330,-3.549788,77.5194,6.360,68380,122106,5258,,-29.68,-56.3,-8
,,Boo,210.403380,17.668391,387.5969,6.360,68516,122443,,,-45.85,-83.14,
,,Vir,213.588795,-5.947717,42.8633,6.360,69564,124553,5322,,-306.24,83.58,-32
,,Cir,216.415740,-66.172922,132.6260,6.360,70528,125990,5382,,-41.85,-15.98,18
,,Cen,216.707820,-39.873989,147.2754,6.360,70626,126475,5400,,-19.65,-22.79,8
,,Boo,217.403235,41.795911,23.7417,6.360,70873,127334,5423,GJ 3852,161.06,-220.92,0.4
,,Cen,224.148975,-39.416023,114.4165,6.360,73116,131752,5561,,-38.85,-21.22,-7
,,Cir,228.496620,-61.342977,260.4167,6.360,74552,134657,,,-7.13,-20.76,-12
,,Ser,230.278665,24.958020,182.4818,6.360,75125,136643,5711,,-26.56,-18.91,-2
,,Lup,233.586900,-39.349210,107.6426,6.360,76234,138564,5773,,-28.22,-37.49,0.3
,,Her,249.178920,15.497455,126.2626,6.360,81337,149822,6176,,-14.74,-30.35,
,,Sco,253.080195,-41.854514,100000.0000,6.360,82543,151932,6249,,-2.26,-0.37,25
,,Her,254.459085,42.512451,200.8032,6.360,83013,153472,6313,,-10.23,-41,28
,,Sco,259.585455,-32.553107,319.4888,6.360,84650,156325,6422,,-2.16,-7.39,-14
,,Her,260.140485,48.188791,39.6511,6.360,84855,157373,6467,,207.18,-3.35,31
,,Oph,260.423175,-24.906103,172.7116,6.360,84947,156992,,,-34.21,-38.49,-12
,,Oph,262.447275,-5.919479,78.9889,6.360,85622,158463,6512,,-33.13,-64.4,4
,,Her,263.428245,14.841598,184.5018,6.360,85934,159354,6543,,22.09,-73.53,30
,,Her,265.156455,43.470666,130.8901,6.360,86501,160950,6599,,54.62,56.79,-29
,,Ser,265.951710,-13.508699,43.9947,6.360,86769,161023,6600,,-71.14,-110.93,-7
,,Pav,269.100945,-65.721739,35.6888,6.360,87822,162521,,GJ 4033,84.63,-318.58,-22.2
,,Oph,270.065310,0.629483,135.3180,6.360,88148,164258,6709,,20.25,-2.03,-34
,,Oph,270.220245,6.268294,480.7692,6.360,88213,164432,6719,,0.89,-6.98,-14
,,Her,272.292600,30.469531,123.4568,6.360,88929,166411,6799,,73.52,139.13,-80
,,Her,273.177570,41.146840,164.7446,6.360,89246,167304,6824,,-10.1,-43.99,-48
,,Sgr,274.348920,-28.288975,30.4878,6.360,89620,167665,6836,,132.39,-151.56,7
,,Ser,276.014955,-3.583157,61.9195,6.360,90174,169268,6890,,-16.78,-47.43,-17
,,CrA,277.303635,-43.845939,132.2751,6.360,90597,169943,6915,,0.79,21.96,-9
,,Sct,278.086065,-14.644268,82.1693,6.360,90884,170902,6956,,-3.15,-21.05,-38
,,Sct,278.344620,-5.911718,123.7624,6.360,90967,171149,6963,,-11.04,-28.17,-24
,,Sgr,278.998515,-29.699104,219.2982,6.360,91172,171416,6972,,4.6,-9.93,-50
,,Ser,279.903660,5.264287,343.6426,6.360,91499,172365,7008,,1.74,2.02,-19
,,Tel,289.540710,-53.387086,45.0653,6.360,94858,180134,7297,,24.65,-81.41,-24
,,Aql,294.704130,3.381522,100000.0000,6.360,96630,185423,7471,,1.3,0.22,-1
,,Cyg,296.204385,40.716803,251.2563,6.360,97151,186776,7523,,-68.01,-24.79,-97
,,Pav,302.780925,-57.524239,160.0000,6.360,99453,191095,7691,,12.17,-34.76,-7
,,Cyg,303.930195,50.232903,111.2347,6.360,99870,192983,7755,,15.52,15.09,-25
,,Mic,308.949210,-44.337606,142.0455,6.360,101623,195902,,,-9.85,15.37,
,,Cap,310.048875,-23.773867,14.3823,6.360,101997,196761,7898,Gl 796,500.83,460.76,-45.3
,,Cyg,313.280700,29.649097,122.6994,6.360,103079,198976,7999,,-4.78,-64.56,-10
,,Pav,315.366750,-68.209593,79.7448,6.360,103752,199475,8019,,-15.51,5.3,9
,,Cyg,319.071360,44.238222,414.9378,6.360,105017,202710,,,14.93,10.67,-16.8
,,Cyg,324.058275,30.055422,110.8647,6.360,106661,205688,8261,,-52.47,59.73,-20
,,Peg,328.572585,19.718121,102.9866,6.360,108119,208202,8364,,-34.28,-12.44,4
,,Peg,330.505725,10.973806,598.8024,6.360,108766,209288,8397,,10.84,1.53,-15
,,Peg,331.143825,32.941744,284.9003,6.360,108969,209693,8412,,6.11,-7.82,-22
,,Aqr,332.370660,-23.659109,176.6784,6.360,109375,210244,,,34.06,3.25,
,,Cep,332.563800,72.111265,157.9779,6.360,109434,210873,8473,,-8.49,-21.74,-3
,,Peg,332.591820,14.629858,135.6852,6.360,109445,210461,8456,,18.95,-25.12,-42
,,Peg,340.380435,30.965861,299.4012,6.360,112032,214979,8638,,48.8,1.14,-35
,,Tuc,342.088905,-61.684364,133.1558,6.360,112603,215682,8669,,73.06,-3.29,-18
,,Aqr,343.877475,-20.139404,212.7660,6.360,113204,216727,,,43.98,-15.25,
,,Peg,348.652020,24.102898,176.0563,6.360,114742,219310,8839,,113.84,5.31,-27
,,Cas,357.299610,58.963202,77.1605,6.360,117472,223421,9020,,33.26,-8.39,30
,,Cep,358.102995,75.544588,10.8909,6.360,117712,223778,9038,Gl 909A,341.82,41.88,1.7
,20    UMi,UMi,243.134040,75.210681,200.4008,6.360,79420,147142,6082,,-43.51,35.73,-26
,47    Cam,Cam,110.571600,59.901996,73.8007,6.360,35735,56820,2772,,-1.72,15.4,7
,50    LMi,LMi,164.143455,25.500244,78.4929,6.360,53492,94747,4270,,-23,-7.9,30
,54    Cnc,Cnc,132.756105,15.350651,38.3142,6.360,43454,75528,3510,,-118.13,72.47,45
,56    Aqr,Aqr,337.572285,-14.585734,193.4236,6.360,111086,213236,8567,,34.25,-34.49,-27
,,Cas,20.495745,76.238804,76.0456,6.370,6378,7925,381,,67.85,-34.31,-16
,,Scl,22.428390,-25.617749,168.9189,6.370,6971,9151,,,37.75,12.76,
,,For,27.453600,-38.402797,27.3523,6.370,8514,11262,535,,2.1,282.37,22
,,Eri,29.039175,-49.836446,200.4008,6.370,9022,11965,,,14.36,14,
,,For,29.611170,-33.066787,129.7017,6.370,9207,12135,576,,4.19,-20.26,1
,,And,33.990495,47.811937,110.8647,6.370,10562,13818,653,,45.16,-49.62,16
,,Ari,46.169355,15.856023,161.5509,6.370,14318,19080,924,,-11.92,-91.94,-32
,,Eri,47.647440,-23.738548,90.6618,6.370,14757,19826,953,,60.38,31.18,9
,,Tau,50.912460,4.882105,373.1343,6.370,15807,21018,1023,,-6.83,-2.56,3
,,Cas,52.580805,71.863897,262.4672,6.370,16319,21179,1032,,3.85,0.1,-23
,,Cam,53.421825,57.868725,66.9344,6.370,16602,21794,1071,,7,36.75,-72
,,Eri,59.115255,-13.597531,100000.0000,6.370,18428,24834,,,9.3,4.19,38.3
,,Ret,61.839165,-64.222291,23.6295,6.370,19233,26491,1294,Gl 162.1,185.91,336.76,27.5
,,Tau,66.505620,4.373451,217.8649,6.370,20698,28086,,,22.87,-16.01,
,,Tau,68.020035,5.410035,43.4972,6.370,21152,28736,1436,,114.15,6.17,40
,,Eri,68.658915,-24.040500,113.1222,6.370,21324,29163,,,14.91,18.05,
,,Cam,77.435505,64.919490,39.8248,6.370,24017,32715,1647,,-16.75,-182.2,
,,Lep,79.822650,-18.519919,263.1579,6.370,24825,34798,1753,,2.26,8.98,10
,,Lep,89.143485,-23.215310,137.1742,6.370,28118,40235,2090,,12.62,30.02,-5
,,Ori,92.757375,18.130465,338.9831,6.370,29326,42351,2184,,1.78,-2.42,-3
,,CMa,93.438750,-23.861938,16.7224,6.370,29568,43162,2225,GJ 3389,-47.06,110.9,22.4
,,Ori,93.974880,1.169078,96.2464,6.370,29746,43358,2236,,-6.51,30.36,3
,,CMa,96.182895,-28.780112,21.8818,6.370,30503,45184,2318,GJ 3394,-164.83,-120.68,-4.4
,,Aur,101.052180,36.109258,281.6901,6.370,32268,48272,2471,,5.17,-0.09,-15
,,Mon,102.914070,3.041991,105.0420,6.370,32931,50062,2543,,4.19,-29.65,24
,,Lyn,106.287450,47.775044,413.2231,6.370,34168,52860,2645,,0.28,0.09,-17
,,Lyn,113.983260,43.030959,140.6470,6.370,36965,60335,2898,,-26.13,-52.69,21
,,Gem,114.559875,24.360441,42.6076,6.370,37165,61035,2926,,10.84,19.9,7
,,Vol,116.182785,-66.071933,194.1748,6.370,37773,63513,3036,,-15.97,47.43,2
,,Pup,119.806500,-49.973772,100000.0000,6.370,39038,66006,3143,,-10.57,7.29,23
,,Pup,122.181585,-20.363173,581.3953,6.370,39876,67751,3190,,-7.25,2.25,28
,,Hya,130.999080,4.334558,303.9514,6.370,42854,74393,3458,,-15.01,-6.3,34
,,Car,136.531755,-64.499849,165.8375,6.370,44665,78632,3632,,18.6,29.57,1
,,Cam,137.802975,80.828909,75.5287,6.370,45097,77246,,,-20.66,-15.02,
,,Hya,145.083615,-10.769185,225.7336,6.370,47454,83731,3848,,-8.44,-0.66,-11
,,UMa,157.152180,45.212211,369.0037,6.370,51290,90602,4103,,-21.8,-21.03,-4
,,Leo,163.057050,1.024973,273.9726,6.370,53141,94180,4244,,2.61,-3.83,-13
,,Leo,177.730590,12.279037,51.5996,6.370,57779,102910,4543,,-136.66,27.2,7
,,Vir,181.499220,-3.131591,178.2531,6.370,59010,105089,4613,,-27.64,-19.81,17
,,Crv,187.519905,-13.393184,24.6488,6.370,60994,108799,4758,Gl 469.2A,-261.58,-54.16,1.9
,,Mus,198.857115,-69.679284,89.1266,6.370,64682,114912,4994,,-99.97,-35.52,-11
,,Cen,200.760840,-48.562791,649.3506,6.370,65303,116226,5039,,-8.8,-2.28,-41
,,CVn,203.591100,38.789265,69.8324,6.370,66223,118156,5108,,21.11,23,-12
,,Lup,219.852210,-49.055319,55.1876,6.370,71658,128617,5458,,-189.07,-125.21,-17
,,Ara,257.526150,-61.675456,380.2281,6.370,83984,154555,6356,,-2.75,-6.35,4
,,Her,260.380155,28.758101,158.9825,6.370,84934,157358,6466,,12.16,0.8,-6
,,Oph,262.009740,-8.208374,97.3710,6.370,85474,158170,6504,,-84.75,-129.61,-64
,,Her,264.089250,27.566639,236.4066,6.370,86153,159968,,,-4.59,-69.36,-37.2
,,Her,265.272855,24.513254,161.8123,6.370,86537,160835,6592,,-18.35,54.84,-32
,,Her,268.003755,46.643574,108.2251,6.370,87434,163075,6674,,30.21,-115.78,-28
,,Aps,271.361505,-81.486568,251.8892,6.370,88599,162337,6646,,28.45,-49.29,-3
,,Her,276.480120,14.966232,117.9245,6.370,90337,169820,6906,,-7.6,-19.85,-21
,,Aql,282.689790,10.976392,386.1004,6.370,92475,174569,7099,,7.51,6.35,-24
,,Sgr,284.861580,-18.566433,334.4482,6.370,93234,176123,7164,,-0.62,-18.62,-14
,,Sgr,285.779160,-19.103024,80.2568,6.370,93543,176903,7205,,12.62,-3.52,19
,,Lyr,290.891685,33.221966,15.7604,6.370,95319,182488,7368,Gl 758,82.04,162.92,-20.6
,,Aql,292.339005,-7.044086,275.4821,6.370,95820,183344,7402,,-0.33,-9.4,-7
,,Cyg,292.806480,55.731836,363.6364,6.370,96003,184398,7428,,-2.67,-18.19,-6
,,Aql,293.854710,2.913605,39.9840,6.370,96351,184663,7438,,11.26,53.24,4
,,Aql,294.065355,14.391070,119.0476,6.370,96428,184944,7449,,13.6,-42.21,-42
,,Sge,294.855570,16.571121,100000.0000,6.370,96688,185622,7475,,0.29,-6.41,-4
,,Pav,294.967290,-66.685505,103.3058,6.370,96734,184586,7435,,35.16,-40.34,-14
,,Cyg,295.794855,38.671713,387.5969,6.370,97029,186506,,,6.9,0.3,
,,Aql,301.360605,15.500412,126.2626,6.370,98954,190658,7680,,34.33,17.62,-112
,,Vul,307.992540,25.804977,87.0322,6.370,101300,195692,7849,,41.31,-20.03,-18
,,Cyg,315.858615,50.351914,111.8568,6.370,103929,200740,8072,,64.48,45.82,-22
,,Cep,327.905205,65.752710,87.5657,6.370,107893,208132,8361,,-6.43,-20.83,4
,,PsA,332.177670,-33.125691,78.0031,6.370,109306,210111,8437,,13.66,24.9,-4
,,Lac,338.966610,56.070574,111.7318,6.370,111543,214279,8607,,14.11,-0.72,-2
,,Peg,341.393715,30.442557,59.9880,6.370,112368,215549,,,-250.94,-349.5,-0.6
,,Aqr,343.523520,-19.175149,130.8901,6.370,113080,216553,,,81.9,-4.3,
,,And,345.688125,44.058750,325.7329,6.370,113802,217811,8768,,2.19,-5.99,-8
,,And,351.036960,41.612874,293.2551,6.370,115530,220524,,,-12.12,2.31,
,,Aqr,352.021635,-11.449752,125.4705,6.370,115839,220957,8917,,99.58,-22.03,-83
,,Ori,78.388750,-8.147778,100000.0000,6.370,,33948,1704,,-4,,25
,8    Pup,Pup,117.920370,-12.819405,75.4717,6.370,38372,64077,3063,,8.25,-4.96,21
,,Scl,1.084650,-29.268822,124.8439,6.380,345,225200,9102,,29.15,3.44,28
,,Cep,9.948705,82.493762,33.2557,6.380,3132,3440,158,,-113.67,77.23,-33
,,Cas,12.738945,51.508032,67.2948,6.380,3965,4818,238,,137.97,-0.49,2
,,And,24.632610,45.399706,160.5136,6.380,7651,9996,465,,-16.21,0.59,3
,,For,26.504385,-27.348831,43.4972,6.380,8233,10863,517,,97.86,-45.12,6
,,And,32.139825,44.459429,125.9446,6.380,9983,13013,619,,14.13,-47.38,24
,,For,42.984315,-30.814520,32.5415,6.380,13363,17926,858,,122.99,104.95,8
,,Ari,45.875640,28.269906,45.9770,6.380,14232,18928,916,,66.87,-20.64,11
,,Per,46.947255,47.308709,82.1018,6.380,14544,19279,933,,3.96,1.53,-10
,,For,52.973520,-25.614149,71.9424,6.380,16449,21997,1082,,53.46,-14.98,18
,,Eri,65.782320,-35.544815,282.4859,6.380,20467,27941,1386,,-1.62,10.27,17
,,Cae,66.329640,-44.160897,36.8868,6.380,20630,28246,1404,,27.33,65.64,13
,,Tau,67.216620,30.361492,51.5996,6.380,20904,28271,1406,,23.05,-20.33,-37
,,Lep,77.055240,-15.095354,208.7683,6.380,23908,33238,,,-1.82,1.87,
,,Aur,82.687830,39.825916,175.4386,6.380,25810,36041,1825,,23.37,-35.63,12
,,Pic,85.921380,-45.832864,85.0340,6.380,27001,38458,1984,,24.48,97.57,11
,,Pic,87.392190,-44.875394,100000.0000,6.380,27512,39312,2032,,-3.13,5.76,29
,,Aur,90.722895,43.378334,106.9519,6.380,28642,40722,2115,,8.65,-28.91,-19
,,Gem,109.264155,26.689485,77.2201,6.380,35253,56176,,,57.22,-131.62,-5.1
,,CMi,111.615780,10.608067,79.6813,6.380,36123,58552,2836,,-35.9,0.21,-10
,,Vol,112.214190,-64.509804,221.7295,6.380,36346,60150,2888,,5.36,-8.4,14
,,CMi,112.786605,11.202979,227.7904,6.380,36553,59603,,,-17.74,-14.15,
,,Pup,114.437595,-38.010425,174.2160,6.380,37128,61453,2945,,-12.05,60.26,52
,,Pup,116.938365,-16.014483,432.9004,6.380,38037,63323,3027,,-7.78,-0.76,14
,,CMi,117.722625,0.079556,162.8664,6.380,38306,63838,,,17.04,5.47,
,,Pup,123.421125,-33.569528,120.3369,6.380,40291,69002,3238,,33.76,9.96,26
,,Hya,128.139000,-15.030143,83.6820,6.380,41893,72462,3374,,-48.98,22.21,23
,,Pyx,128.215035,-31.500853,12.2085,6.380,41926,72673,3384,Gl 309,-1113.64,761.73,15.7
,,Vel,132.468180,-39.141603,76.0456,6.380,43354,75654,3517,,-63.91,41.13,9
,,Vel,132.958485,-44.150931,515.4639,6.380,43520,76004,,,-12.87,6.66,22
,,Pyx,138.339780,-29.664369,286.5330,6.380,45249,79456,,,25.2,21.72,
,,Ant,153.353220,-33.031722,22.8467,6.380,50075,88742,4013,Gl 385.1,-369.81,64.39,41.9
,,Sex,154.884765,-5.106148,91.6590,6.380,50552,89490,4059,,-41.13,-70.76,16
,,Leo,161.523675,6.373183,99.6016,6.380,52660,93244,4207,,-6.77,-36.58,-9
,,UMa,165.273735,63.421110,89.3655,6.380,53860,95256,4286,,-51.01,-51.42,7
,,UMa,173.484585,36.815614,139.2758,6.380,56410,100470,4452,,-126.15,-50.37,18
,,Cha,175.727535,-79.306389,54.6747,6.380,57137,101917,4509,,127.49,-10.97,33
,,Mus,178.685940,-66.376198,43.5350,6.380,58085,103482,,,14.51,-65.43,
,,Cen,188.496495,-49.909810,65.1466,6.380,61328,109312,4782,,-165.18,-48.19,18
,,Cen,190.994445,-36.349153,242.7184,6.380,62128,110653,4838,,7.37,-7.39,-1
,,Boo,213.670665,21.873392,59.8802,6.380,69592,124713,5333,,41.12,-7.18,-4
,,Boo,214.101240,39.744711,50.0000,6.380,69735,125111,5347,,-140.37,6.97,-24
,,Cen,220.463490,-30.933156,353.3569,6.380,71853,129161,5474,,-14.89,-15.03,-11
,,Cir,223.725195,-69.860956,256.4103,6.380,72983,130942,,,-9.48,-13,
,,Lib,225.535725,-7.575299,203.6660,6.380,73571,132953,,,-22.94,-2.75,
,,Ser,232.300485,16.395618,129.8701,6.380,75810,138085,,,-32.84,61,
,,Nor,240.518670,-51.120771,197.6285,6.380,78540,143321,,,-11.88,-15.38,-19.9
,,Her,252.037005,13.590296,220.7506,6.380,82241,151627,6239,,12.73,-17.33,1
,,Her,254.383500,13.884113,61.1247,6.380,82989,153226,6301,,-81.01,69.73,-31
,,Oph,256.540185,9.733868,275.4821,6.380,83677,154610,6358,,7.84,5.37,-6
,,Oph,256.554375,10.453878,119.0476,6.380,83688,154619,6359,,37.35,6.4,-24
,,Her,261.503610,26.878734,194.5525,6.380,85313,158067,6499,,7.88,20.28,-27
,,Sco,262.356705,-38.516920,117.5088,6.380,85589,158156,6503,,22.92,9.59,8
,,Her,265.773150,44.084320,319.4888,6.380,86713,161369,6612,,-42.39,34.71,-60
,,Her,271.253340,41.946290,54.7046,6.380,88565,165645,6767,,-19.75,98.16,-20
,,Her,272.406120,38.457777,11.0241,6.380,88972,166620,6806,Gl 706,-316.17,-468.33,-19.1
,,Ser,272.430750,-13.934435,253.1646,6.380,88981,166103,6785,,14.61,-3.34,-20
,,Pav,272.489895,-59.040182,200.0000,6.380,89006,165497,6760,,-25.57,-2.74,-10
,,Dra,291.610320,62.557145,210.0840,6.380,95576,183611,7413,,31.86,37.8,-40
,,Cyg,296.415225,36.091022,300.3003,6.380,97228,186901,7529,,2.23,6.59,-19
,,Pav,299.720610,-68.762583,105.7082,6.380,98346,188164,7588,,36.46,-73.83,-18
,,Aql,301.272555,-11.599413,724.6377,6.380,98910,190390,7671,,-0.57,-14.98,-12
,,Cyg,305.512740,41.132137,403.2258,6.380,100434,194069,7795,,2.44,-3.67,-4
,,Cyg,306.597795,56.638698,189.0359,6.380,100808,195066,7827,,10,8.35,-21
,,Cap,309.467595,-25.109220,47.5285,6.380,101808,196385,7877,,72.85,-15.41,-26
,,Del,311.949495,3.306467,144.9275,6.380,102631,198070,7954,,37.66,9.71,-21
,,Aqr,313.273320,-11.573659,44.1501,6.380,103077,198802,7994,,40.45,42.26,-1
,,Cep,318.426960,64.403952,42.7533,6.380,104788,202582,8133,,17.13,-105.43,30
,,Aqr,318.654375,0.092256,289.8551,6.380,104872,202259,8121,,36.4,-12.61,-124
,,Cap,321.033030,-22.747101,137.7410,6.380,105662,203639,8184,,-21.59,-12.35,14
,,Cap,327.554085,-16.844914,217.8649,6.380,107797,207552,8340,,18.41,-5.6,-1
,,Peg,331.264425,14.815918,165.5629,6.380,109009,209709,,,-13.53,-14.89,-2.3
,,Cep,331.556490,56.343396,197.6285,6.380,109124,210071,8434,,16.36,2.56,-20
,,Peg,334.123530,27.804030,119.9041,6.380,109977,211432,8503,,-14.99,-4.28,16
,,Lac,335.461950,42.078156,170.3578,6.380,110408,212222,8528,,15.65,-5.23,-18
,,Lac,339.572505,45.182935,169.7793,6.380,111753,214558,8617,,-5.22,-6.67,-4
,,Psc,344.598585,-1.410209,104.1667,6.380,113433,217131,8735,,85.47,-6.67,-14
,,And,346.770930,35.636491,197.2387,6.380,114152,218365,,,56.25,10.71,-26.9
,,Peg,350.619075,25.918483,467.2897,6.380,115389,220288,,,2.24,-10.96,25.8
,,Aqr,354.512625,-15.095108,118.4834,6.380,116624,222125,,,82.29,-111.43,
,,Sco,268.439583,-34.786111,100000.0000,6.380,,162678,6660,,10,-3,-15
,19    Gem,Gem,97.905975,15.903501,134.9528,6.380,31105,46031,2371,,-7.78,-13.28,21
,20    Aqr,Aqr,321.215310,-3.398357,63.5728,6.380,105729,203843,8192,,-6.64,-50.25,-23
,5    Per,Per,32.871645,57.645543,100000.0000,6.380,10227,13267,627,,-0.72,-1.79,-34
,9    Com,Com,184.873095,28.156916,54.4662,6.380,60098,107213,4688,,-202.47,-125.69,-8
,,Psc,8.730690,13.371137,109.6491,6.390,2734,3166,141,,-74.19,-54.54,-19
,,Cas,11.659695,69.325408,40.7498,6.390,3641,4295,200,,166.87,15.31,-14
,,Psc,12.826350,3.385020,137.9310,6.390,3992,4928,243,,22.13,-63.64,6
,,Cas,14.229360,68.775657,64.8929,6.390,4446,5357,261,,97.59,-35.05,-8
,,Cas,19.557870,57.803166,348.4321,6.390,6093,7733,,,-7.68,-1.21,
,,Tri,23.031570,34.799962,255.7545,6.390,7147,9298,438,,-9.66,-5.32,-1
,,And,23.968950,41.076420,120.0480,6.390,7444,9712,452,,144.44,0.69,65
,,Psc,24.181365,7.831529,282.4859,6.390,7505,9889,,,4.49,9.13,
,,Cet,31.716870,-19.138869,89.7666,6.390,9862,13004,,,148.4,-36.22,
,,Hor,36.360300,-66.494026,230.9469,6.390,11293,15379,722,,-20.67,1.21,2
,,For,53.639940,-31.874801,353.3569,6.390,16672,22322,1095,,15.36,-1.1,14
,,Per,60.311805,36.989477,121.2121,6.390,18769,25152,1234,,-6.13,-2.72,-20
,,Cep,64.465995,80.535783,319.4888,6.390,20039,25904,,,-11.62,9.28,
,,Cam,80.169525,66.746878,118.2033,6.390,24955,34200,,,-7.59,24.29,
,,Ori,82.237125,-3.307429,244.4988,6.390,25667,36058,1826,,-3.29,-6.96,5
,,Aur,91.121280,51.573395,134.9528,6.390,28765,40873,2123,,2.3,-42.82,20
,,Ori,94.099140,17.181607,294.1176,6.390,29798,43335,2235,,-0.27,-9.59,39
,,Mon,96.468030,11.125884,123.1527,6.390,30602,45090,,,-7.71,-9.57,
,,CMa,98.361135,-20.923961,98.8142,6.390,31266,46602,2403,,-17.73,-27.54,-2
,,Mon,99.403725,10.853293,152.4390,6.390,31662,47156,2426,,-37.96,-32.68,2
,,Mon,103.535790,-5.852188,163.6661,6.390,33154,50700,2570,,-11.21,5.6,17
,,Pup,105.207270,-33.465530,118.0638,6.390,33774,52703,2641,,13.13,78.19,28
,,CMi,111.671730,11.008833,409.8361,6.390,36141,58599,2840,,-5.49,-10.39,29
,,Car,114.006705,-55.887708,177.3050,6.390,36977,61394,2941,,-14.56,10.37,22
,,Pup,116.686305,-12.675313,227.7904,6.390,37951,63112,3019,,-10.32,-0.08,8
,,Cnc,123.587475,13.048296,364.9635,6.390,40354,68776,3231,,-18.85,-18.35,25
,,Vel,127.794300,-47.866620,364.9635,6.390,41781,72485,3375,,-13.82,8.49,11
,,Vel,133.170075,-52.128906,124.0695,6.390,43593,76230,3542,,-16.52,14.79,18
,,Pyx,133.982940,-23.818303,71.6332,6.390,43853,76512,3559,,-46.96,45.55,21
,,Lyn,135.419865,39.713518,76.1615,6.390,44331,77093,3586,,-41.39,-76.52,-8
,,Vel,135.772245,-53.550372,260.4167,6.390,44423,77907,3611,,-19.3,9.42,-7
,,Cnc,136.862145,22.980872,58.1734,6.390,44768,78175,3617,,-168.24,2.91,29
,,Dra,144.484425,73.080394,71.0227,6.390,47260,82685,3806,,-42.41,-20.33,
,,Ant,145.672305,-35.501709,337.8378,6.390,47627,84224,3867,,-20.07,7.53,17
,,Vel,149.022240,-40.824546,224.2152,6.390,48706,86211,3930,,-23.24,-17.15,58
,,Vel,149.091240,-51.336158,100000.0000,6.390,48730,86352,3935,,-7.61,-1.66,9
,,Sex,155.886075,-3.642854,425.5319,6.390,50893,90057,,,-11.79,5.45,
,,Car,166.601205,-64.839972,134.5895,6.390,54289,96568,4326,,-48.91,-6.73,-6
,,Crt,168.145005,-21.749339,189.7533,6.390,54749,97428,4348,,12.87,4.72,-24
,,Vir,180.935175,5.557750,70.1262,6.390,58809,104755,,,-149.01,-83.08,6
,,Cen,185.903115,-39.302360,114.0251,6.390,60454,107833,4713,,-23.07,4.9,-13
,,Hya,185.949285,-30.335415,229.3578,6.390,60468,107869,,,10.21,-12.25,67.7
,,Com,189.759090,22.659497,133.1558,6.390,61719,109996,4812,,-42.12,-19.77,-27
,,CVn,189.820245,35.951959,134.5895,6.390,61748,110066,4816,,19.31,-2.63,-15
,,UMa,190.767330,61.155421,164.2036,6.390,62046,110678,4840,,-51.36,19.85,-6
,,Dra,207.747060,68.315300,102.3541,6.390,67589,121146,5227,,-176.59,-58.13,-45
,,Vir,211.060665,-5.381416,100.9082,6.390,68739,122815,5276,,-16.35,-12.66,-9
,,Cen,211.604835,-59.715905,100000.0000,6.390,68902,122879,5281,,-3.26,-1.17,2
,,Cen,212.059515,-63.207950,112.4859,6.390,69065,123151,5289,,19.17,35.26,39
,,Boo,216.008250,27.413177,609.7561,6.390,70385,126307,,,-3.89,-4.43,31.6
,,Cen,217.735920,-40.845122,282.4859,6.390,70966,127152,5417,,-13.1,-4.16,-16
,,Boo,218.334450,36.959023,75.0188,6.390,71168,127986,5441,,2.84,-73.78,2
,,Cen,218.821080,-60.015644,171.5266,6.390,71333,127724,5432,,-27.15,-26.76,-7
,,Boo,219.028635,23.250359,116.6861,6.390,71406,128402,5454,,-9.53,27.21,7
,,Cir,220.867260,-62.966671,100000.0000,6.390,72000,129092,,,-4.43,-4.78,-10
,,Cir,224.159760,-62.364417,561.7978,6.390,73118,131491,,,-9.11,-4.09,-2.6
,,Aps,232.704960,-71.654136,395.2569,6.390,75959,137366,,,-7,-21.76,
,,CrB,232.842945,36.616599,74.7943,6.390,76006,138525,5769,,-3.82,-25.47,-50
,,Lup,238.053375,-29.886552,77.4593,6.390,77729,141832,5893,,-136.52,-85.51,-17
,,Oph,241.499220,-6.139754,146.8429,6.390,78870,144390,5990,,-34.19,-5.3,-32
,,CrB,243.027270,39.055524,214.1328,6.390,79385,145957,,,-3.91,-21.39,
,,Dra,244.540815,68.554545,181.4882,6.390,79867,147662,6101,,-24.68,44.88,-11
,,Dra,268.611405,75.171307,160.5136,6.390,87670,164780,6735,,-12.52,38.11,-18
,,Sgr,272.499840,-32.719635,107.7586,6.390,89010,165978,6777,,1.25,-150.02,10
,,Dra,275.279775,49.725466,170.9402,6.390,89943,169221,6886,,0.66,23.51,-17
,,Oct,281.954955,-77.868249,41.4079,6.390,92233,171990,6994,,-26.52,149.49,15
,,Lyr,285.451545,33.621257,260.4167,6.390,93437,177109,7212,,0.4,-1,-23
,,Sgr,288.116820,-21.658382,138.3126,6.390,94372,179201,7276,,31.83,-22.34,-5
,,Cyg,293.755140,52.502018,105.8201,6.390,96316,185114,,,1.47,-34.13,
,,Cyg,296.159055,34.414164,297.6190,6.390,97142,186702,7520,,3.64,3.35,9
,,Oct,299.006805,-81.349840,227.2727,6.390,98086,186154,7494,,20.03,-0.71,-6
,,Cyg,300.703380,31.958832,286.5330,6.390,98701,190227,,,11.37,12.76,-19.8
,,Sge,302.027100,16.664390,485.4369,6.390,99176,191178,7696,,4.33,7.14,11
,,Cap,302.791995,-8.842344,714.2857,6.390,99457,191639,7709,,1.39,-2.07,-7
,,Cyg,306.782385,34.329069,100000.0000,6.390,100866,194951,7823,,1.47,-1.8,-14
,,Del,309.966150,11.249649,33.5233,6.390,101966,196885,7907,,47.44,83.05,-28
,,Cyg,320.255940,40.345066,27.0124,6.390,105406,203454,8170,,-18.89,-208.92,1
,,Peg,322.103490,8.195645,235.2941,6.390,106021,204445,8219,,6.89,-27.25,-6
,,Ind,322.250490,-53.705912,117.9245,6.390,106065,204228,8211,,70.11,-25.53,10
,,Cap,323.816475,-23.454313,111.9821,6.390,106590,205342,8247,,78.05,-14.26,-15
,,Peg,329.099940,21.239858,403.2258,6.390,108296,208527,8372,,1.73,14.62,2
,,Oct,330.469335,-77.662544,99.7009,6.390,108759,208500,8370,,-11.96,-6.41,1
,,Aqr,333.182790,-4.720679,89.0472,6.390,109647,210763,8467,,-43.36,-35.13,2
,,Aqr,334.517805,-0.237656,41.9815,6.390,110091,211575,8507,,-41.39,-54.73,17
,,Aqr,338.953350,-17.460424,149.2537,6.390,111539,214028,,,-30.42,-45.32,-8.1
,,Lac,340.767990,47.168755,775.1938,6.390,112170,215242,8652,,2.26,-2.69,-17
,,Peg,343.648440,16.941834,418.4100,6.390,113131,216672,8714,,15.09,-8.01,11
,,Psc,346.323465,1.307127,117.2333,6.390,114005,218103,8785,,34.34,-21.23,-12
,,Cas,350.059890,61.970129,324.6753,6.390,115218,220074,8881,,6.97,-4.77,-35
,,Aqr,352.754760,-6.288082,460.8295,6.390,116060,221308,8928,,-10.59,-29.68,13
,13    Psc,Psc,352.989855,-1.085885,206.6116,6.390,116146,221409,8934,,8.98,16.17,-23
,29    Aqr,Aqr,330.609375,-16.964836,270.2703,6.390,108797,209278,8396,,5.94,-1.09,15
,39    Cnc,Cnc,130.026750,20.007788,186.5672,6.390,42516,73665,3427,,-35.02,-11.77,35
,58    Aqr,Aqr,337.922160,-10.905561,71.5820,6.390,111200,213464,8583,,71.08,-39.77,4
,9    Cet,Cet,5.715765,-12.209438,20.8638,6.390,1803,1835,88,Gl 17.3,394.27,60.45,-2.6
,Chi1For,For,51.482655,-35.920885,107.8749,6.390,15987,21423,1042,,36.34,-4.74,25
,,Psc,6.993615,19.514039,172.1170,6.400,2213,2410,,,-22.3,-17.33,8.3
,,Phe,9.325905,-54.393819,146.8429,6.400,2937,3488,162,,70.07,-3.79,-6
,,Cas,15.128805,70.982988,109.4092,6.400,4709,5715,278,,76.68,-6.5,6
,,Cas,18.290970,61.706188,201.6129,6.400,5688,7157,354,,29.16,-6.35,-2
,,For,30.617775,-29.665642,147.0588,6.400,9521,12563,606,,-15.71,9.52,12
,,Ari,32.346285,17.224196,37.5375,6.400,10050,13201,624,,136.08,-186.23,11
,,Per,35.480985,57.242916,100000.0000,6.400,11020,14433,,,-1.2,-1.83,-46.7
,,Cet,39.503130,7.695276,73.8007,6.400,12272,16399,770,,87.68,-41.53,13
,,Ari,49.416900,31.127048,26.6809,6.400,15323,20367,,,-103.09,-56.65,5.3
,,For,50.188335,-26.606506,49.9500,6.400,15585,20853,1013,,41.6,22.84,25
,,Hor,50.389290,-47.776661,145.9854,6.400,15655,21011,1021,,7.04,-13.03,-2
,,Tau,54.449295,15.430552,74.7384,6.400,16924,22522,1102,,22.43,-29.51,33
,,Oct,55.636260,-85.261964,152.9052,6.400,17328,25887,1271,,20.99,24.32,21
,,Cae,69.330255,-41.872944,118.7648,6.400,21525,29559,,,24.76,49.44,
,,Cam,73.290780,52.841155,137.3626,6.400,22720,30752,1546,,-14.03,-12.4,-13
,,Lep,77.685795,-25.910463,232.0186,6.400,24114,33667,1694,,-1.45,26.48,42
,,Ori,80.110035,-5.367528,281.6901,6.400,24925,34880,1759,,-4.11,-4.72,20
,,Ori,83.899605,-3.252840,476.1905,6.400,26263,37055,1900,,0.85,-1,24
,,Lep,84.817605,-17.849408,473.9336,6.400,26602,37643,1944,,-6.97,2.78,21
,,Aur,85.337400,29.487418,186.2197,6.400,26781,37646,1945,,16.34,-25.72,18
,,Aur,88.165275,39.574705,188.6792,6.400,27777,39182,2025,,-0.94,-7.31,-19
,,Car,94.465590,-52.733031,366.3004,6.400,29913,44267,2278,,8.55,0.95,-5
,,Mon,96.495120,-7.894983,173.6111,6.400,30608,45239,2321,,-0.36,-3.51,31
,,Lyn,106.505100,59.801850,118.9061,6.400,34250,52708,2642,,22,-2.88,22
,,Aur,110.555880,38.995944,191.5709,6.400,35725,57263,2792,,0.92,-37.35,3
,,Lyn,113.353455,37.187897,147.2754,6.400,36740,59826,,,-0.55,5.87,-67.5
,,Pup,114.030885,-22.160505,187.2659,6.400,36986,60951,2923,,-15.8,-11.47,28
,,Pup,114.850815,-16.847292,279.3296,6.400,37289,61589,,,0.13,-15.29,
,,Car,115.542585,-58.630918,384.6154,6.400,37530,62758,3006,,-5.4,7.03,11
,,CMi,116.058570,12.860071,208.3333,6.400,37723,62407,2987,,-14.56,-18.44,27
,,Mon,121.456800,-0.573320,149.4768,6.400,39625,66950,3172,,-13.47,1.09,34
,,Pup,123.214815,-37.924470,181.8182,6.400,40220,68862,3233,,-3.9,-1.24,27
,,Cam,125.539710,74.820364,143.4720,6.400,41011,69054,,,48.34,45.3,-31.7
,,Pyx,128.623770,-27.098161,251.8892,6.400,42071,72913,,,-37.72,15.41,
,,Cnc,139.463985,11.501146,197.6285,6.400,45614,80064,3689,,-14.94,-2.16,-7
,,Pyx,139.949730,-34.103339,183.8235,6.400,45754,80590,3710,,-12.79,-9.72,26
,,UMa,140.348355,45.370101,203.2520,6.400,45888,80461,,,-9.17,-20.19,
,,Car,144.938070,-62.942923,215.0538,6.400,47422,84046,,,-17.74,18.53,
,,Vel,151.898835,-48.260820,354.6099,6.400,49619,88015,,,-15.94,3.94,17
,,UMa,162.207780,65.132491,120.7729,6.400,52877,93427,4215,,5.09,7.39,-5
,,Vel,163.863420,-43.020528,100.1001,6.400,53411,94724,,,-53.22,8.53,
,,Leo,166.683450,17.737364,293.2551,6.400,54319,96372,,,25.62,-25.56,
,,UMa,168.045465,68.271870,90.7441,6.400,54721,97138,4340,,27.7,6.57,-18
,,UMa,172.720890,47.928918,99.2063,6.400,56170,100030,4435,,-222.13,-75.26,38
,,Crt,174.751830,-24.721093,63.0915,6.400,56830,101259,4489,GJ 3679,30.75,-240.23,96.7
,,Cen,189.194250,-50.335394,102.0408,6.400,61557,109675,,,-47.39,-9.53,
,,Cen,201.811095,-40.162665,123.7624,6.400,65621,116873,5065,,-17.68,10.74,14
,,Hya,202.428270,-23.281331,124.2236,6.400,65835,117287,5080,,-60.73,11.01,-10
,,Cen,206.795280,-62.589714,740.7407,6.400,67261,119796,5171,,-5.49,-3.66,-36
,,Cen,213.838815,-53.509941,315.4574,6.400,69655,124454,5319,,-18.38,-4.44,-21
,,Lup,217.216305,-47.992086,131.5789,6.400,70809,126759,,,-22.53,-19.2,-4
,,Boo,220.475970,21.123551,142.2475,6.400,71857,129430,5483,,-11.09,-56.32,-11
,,Lup,226.733220,-52.029779,452.4887,6.400,73966,133518,,,-2.86,-12.31,-4.3
,,Lup,233.351325,-40.490852,155.5210,6.400,76165,138395,,,40.1,-62.89,
,,Aps,239.979735,-78.027277,87.9507,6.400,78360,141846,,,-1.68,-73.47,
,,Nor,241.025835,-59.176182,813.0081,6.400,78710,143548,,,-4.71,-4.14,
,,Sco,243.439575,-24.422092,143.6782,6.400,79530,145792,6042,,-9.97,-19.22,6
,,Nor,244.245630,-53.696234,70.9220,6.400,79787,146059,,,-58.94,-113.01,-19
,,Sco,244.246665,-20.104088,188.3239,6.400,79788,146436,,,-5.79,-7.06,-33.3
,,Oph,250.319730,1.245444,299.4012,6.400,81691,150493,,,-13.36,-16.04,
,,Ara,255.279270,-56.555077,200.4008,6.400,83269,153201,,,-2.5,-25.55,
,,Her,264.033750,28.185091,133.5113,6.400,86130,159926,6564,,1.7,29.56,-34
,,Oph,265.823790,-27.883981,462.9630,6.400,86725,160839,6593,,4.04,-3.72,-26
,,Pav,271.951545,-64.550177,152.6718,6.400,88815,164871,6740,,-8.33,-57.38,-22
,,Pav,278.372745,-58.708784,48.2859,6.400,90981,170525,6939,,23.92,-104.06,33
,,Sct,280.426920,-14.564244,100000.0000,6.400,91677,172594,7014,,1.49,-0.78,-3
,,Dra,281.408610,79.942673,89.2857,6.400,92040,175938,7160,,12.45,67.6,-5
,,Vul,290.945535,20.264356,421.9409,6.400,95340,182422,7364,,3.07,0.42,-29
,,Mic,319.725825,-28.765820,110.1322,6.400,105228,202773,8142,,-212.64,-66.68,38
,,Ind,320.319165,-49.938248,110.1322,6.400,105425,203010,8152,,-2.34,-161.95,22
,,Cyg,326.301660,52.267577,100000.0000,6.400,107398,207119,,,-2.37,-0.76,-14.3
,,Lac,335.164665,50.980814,423.7288,6.400,110316,212071,8519,,2.54,-0.41,-9
,,Gru,343.812075,-36.388579,179.8561,6.400,113189,216666,8713,,45,0.62,-26
,,Aqr,353.883630,-7.464431,144.3001,6.400,116428,221835,8951,,0.29,16.48,5
,,Cas,355.630950,61.679363,134.9528,6.400,116962,222682,8990,,39.5,-13.32,-16
,,Cet,8.809890,-3.593069,21.0482,6.400,,,,Gl 23B,409.47,-20.74,8.8
,,Cet,9.335685,-24.766593,15.5328,6.400,,,,Gl 25B,1389.98,-7.28,25
,,Vir,195.940125,-20.583353,28.6615,6.400,,,,Gl 496B,139.31,13.9,28
,,Pav,317.339055,-73.175927,18.7336,6.400,,,,Gl 818.1B,435.76,-335.58,
,20    Dra,Dra,254.105400,65.039124,69.9301,6.400,82898,153697,6319,,-34.43,32.72,-21
,24    Aql,Aql,289.712265,0.339024,127.0648,6.400,94913,181053,7321,,16.97,9.21,-29
,26    Vul,Vul,309.034740,25.882648,195.6947,6.400,101641,196362,7874,,23.61,11.96,-19
,3    Com,Com,182.631795,16.809271,224.2152,6.400,59352,105778,4632,,-21.66,-2.23,-12
,32    Cet,Cet,17.549775,-8.906135,118.6240,6.400,5485,6976,346,,-19.62,-39.2,-20
,34    Hya,Hya,144.464610,-9.424446,130.0390,6.400,47249,83373,3832,,-61.73,7.72,25
,36    Ari,Ari,41.079630,17.763928,103.5197,6.400,12784,17017,808,,36.53,-35.79,-32
,40    Gem,Gem,104.866380,25.914171,366.3004,6.400,33650,51688,2605,,-4.62,-6.57,12
,67    Aqr,Aqr,340.809435,-6.962937,114.1553,6.400,112179,215143,8647,,26.27,-10.08,2
,,Cas,2.136930,63.204040,369.0037,6.410,695,371,,,-9.43,-3.52,-7
,,Cas,8.330100,70.981843,151.7451,6.410,2628,2904,129,,35.38,-1.81,-10
,,Scl,8.432550,-35.002078,33.1126,6.410,2663,3074,,,-60.33,-516.78,28.2
,,Cas,11.676930,59.574539,934.5794,6.410,3649,4362,207,,-5.89,-0.88,-15
,,Cas,16.750530,56.934972,99.1080,6.410,5240,6497,316,,93.95,-108.56,-96
,,Phe,17.530725,-57.694419,125.6281,6.410,5477,7082,350,,-2.86,-114.73,88
,,Cet,23.714880,-23.699681,220.7506,6.410,7363,9731,,,25.08,12.91,
,,For,44.385945,-38.190925,119.9041,6.410,13789,18546,893,,2.61,11.1,20
,,Ari,47.333880,20.761123,150.6024,6.410,14649,19549,,,51.46,-11.77,27.8
,,Cam,49.381395,65.658367,168.9189,6.410,15309,20104,967,,-10.33,6.88,-6
,,Tau,52.265850,3.248704,148.5884,6.410,16226,21585,,,-2.39,7.27,
,,Per,52.954320,49.401093,100000.0000,6.410,16447,21661,1059,,-1.68,-0.98,-6
,,Per,54.500745,42.582843,210.5263,6.410,16938,22402,1097,,19.1,-24.59,-1
,,Eri,63.001140,-17.274732,110.1322,6.410,19601,26625,,,21.02,-54.17,
,,Cae,67.039440,-41.959833,364.9635,6.410,20856,28552,1429,,-14.68,2.56,97
,,Ori,81.661785,6.868658,92.1659,6.410,25453,35656,1807,,9.64,-32.53,13
,,Aur,82.003890,33.763703,33.8524,6.410,25580,35681,,,20.14,-209.31,
,,Ori,82.006125,1.298251,395.2569,6.410,25582,35912,1820,,-0.25,1.11,34
,,Ori,85.418070,-2.896457,80.7103,6.410,26820,37904,1959,,50.55,23.66,30
,,Pic,90.538860,-60.096830,294.1176,6.410,28596,41586,2151,,16.64,7.85,-51
,,Aur,95.299650,29.540816,106.7236,6.410,30200,44092,2272,,9.48,-45.66,21
,,Mon,95.827050,3.764489,325.7329,6.410,30382,44700,2292,,1.61,-9.56,30
,,Car,103.189305,-59.341195,145.3488,6.410,33012,51210,2592,,-14.82,38.22,-2
,,CMa,104.682075,-30.998037,232.5581,6.410,33591,52140,2621,,-10.74,6.63,14
,,Pup,115.340520,-44.632168,350.8772,6.410,37461,62318,2984,,-0.1,4.56,27
,,Mon,120.183900,-2.881917,709.2199,6.410,39172,65875,3135,,-5.69,2.99,46
,,Pyx,128.633100,-32.598744,67.2948,6.410,42075,72954,3397,,-10.74,-143.01,8
,,Hya,131.336535,-2.601062,61.7665,6.410,42951,74688,3472,,3.77,-13.23,-18
,,Cnc,132.688020,18.832183,289.0173,6.410,43427,75469,3504,,-11.83,-23.47,19
,,Pyx,133.161240,-36.545342,352.1127,6.410,43590,76072,3534,,-7.92,-2.17,18
,,Leo,140.882430,25.182840,142.2475,6.410,46058,80956,3723,,-120.14,0.64,-1
,,UMa,144.406320,60.213682,97.6562,6.410,47231,82969,,,-11.78,-32.35,
,,Car,150.705900,-62.156667,100000.0000,6.410,49223,87438,3967,,-8.77,3.89,-8
,,Car,157.663515,-61.356474,225.7336,6.410,51461,91270,4128,,3.05,13.36,-4
,,UMa,165.106515,51.502101,175.7469,6.410,53798,95233,4283,,-29.93,-15.96,
,,UMa,168.134940,35.814080,21.9250,6.410,54745,97334,4345,Gl 417,-248.55,-151.33,-3.2
,,Mus,170.017290,-71.994337,257.0694,6.410,55350,98695,4389,,-24.93,-1.62,-0.4
,,Mus,180.618960,-71.488981,132.8021,6.410,58706,104570,4596,,-62.2,11,-9
,,Com,186.111690,25.582404,90.2527,6.410,60525,108007,4719,,-7.46,-10.65,-6
,,Crv,188.136720,-21.212116,115.2074,6.410,61208,109132,,,-138.45,-45.66,
,,Cru,190.868160,-58.902742,170.0680,6.410,62084,110532,4835,,-71.12,-0.34,17
,,Cen,204.531780,-58.414646,158.4786,6.410,66521,118384,5122,,-0.8,-26.77,1
,,Vir,213.720915,3.335878,247.5248,6.410,69614,124681,5331,,-49.98,-24.78,-48
,,Lup,215.813985,-47.416960,478.4689,6.410,70320,125809,,,-6.24,-3.85,
,,Boo,223.347285,15.705167,47.6417,6.410,72846,131473,5550,,-23.6,23.11,21
,,Lib,226.704420,-16.484361,114.4165,6.410,73953,133800,,,-62.33,-16.71,-50.4
,,Nor,236.248260,-50.785463,121.8027,6.410,77138,140274,,,-52.04,-23.1,
,,Lup,236.856450,-40.194210,102.2495,6.410,77350,140861,5862,,-156.61,-42.63,-28
,,CrB,237.007470,31.735615,314.4654,6.410,77397,141456,5877,,1.81,-43.76,-20
,,Sco,243.620355,-21.107636,108.6957,6.410,79599,145964,6051,,-16.07,-29.73,-8
,,CrB,245.735400,32.333013,179.5332,6.410,80247,147835,6110,,22.17,-7.14,-1
,,Dra,254.760720,69.186248,88.2613,6.410,83114,154319,6345,,-0.18,-40.64,-27
,,Her,255.571275,31.884120,105.1525,6.410,83365,154126,6336,,27.83,22.62,-13
,,Sco,266.780385,-38.112164,149.0313,6.410,87042,161390,6613,,-3.36,-27.6,1
,,Pav,267.470880,-61.714704,245.7002,6.410,87264,161475,,,5.47,-18.75,
,,Sco,268.492230,-34.831053,261.7801,6.410,87624,162725,6663,,4.33,-4.59,-17
,,Her,270.810675,19.613157,116.8224,6.410,88429,165029,6744,,-4.4,-0.47,-32
,,Lyr,275.988660,38.739210,287.3563,6.410,90163,169646,6901,,7.79,13.64,-40
,,Ser,278.028705,3.659603,303.9514,6.410,90858,170973,6958,,9.22,3.24,-8
,,Lyr,280.422120,31.617612,309.5975,6.410,91675,172958,7030,,8.3,6.31,-16
,,Aql,306.173985,1.368563,234.7418,6.410,100672,194263,,,5.66,-20.1,
,,Cap,307.181625,-15.741499,197.6285,6.410,101011,194918,7819,,8.09,-1.15,-18
,,Pav,308.776320,-71.188779,239.2344,6.410,101570,195190,,,-38.53,12.3,
,,Cyg,311.836530,45.579934,353.3569,6.410,102585,198237,7966,,4.22,-22.39,-6
,,Mic,313.527375,-27.925239,314.4654,6.410,103168,198853,7997,,-11.68,-17.16,25
,,Equ,316.173495,2.942274,151.0574,6.410,104041,200661,8067,,12.37,5.77,-10
,,Aqr,319.306410,-13.278989,194.1748,6.410,105079,202606,8134,,-9.41,-6.13,-1
,,Peg,322.393740,6.581379,193.4236,6.410,106103,204603,,,4.5,-3.46,
,,Aqr,323.678205,1.829161,276.2431,6.410,106544,205358,,,13.22,-11.36,
,,PsA,328.981815,-30.605920,129.8701,6.410,108259,208285,8365,,53.5,-20,-85
,,Cep,329.296230,66.156153,529.1005,6.410,108364,208947,8384,,5.84,-0.32,2
,,Lac,332.067855,49.796990,357.1429,6.410,109272,210289,8445,,1.57,-4.37,17
,,Tuc,335.151090,-57.509783,357.1429,6.410,110311,211726,8509,,25.71,-8.89,-34
,,Aqr,337.506165,-12.915116,79.6813,6.410,111066,213198,8565,,160.94,0.54,-11
,,Lac,337.527135,49.356412,111.2347,6.410,111072,213389,8575,,-25.06,-30.28,4
,,Lac,338.077935,54.037032,212.3142,6.410,111247,213720,8589,,30.33,14.52,-14
,,Cas,346.793535,59.727394,418.4100,6.410,114163,218440,8803,,6.56,-1.78,-5
,,Peg,348.590490,29.771831,104.3841,6.410,114725,219291,8838,,-5.74,-7.61,9
,,Cas,350.143905,62.213264,657.8947,6.410,115245,220130,8886,,-1.38,-1.02,-23
,,Peg,352.929300,28.403489,129.0323,6.410,116119,221394,8933,,-29.93,-13.78,-6
,,Peg,353.120955,23.843609,197.2387,6.410,116187,221493,,,-2.02,-27.06,
,,Cas,357.162675,64.876450,168.6341,6.410,117430,223358,9017,,17.13,-14.26,-3
,,Cet,21.613950,-0.399034,250.0000,6.420,6717,8779,416,,50.11,-19.66,-6
,,And,21.861135,41.101158,53.2198,6.420,6794,8801,418,,9.84,24.67,1
,,Cet,27.907500,-6.874143,167.5042,6.420,8664,11365,,,4.13,-9.39,
,,Cet,29.290035,-10.242427,32.8515,6.420,9094,11964,,Gl 81.1A,-368.41,-243.15,-9.9
,,Ari,47.536830,27.819766,165.0165,6.420,14719,19600,945,,17.62,-50.91,-5
,,Per,53.162400,44.855759,370.3704,6.420,16516,21803,1072,,1.12,-6.38,2
,,Ret,53.214630,-61.016872,143.4720,6.420,16531,22382,1096,,77.48,47.37,31
,,Tau,66.060345,12.157987,190.1141,6.420,20558,27860,,,15.83,-22.23,11.1
,,Ori,74.037375,7.904696,59.9161,6.420,22938,31423,,,-92.81,-42.94,
,,Lep,75.967185,-14.370231,568.1818,6.420,23551,32612,1640,,1.23,3.12,16
,,Aur,77.909640,29.903580,321.5434,6.420,24193,33463,,,7.69,-23.09,14
,,Ori,79.171005,1.947328,166.6667,6.420,24607,34317,1724,,-10.86,-6.61,-8
,,Pic,83.434725,-54.902289,55.7103,6.420,26079,37226,1912,,65.95,10.37,38
,,Tau,84.862950,21.762929,175.7469,6.420,26616,37439,1929,,2.87,-32.09,15
,,Aur,89.940945,55.320857,101.3171,6.420,28385,40062,2079,,-2.78,-88.4,45
,,Cam,91.663245,63.453838,118.4834,6.420,28951,40956,2126,,-35.53,8.74,-15
,,Mon,96.539790,-3.515691,173.0104,6.420,30627,45215,,,-92.14,65.1,
,,Pup,102.885720,-48.292754,207.4689,6.420,32918,50621,2563,,18.97,-10.41,-9
,,Mon,110.508555,-8.979377,100000.0000,6.420,35707,57682,2806,,9.39,14.23,23
,,Lyn,112.219320,46.314618,112.6126,6.420,36351,58681,,,-41.6,-65.7,
,,Pup,115.928835,-38.201879,199.6008,6.420,37666,62712,3001,,-21.41,15.59,-6
,,CMi,117.384645,12.814250,180.1802,6.420,38196,63475,,,-6.84,-18.53,
,,CMi,119.524560,7.213530,231.4815,6.420,38945,65241,3103,,-11.96,-10.26,35
,,Pup,122.757015,-37.292372,980.3922,6.420,40063,68450,3219,,-4.72,5.82,39
,,Pup,124.442295,-36.067591,961.5385,6.420,40639,69904,,,-3.44,1.51,
,,Cnc,124.560090,15.677920,143.8849,6.420,40675,69629,,,-18.83,-4.71,
,,UMa,125.683605,60.631236,119.9041,6.420,41060,69976,3263,,9.13,-2.12,-6
,,Hya,127.121475,-2.517126,74.5712,6.420,41564,71663,3337,,-10.34,-10.59,-14
,,Cnc,130.092030,19.669938,218.3406,6.420,42549,73710,3428,,-35.22,-13.15,36
,,Pyx,130.737495,-35.943301,132.1004,6.420,42775,74475,3463,,-10.54,20.21,8
,,Pyx,132.060945,-28.638800,213.6752,6.420,43215,75306,,,-10.55,-8.43,
,,Hya,132.156045,-1.044836,170.9402,6.420,43246,75217,,,-50.89,-1.35,
,,Vel,133.461495,-40.447542,373.1343,6.420,43673,76304,3548,,-6.38,3.5,-1
,,Cam,139.982340,74.016601,128.2051,6.420,45764,79517,3666,,-40.56,-63.87,56
,,Sex,147.840075,-6.181928,41.7711,6.420,48351,85380,3901,,-126.85,53.73,36
,,Vel,150.300000,-56.096559,222.7171,6.420,49092,87122,,,-27.45,1,14
,,Ant,151.097370,-39.975858,165.8375,6.420,49343,87477,3968,,-37.32,0.51,47
,,Car,153.338295,-61.658829,293.2551,6.420,50067,88907,4022,,-15.79,2.73,13
,,UMa,154.744755,46.760778,216.9197,6.420,50509,89268,4044,,-49.37,-31.92,-21
,,Leo,154.752960,24.712138,366.3004,6.420,50516,89344,4048,,-55.21,7.26,
,,UMa,157.016070,48.784901,22.9095,6.420,51248,90508,4098,Gl 392A,80.56,-881.76,-6.8
,,Car,157.076130,-63.164565,357.1429,6.420,51265,90966,,,-16.31,3.26,-19
,,Car,157.265430,-65.176244,204.0816,6.420,51327,91094,,,54.4,37.44,91.9
,,LMi,159.467775,34.078623,442.4779,6.420,52032,92000,,,-18.93,5.2,11
,,UMa,162.370035,63.810029,276.2431,6.420,52929,93551,,,-14.4,11.58,
,,Car,168.928155,-57.355882,193.7984,6.420,55003,98025,,,-13.26,-5.41,
,,UMa,179.529945,32.273907,47.0367,6.420,58369,103928,4574,,-108.43,-62.38,2
,,Hya,179.726565,-25.908857,322.5806,6.420,58436,104039,4579,,-27.91,-22.46,13
,,Com,193.383810,19.481061,44.8029,6.420,62904,112060,,,-150.31,-176.84,
,,CVn,202.190910,50.718569,78.9889,6.420,65754,117361,5083,,35.69,-74.81,-7
,,Vir,202.312155,-1.364428,154.0832,6.420,65796,117267,5078,,-42.01,-58.99,39
,,Boo,206.305980,10.325305,128.8660,6.420,67104,119784,,,-54.99,-44.79,
,,Cen,206.560515,-54.683368,104.9318,6.420,67199,119727,,,-30.74,-22.75,
,,Hya,209.495310,-25.998079,196.4637,6.420,68224,121758,,,27.54,4.45,
,,Vir,212.880015,1.362399,44.4444,6.420,69340,124115,5307,,-128.36,31.08,-18
,,Vir,214.971675,-6.746167,101.6260,6.420,70038,125490,,,-90.74,-23.53,
,,Aps,216.092355,-82.848250,296.7359,6.420,70418,124639,5327,,-22.64,-10.97,27
,,TrA,240.294660,-63.776538,425.5319,6.420,78476,142941,5939,,-3.23,-3.5,5
,,Her,248.859540,17.057342,159.7444,6.420,81231,149632,6169,,-8.26,-1.4,-9
,,Sco,258.615225,-39.766650,100000.0000,6.420,84332,155603,6392,,-1.76,-1.6,-6
,,Sco,260.658150,-35.910699,36.6435,6.420,85019,157060,6454,,88.18,96.2,-6
,,Oph,261.730410,-25.943462,121.2121,6.420,85391,157864,6490,,-9.67,-26.79,-8
,,Oph,261.933660,8.442039,204.0816,6.420,85450,158228,,,13.08,-42.11,4
,,Oph,263.062005,11.930047,135.3180,6.420,85826,159082,6532,,2.69,16.32,-12
,,Her,270.115245,19.505786,346.0208,6.420,88172,164447,6720,,5.2,0.8,-29
,,Sgr,272.160780,-21.449562,444.4444,6.420,88876,165784,,,-0.95,-2.33,-16
,,Oph,278.347095,8.268251,558.6592,6.420,90971,171247,6967,,-0.86,-9.12,-22
,,Pav,289.252185,-65.227702,235.8491,6.420,94770,179419,,,-4.02,-24,-13
,,Tel,290.657205,-51.231276,71.9942,6.420,95239,181295,,,83.07,-5.4,
,,Cyg,295.517265,55.463222,316.4557,6.420,96919,186532,7509,,12.97,-38.29,-28
,,Cyg,297.210825,33.437283,100000.0000,6.420,97485,187459,7551,,-3.64,-5.74,-10
,,Del,308.499690,4.898664,290.6977,6.420,101489,195909,,,4.79,-8.79,-26.4
,,Mic,308.697450,-30.473472,179.8561,6.420,101552,195843,7856,,12.67,-21.9,3
,,Mic,312.696450,-32.054604,198.4127,6.420,102901,198356,7970,,-8.32,-63.27,-4
,,Cyg,313.001625,32.848894,531.9149,6.420,102993,198820,7996,,0.24,-8.66,-18
,,Cep,319.328295,58.611485,840.3361,6.420,105091,203025,8153,,-2.93,-2.71,-17
,,Peg,322.249650,17.905909,145.1379,6.420,106064,204560,8221,,-9.12,0.61,-12
,,Oct,323.012010,-84.810069,208.3333,6.420,106320,202418,8129,,31.31,-29.78,15
,,PsA,323.720835,-29.696117,364.9635,6.420,106564,205265,8244,,14.34,-15.02,-15
,,Peg,339.151380,11.696636,125.1564,6.420,111601,214203,8605,,-13.72,6.11,-8
,,Psc,346.003245,6.616338,88.6525,6.420,113904,217926,8776,,-28.43,7.44,4
,,Cyg,318.698310,38.045192,20.9205,6.420,,,,Gl 822.1B,157.33,432.26,
,24    Mon,Mon,108.830865,-0.161283,138.5042,6.420,35080,56003,2744,,-8.17,4.01,-10
,35    Vir,Vir,191.964210,3.572716,178.8909,6.420,62443,111239,4858,,-8.93,-2.11,8
,Iot Pic,Pic,72.735540,-53.459698,38.5356,6.420,22534,31204,1564,,-87.35,84.89,10
,Pi 1Gru,Gru,335.684160,-45.947944,163.1321,6.420,110478,212087,8521,,27.89,-10.92,-20
Groombridge 1830,,UMa,178.242300,37.718679,9.0917,6.420,57939,103095,4550,Gl 451A,4003.69,-5813,-99.1
,,Peg,0.099570,26.918108,74.6269,6.430,34,224758,9078,,42.2,-53.47,
,,Psc,1.933800,-2.548679,183.4862,6.430,635,315,11,,30.12,2.77,13
,,Cas,3.978585,61.000172,132.9787,6.430,1269,1142,,,-20.94,-10.28,-17
,,Cet,5.768310,-15.942556,337.8378,6.430,1821,1879,,,76.78,25.04,-20.2
,,Tuc,9.156735,-65.124445,211.8644,6.430,2889,3444,160,,41.88,-8.54,20
,,Psc,9.377040,3.135351,223.2143,6.430,2954,3457,161,,90.32,-60.23,4
,,Scl,9.703245,-25.107819,273.9726,6.430,3056,3605,,,56.47,-21.72,
,,Cet,21.847125,-22.338232,128.3697,6.430,6789,8896,,,-1.66,-84.29,
,,Phe,23.960730,-39.947126,38.1825,6.430,7443,9895,,,-43.99,-48.95,10.3
,,Cet,24.466950,-3.440678,251.8892,6.430,7597,10024,,,26.34,-10.55,
,,Hyi,28.831950,-60.312484,55.5864,6.430,8957,11944,,,-45.78,-40.39,
,,Cet,31.051950,-11.859770,404.8583,6.430,9655,12702,,,55.35,-3.18,
,,Per,33.423375,58.560586,100000.0000,6.430,10379,13476,641,,-0.08,-0.54,-41
,,Cet,33.473145,-9.064630,314.4654,6.430,10396,13763,,,1.35,20.53,
,,Cam,53.754255,60.041429,53.3618,6.430,16712,21903,1077,,-22.58,21.52,21
,,Eri,62.691135,-35.273787,263.1579,6.430,19509,26575,1299,,-20.06,-26.02,28
,,Dor,73.377045,-66.675413,366.3004,6.430,22737,31754,1598,,4.54,10.35,-24
,,Ori,80.182335,2.544780,144.0922,6.430,24960,34878,,,31.6,20.48,
,,Pic,84.572580,-50.640995,154.0832,6.430,26515,37781,,,-0.72,19.1,
,,Ori,93.302085,10.627144,17.9501,6.430,29525,42807,2208,Gl 230,78.11,-297.1,6
,,Aur,96.898005,32.562946,184.8429,6.430,30741,45192,2319,,7,-67.56,57
,,Gem,99.881175,24.600162,32.7761,6.430,31850,47415,2439,,19.31,90.21,18
,,CMa,101.216475,-27.341666,27.1370,6.430,32322,48938,2493,Gl 243,-6.18,293.89,-12.1
,,Gem,107.527860,21.246985,45.8295,6.430,34608,54563,2692,,-174.67,-473.14,-15
,,CMi,110.617995,0.700831,71.3776,6.430,35751,57707,,,38.32,-49.85,
,,Pup,115.087560,-11.752552,191.9386,6.430,37375,61750,,,-8.32,-14,
,,Pup,117.750330,-24.528557,140.4494,6.430,38316,64042,3060,,-2.86,-29.17,-7
,,UMa,123.960465,60.380602,151.2859,6.430,40474,68457,3221,,-16.12,7.62,-16
,,Pup,124.492830,-30.003697,138.5042,6.430,40656,69879,3261,,30.08,3.81,-12
,,Hya,127.082445,-8.816280,253.1646,6.430,41547,71665,3338,,15.32,-40.77,11
,,Vel,132.036570,-42.463446,483.0918,6.430,43209,75387,3501,,-13.65,7,30
,,Hya,133.272150,-16.952471,139.0821,6.430,43623,76027,,,-52.57,-50.74,
,,Car,136.199925,-57.852573,307.6923,6.430,44565,78293,3622,,-25.03,22.71,15
,,Ant,143.076645,-28.627769,84.4595,6.430,46810,82610,3798,,-88.84,43.79,15
,,Ant,143.282025,-39.129073,74.9625,6.430,46874,82785,3812,,-41.31,39.13,25
,,Sex,149.432925,-1.941750,106.7236,6.430,48839,86341,,,8.89,8.5,
,,Vel,159.317160,-53.855260,438.5965,6.430,51984,92155,,,-10.86,2.15,10
,,Car,161.134965,-70.855255,100.6036,6.430,52537,93359,4212,,-47.91,0.18,15
,,Hya,167.991015,-26.806114,138.6963,6.430,54703,97344,,,-26.98,15.87,
,,UMa,170.455485,57.074857,80.8407,6.430,55485,98673,4388,,-58.31,5.81,-10
,,Cha,170.487765,-77.608369,74.2390,6.430,55497,99015,4397,,-77.89,-8.36,-6
,,Leo,173.745435,-4.361291,174.8252,6.430,56500,100659,,,-44.54,-45.83,
,,Cen,190.859415,-40.177849,68.6342,6.430,62081,110575,4836,,25.18,-16.14,-5
,,Hya,191.973540,-24.851659,226.7574,6.430,62448,111226,4857,,-41.5,36.5,49
,,Com,192.572040,22.863408,108.4599,6.430,62653,111591,4873,,104.67,-66.38,6
,,UMi,196.207380,73.024976,120.1923,6.430,63822,113889,4950,,-19.04,9.64,-16
,,Cen,196.378320,-52.115660,310.5590,6.430,63883,113602,4939,,-51.96,9.01,-31
,,Cha,197.085405,-78.446030,123.4568,6.430,64108,113694,,,-38.85,-24.94,
,,Com,199.134435,19.785289,85.3971,6.430,64779,115365,5010,,-110.15,29.54,-35
,,Cen,205.727655,-50.790236,259.7403,6.430,66923,119193,5152,,-8.85,-15.81,-10
,,CVn,207.437235,36.632823,62.4610,6.430,67483,120600,5204,,-79.76,24.24,-12
,,Cen,207.580815,-39.900855,112.6126,6.430,67537,120457,5198,,6.7,-8.89,-4
,,Hya,207.834840,-24.390368,19.4742,6.430,67620,120690,5209,Gl 530,-580.93,-244.87,2.1
,,Cen,211.920075,-48.704026,93.6330,6.430,69011,123247,,,-35.53,-27.73,
,,Lup,216.170085,-44.311134,159.4896,6.430,70451,126093,,,-37.34,-41.03,
,,Lib,221.545350,-21.175966,41.2541,6.430,72217,129980,5504,,-56.02,-103.63,-1.4
,,Lib,232.244430,-28.866891,58.6166,6.430,75790,137798,,,-43.93,-32.87,
,,Dra,242.358285,55.828975,131.0616,6.430,79164,145694,6038,,-32.69,23.18,-15
,,Sco,242.480310,-18.340620,46.5116,6.430,79203,145100,6012,,-67.44,-69.2,-25
,,Sco,248.782305,-45.244366,177.3050,6.430,81198,149174,6160,,-30.49,-62.06,-56
,,Ara,255.443145,-51.131026,104.4932,6.430,83321,153370,6312,,-10.88,-44.83,-28
,,Oph,259.943760,2.139539,155.5210,6.430,84780,156860,,,23.85,23.26,-26.1
,,Her,262.667535,38.882202,290.6977,6.430,85688,159026,6531,,1.19,12.52,-27
,,Sco,262.947330,-33.703158,112.1076,6.430,85786,158619,6517,,-7.68,-31.45,-34
,,Her,267.993585,15.326372,234.1920,6.430,87427,162734,6665,,-6.88,40.23,-43
,,Oph,273.467580,2.393465,286.5330,6.430,89347,167162,,,-1.39,-11.19,
,,Dra,276.925500,59.549112,122.1001,6.430,90476,170811,6949,,45.76,38.51,-10
,,Lyr,280.008030,30.849471,164.2036,6.430,91533,172631,7016,,-13.18,34.23,-50
,,Lyr,284.801220,39.217321,292.3977,6.430,93210,176582,7185,,-0.16,-1.17,-14
,,Cyg,294.290070,29.333700,375.9398,6.430,96503,185268,7466,,0.94,-5.15,-20
,,Vul,295.311045,22.452773,523.5602,6.430,96856,186021,7490,,0.38,-3.45,-23
,,Aql,296.172075,8.726538,148.1481,6.430,97144,186535,,,37.3,-17.5,
,,Aql,301.959870,9.399833,39.3701,6.430,99158,191104,7693,,46.58,28.37,-27
,,Cyg,307.499670,45.928556,129.3661,6.430,101133,195506,7841,,80.51,148.93,-31
,,Del,310.188075,19.935536,20.9468,6.430,102040,197076,7914,Gl 797A,119.13,312.24,-35.8
,,Cep,319.635120,61.184393,311.5265,6.430,105193,203265,,,-7.7,-3.23,
,,Peg,322.958970,23.845179,137.9310,6.430,106306,205011,,,8.81,7.07,12
,,Cap,323.138580,-24.590418,67.9348,6.430,106363,204943,8235,,68.94,6.21,-9
,,Ind,323.323395,-52.737773,300.3003,6.430,106419,204873,8233,,-9.72,-14.02,34
,,Peg,325.992120,22.815289,177.9359,6.430,107297,206793,,,-20.65,-43.48,
,,Cep,328.610610,80.308559,226.7574,6.430,108133,209111,,,1.99,-14.49,
,,Gru,332.491080,-48.107661,198.0198,6.430,109408,210204,8440,,68.64,-62.74,19
,,Lac,340.731030,37.802735,321.5434,6.430,112144,215191,8651,,-1.12,-5.3,-18
,,Lac,341.204670,52.517208,291.5452,6.430,112300,215518,8661,,-5.13,6.61,5
,,Peg,344.646165,9.356859,32.5627,6.430,113445,217166,8737,,396.72,-147.73,-27
,,And,345.547170,44.572858,121.0654,6.430,113750,217731,,,10.44,-18.02,-9.8
,,Cas,345.838995,58.563854,87.3362,6.430,113852,217944,8778,,48.37,-8.91,15
,,Peg,346.276200,16.562837,36.2188,6.430,113994,218101,8784,,-186.48,-210.97,-27
,,Aqr,347.456460,-14.510552,104.2753,6.430,114371,218639,8816,,30.15,-6.3,15
,,Oct,348.051855,-80.912700,227.2727,6.430,114550,218559,8810,,26.97,-11.45,11
,,Aqr,351.647805,-21.740836,116.9591,6.430,115709,220766,,,57.58,-1.65,11.1
,,Phe,352.253400,-44.498068,161.2903,6.430,115907,221051,8920,,37.63,-13.37,-20
,,And,355.561125,44.991715,227.2727,6.430,116941,222641,8986,,-19.19,-17.28,-10
,13    Sex,Sex,151.035135,3.201055,56.0224,6.430,49329,87301,3961,,-73.63,-93.76,
,22    Tau,Tau,56.512080,24.527898,116.5501,6.430,17588,23441,1152,,19.83,-44.38,5
,3    UMi,UMi,211.735215,74.593781,130.8901,6.430,68956,124063,5305,,-53.19,12.74,-4
,34    Leo,Leo,152.909205,13.355114,64.5995,6.430,49929,88355,3998,,38.83,-37.05,-16
,39    Peg,Peg,338.147805,20.230019,50.2513,6.430,111278,213617,8586,,166.66,30.52,-19
,Zet PsA,PsA,337.724040,-26.073752,132.4503,6.430,111138,213296,8570,,39.22,-75.53,-26
Mago,,Cam,77.402715,69.639401,120.6273,6.430,24003,32518,1636,,60.42,-63.55,-8
,,Psc,6.879450,16.025483,117.2333,6.440,2178,2358,,,89.8,9.88,-4
,,Cet,7.087920,-20.335051,32.1958,6.440,2237,2475,108,,-118.11,-112.69,6
,,Cet,13.301895,-24.776876,73.5835,6.440,4164,5156,251,,104.49,39.95,-4
,,Cas,14.331525,61.421895,198.8072,6.440,4475,5459,,,60,-15.52,-8.1
,,Scl,16.135755,-33.532845,163.6661,6.440,5042,6403,,,-44.23,-23.51,19
,,Cet,16.998600,1.993042,48.4731,6.440,5315,6734,,,143.39,-432.84,-94.9
,,And,19.695870,37.386275,128.5347,6.440,6140,7853,379,,-8.67,-11.34,5
,,Psc,21.598305,20.070804,95.3289,6.440,6714,8733,,,55.53,-40.07,
,,Cet,23.713830,-3.523889,343.6426,6.440,7362,9690,,,12.52,-33.28,
,,Phe,27.859815,-39.835935,161.8123,6.440,8641,11421,,,15.74,-24.7,
,,Cet,27.942075,-15.647480,355.8719,6.440,8688,11396,,,13.42,1.47,
,,Per,28.452045,55.597639,70.8215,6.440,8847,11408,540,,47.46,-12.98,8
,,Psc,31.212540,7.735664,127.8772,6.440,9706,12730,,,29.54,-0.24,15.2
,,And,34.844610,48.955463,63.9795,6.440,10830,14221,673,,-98.58,72.43,-19
,,Per,42.647055,36.948328,55.7103,6.440,13257,17605,,,-8.37,-129.1,
,,Per,49.297725,40.482979,197.6285,6.440,15282,20283,979,,13.9,-31.11,-8
,,Tau,57.027255,24.988416,165.8375,6.440,17759,23712,,,-27.81,-28.15,-55.3
,,Ori,81.402075,-1.491294,225.2252,6.440,25368,35575,,,1.46,-0.54,8
,,Aur,84.786255,41.358562,78.0031,6.440,26592,37250,,,-30.68,-119.51,
,,Col,89.204190,-31.976247,240.9639,6.440,28138,40359,2098,,3.25,12.68,29
,,Pic,94.078380,-59.213504,37.4251,6.440,29788,44120,2274,GJ 9209A,-45.52,-316.87,-3
,,CMa,97.549245,-19.214889,322.5806,6.440,30988,46037,,,6.41,-21.99,
,,Col,98.292660,-38.625190,150.6024,6.440,31241,46727,2407,,-0.98,-18.54,29
,,Gem,99.363705,24.590851,121.9512,6.440,31650,47020,2417,,-3.94,2.55,-2
,,Pup,105.564495,-43.403870,134.9528,6.440,33909,53253,2658,,1.81,-0.31,31
,,Mon,105.989400,-10.123765,413.2231,6.440,34066,53240,2656,,-5.44,0.71,24
,,Lyn,113.464665,51.314147,327.8689,6.440,36779,59721,,,-11.48,-22.56,
,,Car,119.589360,-51.448472,144.7178,6.440,38963,65867,3133,,-42.61,43.9,10
,,Cnc,122.554620,25.844481,259.0674,6.440,40007,67690,,,-15.12,-30.84,5.5
,,Vel,123.846915,-50.449222,248.7562,6.440,40433,69596,3256,,-16.19,-6.68,10
,,Pup,124.872975,-34.590137,235.2941,6.440,40787,70235,3273,,-8.88,4.31,12
,,Pup,126.414015,-17.439405,215.5172,6.440,41306,71231,3317,,-11.58,-0.7,-13
,,Car,127.374195,-54.211761,223.7136,6.440,41644,72303,,,-21.12,16.97,
,,Vel,128.802180,-39.970452,36.4431,6.440,42123,73121,3404,,74.22,42.6,34
,,UMa,136.679790,59.344520,421.9409,6.440,44717,77692,3608,,-15.25,-14.32,2
,,UMa,163.133670,52.503605,96.9932,6.440,53157,94084,4242,,-58.63,-51.87,-3
,,Vel,165.151170,-53.111831,122.2494,6.440,53811,95509,,,-86.03,15.35,
,,Hya,165.816915,-31.960849,214.1328,6.440,54030,95857,4307,,-42.02,-26.29,80
,,UMa,165.864060,70.030740,238.0952,6.440,54038,95572,,,10.72,-33.19,
,,Cen,166.892235,-48.639982,173.0104,6.440,54380,96660,,,-15.22,23.14,
,,Hya,169.411950,-34.737348,47.4608,6.440,55164,98221,4373,,-27.55,-16.83,-9
,,Hya,171.994455,-35.328849,358.4229,6.440,55953,99712,4420,,9.18,-0.12,-18
,,Hya,175.285110,-29.196274,43.2526,6.440,57001,101563,4498,GJ 3680,-305.06,225.64,-12.1
,,Mus,180.935535,-74.214096,346.0208,6.440,58810,104752,4601,,-14.15,-4.2,9
,,Com,184.758435,26.008349,85.6898,6.440,60066,107131,4684,,-11.76,-9.05,1
,,Dra,194.578605,64.925533,333.3333,6.440,63297,112826,,,-18.03,12.06,
,,Cen,196.277790,-47.116910,101.0101,6.440,63849,113537,,,-45.87,-34.04,-8
,,Vir,200.987850,-20.924587,156.0062,6.440,65381,116429,,,-37.39,-19.9,
,,Vir,201.127215,12.431832,190.8397,6.440,65417,116594,5053,,-11.74,35.83,-6
,,Cen,206.066715,-51.012454,119.0476,6.440,67036,119419,5158,,-29.15,-19.87,9
,,Vir,214.089090,-6.621544,64.2674,6.440,69727,124915,5341,,-42.65,-10.49,-34
,,Lup,221.328480,-51.314927,392.1569,6.440,72135,129624,,,-20.48,-14.87,
,,Aps,222.875265,-77.175970,255.1020,6.440,72670,129899,,,-14.27,-9.99,
,,Lup,227.895030,-45.277459,156.4945,6.440,74336,134444,5642,,-14.68,14.9,-4
,,Lup,229.229175,-46.202355,56.6251,6.440,74775,135468,,,-132.8,-26.01,
,,Dra,231.634095,54.020294,123.0012,6.440,75587,137928,5748,,17.91,-13.68,-5
,,Lup,232.330320,-38.634999,60.5327,6.440,75818,137785,,,-32.35,-70.76,
,,Oph,249.698865,-8.618610,223.7136,6.440,81499,150052,,,2.82,-10.16,
,,Her,257.002890,31.206189,458.7156,6.440,83834,155061,,,-3.13,-19.36,-9.9
,,Dra,261.252465,67.306705,12.8025,6.440,85235,158633,6518,Gl 675,-531,3.65,-38.3
,,Oph,261.491145,-1.651777,61.8429,6.440,85307,157856,6489,,61.73,52.24,-24
,,Sco,265.778595,-33.051289,460.8295,6.440,86716,160748,6587,,-2.98,-5.48,-3
,,Oph,267.329340,1.961413,115.6069,6.440,87224,162113,6639,,-7.4,77.12,-58
,,CrA,285.267915,-37.061555,234.7418,6.440,93371,176270,7170,,-4.72,-20.88,-15
,,Vul,285.455955,22.264412,123.7624,6.440,93443,176971,7207,,12.57,14.4,-38
,,Tel,287.217915,-55.720425,121.5067,6.440,94054,177693,7233,,58.45,-115.62,-21
,,CrA,287.415645,-39.827238,121.6545,6.440,94130,178254,7255,,-4.88,-21.7,17
,,Lyr,291.025230,36.452094,121.6545,6.440,95370,182635,7376,,5.59,78.49,-33
,,Cyg,294.420075,35.022536,657.8947,6.440,96546,185435,,,-7.6,-10.23,
,,Aql,297.127140,10.694100,375.9398,6.440,97454,187203,7542,,-2.29,-5.82,-5
,,Pav,297.472575,-66.813069,308.6420,6.440,97569,186584,7513,,-0.55,9.84,-2
,,Cyg,299.483820,42.260771,325.7329,6.440,98253,189377,7638,,-5.25,-10.19,-6
,,Sgr,300.934635,-22.595595,61.1247,6.440,98785,190009,7658,,-38.45,23.36,7
,,Cyg,306.270855,59.600097,251.2563,6.440,100714,194882,7818,,1.95,-9.68,-22
,,Del,306.809130,20.476485,434.7826,6.440,100876,194841,,,0.51,-8.32,
,,Aqr,313.493280,-6.889461,66.7557,6.440,103154,198949,7998,,26.15,-22.32,-8
,,Equ,317.492775,2.943681,75.2445,6.440,104481,201507,8095,,20.44,33.59,-44
,,Cyg,326.435415,35.857311,151.5152,6.440,107445,207088,8320,,91.76,11.06,-5
,,PsA,332.500620,-28.292435,128.0410,6.440,109412,210300,8446,,29.36,24.02,11
,,Cep,335.779245,55.963230,100000.0000,6.440,110504,212466,,,-2.91,-2.42,-56
,,Psc,345.431580,3.530910,126.2626,6.440,113705,217590,,,32.33,-52.74,
,,Peg,346.632810,19.910853,27.9486,6.440,114096,218261,8792,,287.21,4.75,-5
,,And,349.319370,45.164167,77.5194,6.440,114981,219668,8857,,100.63,-62.2,-38
,,Peg,353.983095,24.561012,278.5515,6.440,116465,221905,8953,,0.95,10.17,-12
,,Cas,355.771020,51.939335,163.9344,6.440,116991,222748,,,30.16,-4.15,-11.3
,,Scl,357.456645,-25.331336,98.3284,6.440,117510,223466,9026,,-24.29,-18.9,16
,14    Mon,Mon,98.692995,7.572482,115.4734,6.440,31385,46642,2404,,-16.76,-7.43,38
,18    Cam,Cam,83.140605,57.221071,42.6985,6.440,25973,36066,1828,,112.04,-224.63,37
,19    Leo,Leo,146.858190,11.568165,84.6740,6.440,48029,84722,3880,,-49.9,-4.83,-4
,34    Her,Her,247.525215,48.961090,101.4199,6.440,80809,149081,6156,,-48.37,-56.48,-8
,70    Tau,Tau,66.405480,15.941010,47.1698,6.440,20661,27991,1391,,104.62,-28.83,38
Chechia,,Aql,304.025025,4.580795,65.6168,6.440,99894,192699,,,-40.72,-51.16,
Revati B,86Zet Psc,Psc,18.438600,7.578261,93.9850,6.440,5743,7345,362,,154.42,-47.11,11
,,Cet,9.013155,-14.973035,115.3403,6.450,2846,3325,150,,-64.72,-59.19,12
,,Cet,26.181990,-6.766164,189.3939,6.450,8143,10725,,,11.07,4.71,
,,Eri,31.146195,-54.881689,47.7555,6.450,9685,12894,,,75.79,-24.72,3.4
,,Cep,34.188765,83.561414,129.1990,6.450,10623,12918,,,58.29,-42.97,
,,Ari,34.741455,23.167815,93.4579,6.450,10795,14262,676,,-17.7,-8.59,-13
,,For,36.083820,-25.847459,188.6792,6.450,11212,14988,703,,32.59,16.08,34
,,Cet,36.847470,10.198326,37.2439,6.450,11427,15228,,,-294.97,-202.12,-39.6
,,Cet,36.999705,1.960846,166.6667,6.450,11474,15328,719,,-0.75,-14.22,18
,,Per,41.879805,44.272198,462.9630,6.450,13036,17245,,,-0.18,-6.95,-5.2
,,Per,42.362145,37.326411,96.6184,6.450,13176,17484,831,,-20.31,-3.21,12
,,Cam,53.384160,58.765240,154.5595,6.450,16587,21769,1068,,13.07,-45.58,7
,,Eri,56.026560,-40.660289,96.8992,6.450,17436,23508,1157,,25.07,-83.56,19
,,Per,56.404560,38.676262,135.8696,6.450,17558,23301,,,-30.02,17.9,
,,Eri,62.983905,-8.837485,158.4786,6.450,19590,26584,,,61.57,6.96,
,,Eri,63.408960,-1.149737,220.2643,6.450,19725,26739,1312,,4.63,-4.66,18
,,Eri,65.406315,-6.284172,210.5263,6.450,20360,27660,,,5.14,-13.89,
,,Pic,69.767910,-51.672752,214.1328,6.450,21666,29805,1498,,13.58,18.12,37
,,Ori,75.500100,1.608865,187.2659,6.450,23419,32273,1619,,-5.37,9.84,25
,,Lep,79.044000,-11.352553,228.3105,6.450,24560,34318,,,-0.3,4.45,
,,Ori,83.510295,-7.023750,160.7717,6.450,26104,36814,,,-12.36,-40.49,
,,Tau,84.739050,26.618068,105.5966,6.450,26571,37329,1921,,13.55,-10.52,15
,,Ori,93.248220,6.016258,182.4818,6.450,29509,42787,,,10.79,-13.1,
,,Pic,96.110760,-63.428929,31.7561,6.450,30480,45701,2354,,19.37,-116,23
,,Car,101.673630,-54.695028,127.2265,6.450,32477,49705,2524,,-42.54,14.08,3
,,CMa,109.450050,-26.797556,296.7359,6.450,35326,56876,2774,,-0.73,1.56,15
,,Gem,110.028510,15.142928,208.7683,6.450,35548,57049,2780,,2.59,-18.13,13
,,Pup,117.677130,-44.579945,167.2241,6.450,38292,64181,3069,,-9.9,13.61,33
,,Pup,118.807710,-30.917643,270.2703,6.450,38686,64974,3096,,-25.93,27.6,54
,,Mon,120.264180,-6.419195,69.2521,6.450,39198,65938,,,-76.2,-46.23,
,,Vel,123.713505,-46.485892,617.2840,6.450,40397,69404,,,-5.24,7.94,13
,,Cam,124.224810,84.057642,147.2754,6.450,40559,65299,3108,,-9.68,-19.14,-3
,,Vel,124.773285,-48.197853,288.1844,6.450,40749,70309,,,-14.37,9.39,26
,,Vel,129.686730,-53.090381,160.5136,6.450,42400,73952,3435,,-26.06,21.68,11
,,Hya,131.395275,4.664376,163.3987,6.450,42981,74685,,,43.63,-77.43,
,,Hya,139.237710,-11.103111,112.1076,6.450,45543,79994,,,-7.63,-69.25,
,,Car,141.154725,-70.075779,214.1328,6.450,46143,81896,,,-43,0.29,
,,Hya,144.441405,-3.170642,140.4494,6.450,47242,83352,,,-9.96,-13.85,
,,Ant,146.341695,-30.202750,100000.0000,6.450,47868,84567,3878,,-11.49,4.78,33
,,Car,151.985970,-62.221416,210.5263,6.450,49642,88158,,,-5.93,7.81,24
,,Hya,153.158205,-19.153040,41.3223,6.450,50013,88595,4005,,-219.02,-95.75,34
,,UMa,155.061780,53.779391,31.1429,6.450,50606,89389,4051,,-88.11,49.87,-21
,,Sex,155.868210,-0.902244,77.4593,6.450,50887,90043,,,65.19,-33.77,
,,Car,160.967760,-60.117783,100000.0000,6.450,52488,93131,,,-6.55,2.03,
,,Vel,163.389225,-56.420501,100000.0000,6.450,53260,94508,,,-17.46,5.19,
,,Hya,163.798215,-20.664963,179.2115,6.450,53387,94619,4261,,-11.41,3.83,-12
,,Cen,172.313085,-63.553937,100000.0000,6.450,56050,99953,,,-6.26,1.29,2
,,Vir,193.408845,-4.224662,98.9120,6.450,62915,112048,4896,,3.82,-62.73,37
,,Hya,203.143635,-29.565263,50.5306,6.450,66060,117718,5098,,-77.97,7.92,-20
,,UMa,207.615645,58.539458,76.8640,6.450,67548,120874,5216,,-21.3,12.18,-40
,,Cen,211.923075,-49.867607,46.5333,6.450,69012,123227,,,-37.28,106.39,
,,Boo,213.648360,13.975451,144.0922,6.450,69585,124678,,,-94.5,80.58,
,,Boo,215.036115,30.429128,92.9368,6.450,70051,125658,5374,,-9.34,-6.68,1
,,Vir,219.368610,2.277238,74.7943,6.450,71510,128563,,,-36.69,-73.18,-1.7
,,Cen,224.808030,-37.881234,162.6016,6.450,73341,132238,5579,,-18.36,-21.27,15
,,Dra,232.236765,55.194937,93.8967,6.450,75788,138338,5759,,-7.74,36.28,-7
,,CrB,232.594875,31.285932,168.6341,6.450,75919,138341,5760,,-17.99,-18.25,-4
,,Lib,234.667005,-8.791490,26.6241,6.450,76603,139461,5816,,16.72,-27.28,
,,Dra,234.789675,57.924426,140.8451,6.450,76651,140117,5841,,-5.85,3.87,-8
,,TrA,235.048335,-70.227883,78.4929,6.450,76736,138965,5792,,-41.39,-55.11,-2
,,Ser,243.410820,-1.475133,101.5228,6.450,79522,145936,,,-52.21,3.07,
,,Sco,245.986335,-33.199396,110.1322,6.450,80324,147553,6097,,-10.65,-27.49,-2
,,Dra,247.088145,67.044000,206.1856,6.450,80682,149198,,,-20.61,-5.17,-80.5
,,Ara,252.650340,-50.044946,161.5509,6.450,82418,151566,6236,,-6.35,-3.14,25
,,Her,256.270590,43.812238,156.7398,6.450,83593,154713,6362,,3.3,-0.11,-9
,,Oct,270.392520,-85.214828,67.5676,6.450,88274,159517,6552,,-4.48,-144.72,-23
,,Her,274.532205,23.296907,497.5124,6.450,89683,168323,6854,,11.88,-11.96,3
,,Tel,276.138030,-49.652879,28.2805,6.450,90223,168871,,,33.03,-150.18,30.7
,,Lyr,280.050825,38.367195,146.1988,6.450,91552,172741,7019,,19.27,6.81,17
,,Lyr,280.819050,39.300066,383.1418,6.450,91820,173383,7041,,-0.7,-6.44,-34
,,Sgr,284.113485,-31.689025,205.7613,6.450,92972,175390,,,8.8,-9.48,
,,Dra,286.291005,49.923166,185.1852,6.450,93733,178208,7252,,-7.37,5.44,8
,,Vul,297.478005,28.439674,606.0606,6.450,97572,187640,7556,,1.71,-2.43,-12
,,Vul,300.911655,22.941058,147.4926,6.450,98772,190322,,,-18.84,-15.74,
,,Pav,302.085315,-66.354691,333.3333,6.450,99200,190222,7663,,-9.15,-6.35,36
,,Del,306.504855,19.865494,180.1802,6.450,100779,194616,7813,,31.26,18.93,-30
,,Mic,308.731140,-38.089890,66.7557,6.450,101558,195814,7853,,18.62,-11.54,21
,,Cyg,309.750765,56.004850,129.5337,6.450,101900,197101,7916,,-5.51,-40.81,-1
,,Cep,312.322470,64.042257,662.2517,6.450,102771,198781,7993,,-3.97,-4.81,-27
,,Ind,316.935495,-45.379469,95.5110,6.450,104296,200887,,,31.35,-7.07,
,,Cyg,318.904905,47.973995,452.4887,6.450,104962,202654,8136,,2.21,-2.83,-26
,,Aqr,319.074060,-9.214656,507.6142,6.450,105019,202466,,,-7.32,3.53,8
,,Cyg,320.208525,32.452221,65.6168,6.450,105390,203358,8166,,58.6,-45.18,-29
,,Aqr,321.464940,0.534340,74.2390,6.450,105819,204041,8203,,50,13.84,-9
,,Peg,323.641560,22.754521,63.2511,6.450,106527,205420,8250,,11.73,-53.45,14
,,Cep,326.753595,70.150882,152.9052,6.450,107555,207636,8342,,-10.46,-25.07,-2
,,Lac,335.709510,36.659047,136.9863,6.450,110487,212334,,,4.71,53.41,-8.3
,,Aqr,340.764225,-8.311441,146.6276,6.450,112168,215114,8645,,17.25,-3.96,5
,,Cep,341.265270,58.147050,35.4359,6.450,112324,215588,,,-62.39,-137.19,
,,Peg,352.273665,23.048083,136.0544,6.450,115915,221113,8922,,-34.14,-84.94,20
,,Peg,358.977825,15.230291,202.8398,6.450,117986,224186,,,80.67,-7.22,3.7
,,Cet,359.292150,-20.833643,145.7726,6.450,118081,224349,,,-34.96,-14,
,,Sco,253.549167,-41.850278,100000.0000,6.450,,152249,6263,,11,-40,-24
,13    PsA,PsA,331.099320,-29.916530,636.9427,6.450,108952,209476,8405,,2.82,3.35,23
,22    Aur,Aur,80.845290,28.936761,162.6016,6.450,25192,35076,1768,,14.5,-31.92,9
,23    Leo,Leo,147.758265,13.066239,369.0037,6.450,48324,85268,3896,,19.73,-7.42,-9
,25    Gem,Gem,100.337070,28.196638,632.9114,6.450,32019,47731,2453,,0.58,-2.49,-6
,28    Peg,Peg,332.625765,20.977984,208.3333,6.450,109458,210516,8459,,-2.83,-9.26,8
,7    Lyn,Lyn,98.636655,55.353042,295.8580,6.450,31359,46101,2376,,2.69,5.21,-20
,96    Vir,Vir,212.252475,-10.334546,127.2265,6.450,69127,123630,5298,,-6.24,21.73,-20
Formosa,,Leo,173.765655,20.441545,122.2494,6.450,56508,100655,4459,,-58.6,-1.19,-7
,,Cet,0.782715,-24.145145,203.6660,6.460,253,225069,9096,,59.32,-3.14,25
,,Cet,4.386255,-19.051092,48.4966,6.460,1402,1343,66,,20.45,-2.36,-5
,,Cas,5.128860,48.968633,218.3406,6.460,1639,1601,,,8.08,-3.43,
,,Psc,14.038005,13.951960,125.1564,6.460,4382,5418,,,-1.91,-2.86,
,,And,15.756345,47.376158,96.0615,6.460,4911,6114,289,,86.92,-15.47,3
,,UMi,23.452305,89.015639,103.0928,6.460,7283,5914,286,,64.92,-32.43,-10
,,Cet,29.691660,-11.300955,109.7695,6.460,9237,12116,,,72.23,-88.47,
,,Cep,33.208200,79.691540,140.8451,6.460,10309,12927,,,-22.24,24.5,
,,Cas,42.941235,58.314291,90.0090,6.460,13347,17581,839,,-32.07,-2.39,-5
,,Per,48.952785,50.955890,134.9528,6.460,15193,20096,,,30.43,-35.3,
,,Cam,57.332265,57.118268,148.5884,6.460,17858,23594,1161,,28.3,-24.42,-2
,,Dor,58.641465,-52.690426,109.1703,6.460,18275,24863,1227,,26.97,-39.2,21
,,Dor,71.241285,-63.229715,148.8095,6.460,22081,30610,1540,,-9.57,-3.01,16
,,Cam,71.501790,76.611042,32.3206,6.460,22152,29329,1468,,74.96,-136.15,-6
,,Ori,85.192470,-10.408664,243.3090,6.460,26728,37808,1957,,-1.59,-0.03,20
,,Mon,92.198760,-6.821373,104.6025,6.460,29140,42132,,,-30.2,8.07,
,,Oct,101.743845,-87.024964,39.3546,6.460,32500,58805,2848,,4.64,4.2,4
,,Car,104.651580,-56.394849,94.3396,6.460,33577,52622,2638,,-22.81,-34.06,-3
,,Car,106.817835,-59.716416,374.5318,6.460,34350,54967,,,-7.35,9.28,16
,,Gem,108.204525,27.224823,42.4809,6.460,34860,55130,2711,,13.25,-97.78,-13
,,CMi,116.031810,2.405422,123.3046,6.460,37705,62437,2989,,-18.14,-8.6,15
,,Pup,116.810835,-36.073600,136.9863,6.460,37996,63399,,,-34.73,27.05,
,,Pup,119.478345,-40.784352,150.1502,6.460,38925,65638,,,23.32,3.61,
,,Vel,122.585700,-49.237347,537.6344,6.460,40016,68478,,,-10.01,5.24,12
,,Cnc,129.852315,8.017600,101.9368,6.460,42462,73599,3424,,-29.71,-28.74,17
,,Hya,130.540890,-11.966008,94.9668,6.460,42701,74190,3446,,-27.96,-14.4,2
,,Vel,136.024095,-47.441450,358.4229,6.460,44509,78005,,,-11.1,5.72,32
,,Cnc,136.229520,32.376833,72.8332,6.460,44574,77660,3606,,-58.93,-63.6,16
,,Hya,138.512880,-14.694842,166.1130,6.460,45305,79481,,,-7.1,-16.33,
,,Dra,144.028260,74.318805,128.7001,6.460,47119,82327,3774,,-15.55,-29.04,-11
,,Car,161.973090,-64.262842,145.3488,6.460,52815,93738,,,-15.46,9.65,
,,Cen,169.309725,-41.934326,105.3741,6.460,55133,98176,,,-53.86,-9.13,
,,Mus,169.961715,-72.958291,147.7105,6.460,55332,98671,,,-41.91,-5.79,
,,Cen,174.584865,-63.372747,100000.0000,6.460,56769,101205,,,-6.24,1.49,-25
,,Cen,178.607775,-37.748935,50.6073,6.460,58057,103437,4557,Gl 452.2A,-331.05,57.19,-11.5
,,Hya,188.018295,-32.533761,186.2197,6.460,61172,109074,4774,,-24.12,-12.03,-9
,,Mus,189.810915,-75.370594,174.5201,6.460,61738,109857,4804,,-27.07,-10.01,-20
,,Com,199.059540,19.051734,101.4199,6.460,64751,115319,5007,,-96.89,7.31,-45
,,Cam,203.678325,76.546710,229.3578,6.460,66251,118686,5131,,-25.27,0.89,-14
,,Cen,203.681595,-33.310854,184.8429,6.460,66254,118010,5104,,-52.33,-11.97,-9
,,Boo,204.759525,18.265323,165.8375,6.460,66594,118839,5137,,-47.37,-20.23,-11
,,Cen,217.181250,-59.197548,100000.0000,6.460,70798,126610,5403,,-6.58,-7.72,2
,,Dra,218.565945,57.065258,29.2997,6.460,71251,128332,5451,,217.21,-232.47,-22
,,Lup,229.215870,-47.864544,177.6199,6.460,74769,135430,,,-63.04,-19.5,
,,Lib,230.757435,-15.134036,296.7359,6.460,75294,136801,,,0.26,16.29,13.7
,,CrB,234.222585,29.991182,36.7782,6.460,76456,139389,5813,,88.65,-57.38,-13
,,Nor,235.980330,-60.287217,480.7692,6.460,77042,139915,5836,,-3.36,-5.03,-37
,,Nor,241.088850,-53.710375,229.3578,6.460,78731,143658,,,-3.09,-17.21,
,,Oph,247.176315,0.054855,94.6970,6.460,80708,148531,,,-61.7,-98.11,
,,Oph,247.625070,-7.514451,100000.0000,6.460,80840,148743,6144,,2.51,2.67,2
,,Sco,250.911345,-32.105945,185.1852,6.460,81891,150638,6211,,-9.4,-23.03,-3
,,Aps,254.254410,-71.111644,308.6420,6.460,82944,152010,,,-8.47,-35.91,
,,Dra,257.071155,50.842272,191.5709,6.460,83857,155328,6383,,-7.66,25.66,-15
,,Sco,259.273080,-44.778595,100000.0000,6.460,84556,155985,,,1.55,-3.48,-17
,,Ser,260.219295,-10.696410,47.7783,6.460,84883,156971,6449,,51.86,-22.61,12
,,Dra,261.350370,52.790684,27.4574,6.460,85268,158259,,,-90.9,-50.59,
,,Sco,269.232915,-40.305643,149.9250,6.460,87865,163234,6678,,25.34,2.14,-6
,,Ara,271.538400,-51.743905,826.4463,6.460,88675,164896,,,3.21,-6.45,
,,CrA,275.229945,-37.487648,490.1961,6.460,89920,168357,6856,,-1.66,-7.27,2
,,Sgr,282.189210,-18.601150,312.5000,6.460,92301,173928,7072,,1.34,2.61,-31
,,Sge,288.889020,18.516353,257.7320,6.460,94646,180377,,,-10.49,10.06,
,,Vul,297.482550,27.085182,143.8849,6.460,97573,187614,,,8.86,4.57,-10
,,Cyg,299.188200,50.902523,104.6025,6.460,98146,189253,7632,,10.01,10.63,-19
,,Tel,302.265990,-47.067930,175.4386,6.460,99270,190879,,,41.75,-64.67,-57.6
,,Cyg,304.706955,46.322194,793.6508,6.460,100142,193536,7777,,-4.42,-7.89,-9
,,Sgr,305.216220,-35.673676,112.9944,6.460,100332,193302,7765,,36.35,19.26,-15
,,Aqr,309.774420,-4.929494,74.4048,6.460,101911,196676,,,-1.68,4.5,
,,Cyg,317.628990,47.692224,423.7288,6.460,104537,201836,8107,,-4.08,-3.66,-9
,,Cyg,320.951625,37.351481,281.6901,6.460,105637,203857,8193,,-5.95,-6.86,-3
,,Ind,326.327970,-49.498761,128.3697,6.460,107409,206690,8303,,71.18,47.71,-51
,,Peg,330.111255,33.005928,68.7758,6.460,108632,209149,8391,,-14.63,57.44,-2
,,Lac,334.368000,49.126957,228.8330,6.460,110055,211660,,,16.7,9,
,,Cep,335.161545,58.409904,185.5288,6.460,110314,212136,,,-3.35,21.17,-17
,,Peg,335.250240,26.935162,225.7336,6.460,110346,212047,8517,,14.05,-7.42,-4
,,Lac,336.689820,37.443706,458.7156,6.460,110790,212883,8549,,-0.82,-5.2,-7
,,PsA,339.686145,-28.748214,127.5510,6.460,111801,214462,8614,,-47.11,-11.75,3
,,Lac,343.217685,50.412285,263.8522,6.460,112986,216523,8705,,15.76,-1.34,-11
,,Cep,344.787510,59.814655,330.0330,6.460,113498,217348,8745,,5.85,-1.49,-11
,,Gru,345.642060,-36.420880,126.2626,6.460,113784,217642,8760,,42.54,-30.63,0.1
,,Aqr,351.016590,-21.774411,62.5391,6.460,115522,220466,,,-66.12,-77.43,24.5
,,Cas,356.201595,55.799687,149.9250,6.460,117133,222932,9000,,28.88,-2.64,9
,17    Vir,Vir,185.633490,5.305444,29.9222,6.460,60353,107705,4708,,-166.57,-53.15,5
,24    LMi,LMi,154.117035,28.682479,33.1895,6.460,50316,88986,4027,,-62.33,-92.18,30
,6    Aur,Aur,75.096735,39.654653,336.7003,6.460,23268,31780,1602,,0.77,-2.73,-24
,61Psi8Aur,Aur,103.487805,38.505018,229.3578,6.460,33133,50204,2547,,-0.45,-27.72,27
,,Peg,1.254930,27.674784,168.0672,6.470,410,225292,,,83.36,-6.57,11.5
,,Peg,2.250675,28.247543,110.8647,6.470,728,434,,,5.9,-5.62,6.9
,,Cet,4.674435,-8.053001,23.2450,6.470,1499,1461,72,Gl 16.1,417.66,-144.2,-10.4
,,Cet,11.423775,-16.424220,89.0472,6.470,3576,4338,206,,12.04,-6.07,1.8
,,Psc,14.578725,21.404495,129.7017,6.470,4558,5641,277,,-9.65,-3.49,-6
,,Cet,15.411015,-16.265573,92.8505,6.470,4801,6037,,,72.02,-91.55,-26.1
,,For,35.777490,-37.576144,271.0027,6.470,11121,14890,700,,-6.49,-33.36,11
,,Eri,41.796375,-22.485750,39.6197,6.470,13008,17438,827,,-18.93,-39.47,3
,,Hor,43.227690,-65.455291,143.6782,6.470,13429,18292,,,-6.45,-14.69,
,,Cas,47.225760,62.384596,793.6508,6.470,14626,19243,,,-1.98,-0.22,-24.7
,,Tau,50.901270,0.910087,111.4827,6.470,15800,21032,,,-5.1,-92.18,
,,Ari,51.647445,28.715087,51.6262,6.470,16042,21242,,,41.35,-104.29,26.5
,,Tau,57.237240,23.857135,75.6430,6.470,17832,23822,,,46.92,-56.45,11.6
,,Eri,57.567345,-1.522574,43.6681,6.470,17950,24098,,,102.33,25.09,
,,Eri,60.853110,-20.143796,304.8780,6.470,18926,25631,1258,,-0.2,-1.4,20
,,Per,63.498750,37.967147,151.2859,6.470,19746,26605,1301,,-49.28,4.58,29
,,Tau,67.509540,10.262214,119.4743,6.470,20985,28505,1425,,-25.03,-78.44,-63
,,Lep,76.790640,-19.391868,38.4320,6.470,23818,33095,,,-41.74,269.68,
,,Lep,80.480460,-17.603631,136.4256,6.470,25059,35137,,,6.06,6.33,
,,Tau,86.255370,12.888332,108.5776,6.470,27116,38263,,,-19.76,-13.51,
,,Aur,86.750190,51.520871,155.7632,6.470,27293,38229,,,-14.08,-39.77,
,,Col,87.998280,-29.449426,215.5172,6.470,27705,39543,2043,,-1.57,-10.96,2
,,Lyn,95.776545,56.976349,152.6718,6.470,30357,44061,,,-0.62,-72.68,
,,Pic,95.945505,-58.543871,103.8422,6.470,30423,45450,2336,,9.54,25.51,23
,,Car,101.053320,-54.695507,220.2643,6.470,32269,49219,,,-16.64,6.68,
,,Pup,103.196415,-43.975594,145.5604,6.470,33015,50860,2579,,2.36,5.37,26
,,Pup,106.318245,-50.360042,317.4603,6.470,34177,54179,2687,,-24.4,39.58,13
,,Vol,106.559610,-68.837580,161.8123,6.470,34270,55151,2712,,5.46,-1.3,-14
,,Gem,106.853655,28.176695,289.0173,6.470,34367,53744,2669,,-7.19,-0.38,-16
,,Gem,111.115200,15.517195,970.8738,6.470,35933,58050,2817,,-1.48,-1.52,37
,,Cam,111.857670,66.331571,257.7320,6.470,36211,57742,2809,,-3.27,-28.93,7
,,Cnc,122.396595,29.093076,434.7826,6.470,39958,67542,,,-10.58,-7.91,18.1
,,Cnc,123.546420,17.675955,94.9668,6.470,40342,68703,3228,,0.89,14.75,-3
,,Car,124.482345,-59.166825,74.1840,6.470,40655,70267,3274,,-49.04,-25.86,-2
,,UMa,129.792030,59.939126,127.5510,6.470,42434,73029,3401,,-27.41,-48.11,-14
,,Hya,133.977030,-15.439536,250.6266,6.470,43850,76478,,,4.46,-43.44,
,,Cnc,137.017350,32.540399,106.7236,6.470,44825,78234,3620,,-80.18,-23.55,41
,,Vel,140.936985,-37.756900,99.1080,6.470,46075,81309,3735,,-80.7,26.48,20
,,Car,146.419290,-57.186041,284.9003,6.470,47893,84809,3883,,-18.69,7.75,11
,,Cha,147.753330,-80.061059,256.4103,6.470,48320,86320,,,-3.19,15.33,12.1
,,Hya,155.369445,-23.710834,106.0445,6.470,50728,89816,4071,,-49.88,17.62,13
,,Car,161.934690,-59.875257,357.1429,6.470,52806,93695,,,-15.53,-0.12,-13
,,Hya,167.065725,-29.972486,132.8021,6.470,54430,96723,4331,,9.04,-12.92,-13
,,UMa,178.808610,36.756378,227.7904,6.470,58119,103500,4562,,-63.13,-46.03,19
,,Com,183.004215,28.536313,71.2251,6.470,59489,106022,4642,,67.88,-61.87,-15
,,Com,185.202990,15.540988,120.6273,6.470,60210,107415,,,-51.97,7.8,-21.8
,,Vir,185.814030,-4.974503,121.6545,6.470,60418,107794,,,30.41,-28.62,
,,UMa,206.304855,55.879349,34.5901,6.470,67103,119992,5177,,104.91,-358.91,-4
,,UMa,212.192145,59.337649,119.7605,6.470,69107,123977,5302,,-123.18,-20.76,11
,,Vir,214.203060,-8.884473,177.9359,6.470,69773,124973,,,-16.93,-14.35,
,,Vir,214.503015,-7.542388,32.5415,6.470,69881,125184,5353,Gl 541.1,267.04,-234.99,-12.8
,,Boo,214.732980,54.863753,101.4199,6.470,69958,125632,5372,,-18.71,-8.56,-3
,,Lib,228.322545,-24.008322,151.5152,6.470,74490,134946,5655,,-22.93,-19.97,3
,,Boo,228.961245,50.938456,61.8429,6.470,74690,135944,,,24.43,-45.91,
,,Ser,228.973185,6.464840,308.6420,6.470,74695,135615,,,-9.72,-19.17,
,,Ser,242.152140,8.613176,203.2520,6.470,79086,145050,,,-30.26,-29.91,52
,,Oph,250.235040,-8.309628,143.0615,6.470,81663,150381,,,-11.23,-0.71,
,,Sco,250.621230,-37.079353,94.7867,6.470,81803,150420,,,-22.13,-84.23,
,,Ara,251.526555,-46.531996,128.0410,6.470,82091,150897,,,-3.28,-32.42,
,,TrA,256.140420,-68.278694,373.1343,6.470,83556,153389,,,-7.94,-21.06,
,,Oph,262.594395,11.924015,83.6820,6.470,85666,158716,6521,,11.67,14.06,-25
,,Her,266.783490,47.612239,116.8224,6.470,87045,162132,6641,,-13.94,6.63,-26
,,Pav,273.568080,-63.689682,167.7852,6.470,89370,166251,6796,,-26.31,-57.99,-44
,,Ser,278.902050,4.935988,110.2536,6.470,91142,171586,,,30.7,-29.84,-10.9
,,Tel,280.377855,-48.094686,123.9157,6.470,91662,172223,7005,,-16.02,-114.52,-46
,,CrA,283.049745,-41.709195,208.7683,6.470,92608,174407,,,-8.87,-30.45,
,,Pav,284.227920,-62.801904,313.4796,6.470,93012,174877,7111,,3.41,5.45,27
,,Dra,284.368635,58.225026,125.1564,6.470,93068,176560,7184,,16.42,45.04,-8
,,Sge,285.272640,19.309605,129.8701,6.470,93374,176776,7198,,8.07,-3.19,-29
,,Aql,288.433440,5.515605,147.9290,6.470,94478,179791,7288,,7.51,-13.44,9
,,Dra,293.693100,63.434171,168.9189,6.470,96297,185394,,,10.18,-3.26,8.7
,,Cyg,293.983110,50.238618,166.3894,6.470,96396,185264,7465,,-2.16,36.65,8
,,Cyg,294.486255,49.284416,140.2525,6.470,96572,185657,7477,,36.44,145.53,-85
,,Aql,296.467635,-2.883453,362.3188,6.470,97244,186660,7516,,-2.71,-1.49,-17
,,Sgr,297.209055,-12.319421,537.6344,6.470,97484,187150,,,-0.48,-21.53,
,,Aql,297.861825,4.088632,763.3588,6.470,97709,187734,,,-5.62,-6.14,
,,Sgr,298.276605,-14.603203,119.0476,6.470,97849,187949,7571,,-0.77,-50.4,-2
,,Sgr,298.771275,-33.046252,366.3004,6.470,98012,188158,7585,,-12.62,-1.27,34
,,Aql,301.550940,-4.078210,111.7318,6.470,99024,190664,7681,,51.59,-34.88,-2
,,Tel,302.039820,-52.577795,56.0224,6.470,99188,190580,,,-23.62,-19.32,
,,Aql,303.268410,-0.330796,202.4291,6.470,99624,192086,,,-13.81,1.05,
,,Tel,303.384900,-47.713234,196.8504,6.470,99666,191732,,,-5.87,-42.8,
,,Cyg,303.520320,36.604881,438.5965,6.470,99719,192538,7734,,10.39,-5.6,-22
,,Cyg,304.117305,37.056395,675.6757,6.470,99929,192987,7757,,2.56,-0.81,-8
,,Cyg,307.901100,34.330373,45.9137,6.470,101268,195690,,,-6.61,-52.64,14.4
,,Aql,308.085060,2.132808,354.6099,6.470,101339,195617,,,29.89,1.24,
,,Mic,312.076725,-44.196832,160.7717,6.470,102670,197900,,,94.9,-53.31,-14.8
,,Cyg,314.852565,42.324466,246.3054,6.470,103596,200030,,,16.68,6.45,-22
,,Mic,317.343045,-36.705937,77.2201,6.470,104441,201242,,,32.54,-132.3,
,,Aqr,317.922240,-14.472378,125.4705,6.470,104634,201707,8102,,38.52,0.1,-39
,,Cap,320.982885,-25.202484,266.6667,6.470,105646,203607,,,58.02,-23.1,
,,Oct,323.337840,-80.039361,116.8224,6.470,106424,203955,8201,,22.52,-22.09,21
,,Peg,323.691300,18.328929,304.8780,6.470,106550,205422,,,37.01,11.38,
,,Cep,323.857995,68.219290,189.7533,6.470,106604,205938,,,17.8,15.72,
,,Peg,325.915710,7.528657,136.9863,6.470,107271,206689,,,-28.04,-56.51,
,,Lac,341.220735,39.201027,238.0952,6.470,112305,215473,,,16.39,-20.04,3
,,Tuc,342.937395,-59.881358,143.6782,6.470,112895,216169,8686,,-42.35,-4.66,0.1
,,Ind,347.436390,-67.876284,52.5210,6.470,114367,218497,,,0.13,-51.3,
,,Ind,347.550510,-66.857644,63.6132,6.470,114408,218558,8809,,236.36,35.1,-6
,,Peg,348.497325,19.633898,179.2115,6.470,114686,219196,,,27.18,-7.35,32
,,Tuc,351.781050,-66.580886,298.5075,6.470,115756,220759,8908,,-27.38,-12.97,12
,,Psc,353.869080,1.313142,86.0585,6.470,116422,221833,,,-47.76,-23.21,6.5
,,Psc,357.205695,2.214413,54.7046,6.470,117445,223346,9015,,8.81,-35.15,-25
,,Cas,357.592455,51.621663,40.6174,6.470,117551,223552,9028,,121.19,-18.1,-21
,,Cas,359.389695,60.023600,387.5969,6.470,118116,224404,9063,,12.62,-3.82,-8
,16    Cas,Cas,8.603745,66.750351,189.7533,6.470,2707,3038,137,,23.84,-0.28,-16
,22    LMi,LMi,153.776430,31.468066,203.2520,6.470,50218,88786,4014,,-36.47,-3.65,15
,23    Lib,Lib,228.369555,-25.309347,26.2055,6.470,74500,134987,5657,Gl 579.4,-399.01,-75.1,5.5
,28    Com,Com,192.059730,13.553018,125.7862,6.470,62478,111308,4861,,-48.47,-33.96,-0.1
,32    Gem,Gem,101.475825,12.693561,877.1930,6.470,32404,48843,2489,,-2.18,-2.62,9
,52    Oph,Oph,263.827080,-22.043822,258.3979,6.470,86060,159376,6545,,-3.25,-8.45,-12
Mira,68Omi Cet,Cet,34.836630,-2.977643,91.6590,6.470,10826,14386,681,,10.33,-239.48,64
,,Psc,6.158985,14.315514,180.5054,6.480,1948,2035,,,15.07,-2.6,-15.8
,,Cas,15.362685,49.544220,322.5806,6.480,4786,5927,,,4.33,-2.68,
,,Cas,15.576945,51.034938,226.2443,6.480,4844,6028,287,,-4.18,-13.36,6
,,And,29.496810,47.095520,680.2721,6.480,9163,11884,,,7.27,-6.75,-7.1
,,For,32.395020,-24.345785,66.7111,6.480,10069,13305,630,,-31.06,-42.03,20
,,Per,34.215480,57.055246,100000.0000,6.480,10633,13854,654,,-0.9,-0.77,-42
,,For,39.603405,-37.990545,55.2792,6.480,12300,16589,780,,114.2,-62.3,43
,,Cet,40.870470,-2.531452,120.1923,6.480,12720,17001,,,18.08,17.39,
,,Eri,41.687925,-21.639521,48.0307,6.480,12964,17390,826,,76.06,16.84,7
,,Per,45.986445,47.848480,106.9519,6.480,14264,18878,,,-8.76,-6.13,
,,For,53.718345,-25.582825,138.5042,6.480,16697,22333,,,51.5,33.44,
,,Tau,76.383750,19.806723,137.7410,6.480,23695,32642,1642,,-10.61,-12.36,-17
,,Aur,78.322785,37.337309,26.1165,6.480,24332,33632,,,-144.76,-135.1,
,,Pic,78.911700,-52.182179,232.5581,6.480,24520,34587,1742,,14.56,21.14,13
,,Cam,81.247620,73.707198,492.6108,6.480,25322,34450,,,-8.16,-1,
,,Tau,86.894445,25.568623,250.0000,6.480,27353,38524,,,1.84,-7.11,-18.2
,,Pic,89.309880,-53.425693,207.0393,6.480,28180,40665,2114,,9.47,-0.07,73
,,Pup,91.757805,-45.091510,112.7396,6.480,28988,42168,2178,,79.69,46.17,82
,,Pup,92.347620,-49.562831,59.1716,6.480,29185,42683,2204,,-10.68,74.96,60
,,Cam,92.806755,60.453487,362.3188,6.480,29348,41782,,,-21.68,-16.27,
,,Col,96.781605,-37.895507,50.4032,6.480,30706,45680,2353,,-1.38,44.75,30
,,Mon,97.069860,1.912679,161.5509,6.480,30798,45563,2347,,-6.72,-15.28,42
,,CMa,99.595455,-23.580321,234.1920,6.480,31736,47579,,,-1.9,-8.14,
,,Aur,100.407330,35.931928,83.8223,6.480,32040,47703,2452,,-17.81,-25.9,86
,,Aur,104.327100,37.394723,526.3158,6.480,33453,51021,,,0.94,-4.09,
,,CMa,106.649850,-12.393949,100000.0000,6.480,34297,53975,2679,,-3.72,1.75,33
,,Aur,109.427700,38.876265,147.2754,6.480,35317,56171,,,-4.58,-29.33,27.8
,,Lyn,120.649170,57.273627,104.9318,6.480,39348,65626,3119,,-38.28,-59.08,26
,,Lyn,122.825250,54.540238,166.1130,6.480,40086,67539,,,47.34,-93.7,
,,Vel,123.025245,-43.400440,100000.0000,6.480,40160,68763,,,-5.02,4.4,
,,Hya,123.340725,-1.165885,152.9052,6.480,40263,68667,,,-28.75,5.39,
,,Vel,128.332755,-38.370676,469.4836,6.480,41970,72787,3388,,-10.72,5.73,10
,,Hya,131.839455,-17.052878,189.0359,6.480,43152,75098,,,-12.09,-10.38,
,,Pyx,132.437265,-21.048440,78.4929,6.480,43338,75495,3507,,4.84,-56.61,-17
,,Hya,137.185515,-16.277321,128.3697,6.480,44888,78614,,,5.35,-67.22,
,,Vel,137.437485,-49.424383,161.5509,6.480,44979,79025,3647,,-0.21,-28.74,-1
,,Cnc,137.443440,11.564377,38.9257,6.480,44984,78661,3635,,-44.47,-62.25,-16
,,Cnc,138.405255,21.283206,155.7632,6.480,45272,79248,3657,,-15.48,-10.88,9
,,Ant,143.799300,-35.823750,68.3527,6.480,47039,83108,3823,,-73.99,-2.06,13
,,Sex,147.921735,-11.340507,350.8772,6.480,48375,85461,,,31.7,-39.82,12.5
,,Leo,149.608530,27.758999,74.2942,6.480,48895,86358,3936,,-116.6,-28.35,36
,,Vel,153.342915,-56.586697,200.8032,6.480,50069,88862,,,-26.39,0.61,
,,Vel,154.334115,-46.834942,64.6831,6.480,50391,89328,,,-22.66,0.45,
,,UMa,154.636845,43.048445,37.1058,6.480,50485,89221,,,-123.91,-77.74,
,,Dra,159.008370,80.494629,160.2564,6.480,51883,91075,4121,,-18.05,-3.7,-11
,,Car,164.334195,-69.038055,267.3797,6.480,53556,95122,,,-24.98,2.86,
,,Vel,165.557700,-41.114145,448.4305,6.480,53940,95716,,,16.52,-32.13,
,,Mus,175.561860,-75.227317,34.4116,6.480,57092,101805,,,43.19,-5.79,-7.7
,,Hya,176.815965,-30.286510,17.4734,6.480,57507,102438,4525,Gl 446,-265.29,-227.49,11.8
,,Hya,177.654945,-27.277936,154.5595,6.480,57749,102888,4542,,-83.31,7.23,-3
,,Cen,181.069650,-51.472518,117.6471,6.480,58859,104839,,,-34.82,-11.76,
,,Mus,182.755080,-68.260966,268.8172,6.480,59389,105822,,,1.43,-13.23,
,,Crv,185.828610,-11.812117,283.2861,6.480,60421,107814,,,-51.02,-10.49,3.5
,,Vir,192.845535,-10.338219,156.0062,6.480,62743,111720,4877,,-8.8,-3.41,-17
,,Cen,194.242650,-54.587348,118.4834,6.480,63204,112381,,,-33.73,-15.37,
,,Cen,200.967255,-49.822811,120.7729,6.480,65372,116338,5046,,-79.89,-31.45,-32
,,Hya,202.888230,-28.112740,99.5025,6.480,65969,117558,5090,,-77.63,2.12,-4
,,Vir,203.889270,10.204962,120.4819,6.480,66326,118266,5114,,88.28,-52.58,33
,,UMa,204.166230,49.486648,156.2500,6.480,66385,118536,5126,,2.28,-14.83,-10
,,Cen,204.210720,-34.467839,131.9261,6.480,66405,118319,5117,,-8.21,-34.63,22
,,CVn,208.285155,40.337977,355.8719,6.480,67778,121197,,,-8.62,-10.37,
,,Aps,214.229835,-77.664221,617.2840,6.480,69778,124099,5306,,-5.86,-2.87,-10
,,Hya,216.449040,-26.852241,71.7875,6.480,70538,126400,5399,,-4.7,-56.07,7
,,Lup,226.391265,-30.550864,35.1124,6.480,73850,133469,,,10.6,83.89,
,,Lup,226.510065,-48.883391,282.4859,6.480,73881,133399,,,-2.26,-9.58,-11
,,Ser,235.793880,13.667666,173.3102,6.480,76985,140438,5850,,-20.16,-35.87,-10
,,CrB,243.189435,26.670583,73.2601,6.480,79441,145976,6052,,68.89,-31.74,-8
,,Her,249.390660,5.277526,163.6661,6.480,81404,149908,,,-7.77,-12.5,
,,Her,250.615710,49.936441,29.3341,6.480,81800,151044,,,133.43,-107.77,-12.5
,,Oph,254.673165,-14.869671,51.8941,6.480,83090,153229,6302,,-2.07,-25.14,-13
,,Sco,255.986550,-37.844143,100000.0000,6.480,83499,153919,,,1.9,4.71,-75
,,Her,261.009405,38.582782,175.4386,6.480,85149,157853,6488,,-12.32,35.78,27
,,Ser,261.791175,-15.853360,136.2398,6.480,85405,157969,,,-6.12,-8.45,
,,Sco,263.929455,-37.439878,103.4126,6.480,86098,159312,6539,,-9.17,-35.55,-8
,,Aps,265.185600,-67.854172,140.0560,6.480,86510,159558,,,-43.14,-20.85,
,,Pav,268.325850,-65.488601,151.0574,6.480,87564,161955,6634,,-22.87,-64.85,-45
,,Sgr,268.979040,-18.802154,98.5222,6.480,87782,163245,6679,,13.03,-20.23,4
,,Her,269.717940,45.476220,130.5483,6.480,88030,164429,6718,,0.4,26.98,-19
,,Oph,278.697885,10.892010,186.2197,6.480,91090,171505,6976,,6.87,3.78,-36
,,Sct,282.629880,-13.572262,413.2231,6.480,92456,174328,,,-5.41,-8.02,
,,CrA,283.848150,-37.386603,133.3333,6.480,92866,175093,,,7.62,-0.55,
,,Aql,286.100640,-5.684843,362.3188,6.480,93666,177336,7220,,6.15,0.07,37
,,Sgr,290.373945,-34.983487,18.8324,6.480,95149,181321,7330,Gl 755,78.88,-108.93,-10.2
,,Sgr,293.058465,-44.546387,41.6146,6.480,96095,183577,,,-138.41,32.77,
,,Cyg,310.850805,35.587801,100000.0000,6.480,102276,197572,7932,,-6.01,-3.28,10
,,Equ,316.666005,3.803119,72.2022,6.480,104202,200964,,,94.78,50.31,
,,Aqr,319.164465,-1.607759,209.2050,6.480,105046,202554,8132,,23.05,-16.94,-26
,,Cyg,327.417060,41.148787,100000.0000,6.480,107749,207673,8345,,-2.93,-5.62,-2
,,Peg,337.046370,27.018806,162.8664,6.480,110907,213025,,,-35.57,-33.43,-42.7
,,PsA,344.100075,-31.565567,7.6092,6.480,113283,216803,8721,Gl 879,330.53,-159.86,9
,,And,349.483350,45.488924,179.8561,6.480,115036,219749,8861,,23.93,-10.02,3
,30    Ari,Ari,39.252150,24.647222,41.7537,6.480,12189,16246,765,,137.08,-14.18,15
,34    Cnc,Cnc,128.166135,10.066008,165.2893,6.480,41904,72359,3372,,5.89,-6.22,-11
,64    Leo,Leo,166.915440,23.323762,77.4593,6.480,54388,96528,4322,,-17.17,9.83,-2
,,Phe,0.142995,-53.097713,59.4177,6.490,50,224782,,,52.98,-20.52,
,,Hyi,3.978855,-75.911615,189.3939,6.490,1268,1221,58,,-17.82,-2.41,16
,,Cet,10.119090,-16.516676,146.4129,6.490,3175,3794,172,,41.94,-32.25,48
,,Phe,12.515685,-43.394921,108.5776,6.490,3903,4849,239,,13.43,9.7,15
,,Psc,17.870715,10.291908,132.4503,6.490,5575,7107,,,10.94,-6.07,
,,Cas,24.446670,64.739357,558.6592,6.490,7593,9811,,,-1.36,0.59,
,,Phe,32.451915,-40.866501,71.1744,6.490,10096,13387,,,48.51,-22.51,
,,Cet,33.065700,2.745551,159.2357,6.490,10273,13546,,,13.18,12.15,
,,Cam,52.098240,60.255672,178.8909,6.490,16177,21203,1033,,23.1,-22.31,5
,,Tau,53.704500,6.417691,134.4086,6.490,16695,22211,1089,,-23.43,-17.03,-11
,,Eri,53.988525,-5.124954,192.6782,6.490,16779,22379,,,-5.41,-4.08,
,,Eri,55.307490,-11.802418,92.7644,6.490,17214,23010,1125,,81.07,29.82,29
,,Hor,56.210325,-48.061299,137.9310,6.490,17493,23670,1167,,20,-74.2,4
,,Cam,61.794735,74.000359,110.4972,6.490,19222,25225,,,26.52,-65.22,
,,Tau,62.429190,3.322697,62.3830,6.490,19434,26292,,,-50.92,-60.89,
,,Tau,69.311580,18.543031,416.6667,6.490,21517,29260,,,-3.76,-6.77,-3.8
,,Aur,70.951020,32.865459,60.2047,6.490,22003,29867,1501,,-45.7,-44.52,4.7
,,Aur,76.503840,35.936388,105.5966,6.490,23724,32608,1639,,-17.02,-13.03,14
,,Men,78.853620,-73.588475,111.4827,6.490,24507,35184,,,-22.29,5.85,
,,Aur,80.009655,44.425383,247.5248,6.490,24881,34498,1733,,0.19,-19.25,13
,,Ori,80.330445,4.011948,280.8989,6.490,25011,34959,1761,,-1.62,-12.18,5
,,Lep,80.799975,-26.705433,49.9750,6.490,25180,35386,1785,,21.51,22.95,51
,,Aur,81.186675,36.199945,250.6266,6.490,25301,35202,,,-0.22,-8.97,
,,Ori,82.423425,-0.802512,110.9878,6.490,25732,36150,,,48.34,-39.16,
,,Ori,84.878505,-9.706628,166.9449,6.490,26623,37635,1942,,5.51,-8.86,21
,,Cam,86.884365,63.598848,145.7726,6.490,27346,38058,,,-11.23,19.7,
,,Aur,90.688050,47.809529,28.6123,6.490,28634,40650,,,32.23,92.58,
,,CMa,95.146500,-23.637963,166.9449,6.490,30141,44379,,,-20.73,-65.68,
,,Aur,102.434520,37.512748,224.7191,6.490,32746,49364,,,-22.86,7.3,
,,Mon,105.163905,-9.202967,471.6981,6.490,33754,52382,2627,,-0.87,1.64,51
,,Cam,106.465140,70.731924,350.8772,6.490,34238,52030,2617,,31.28,-6.71,20
,,Vol,111.154665,-71.470657,82.3723,6.490,35946,59640,,,7.69,40.95,
,,Pup,117.419850,-19.505518,111.8568,6.490,38209,63734,,,-59.12,-14.15,
,,CMi,117.712905,4.459514,152.4390,6.490,38303,63798,,,-15.07,48.39,
,,Lyn,117.813930,37.082085,186.2197,6.490,38349,63588,,,-2.06,-28.19,
,,Vel,123.440220,-46.578684,392.1569,6.490,40299,69168,,,-8.26,4.32,13.3
,,Vel,126.740745,-52.704950,54.0541,6.490,41426,71805,,,-92.33,-45.15,7.8
,,Vel,128.168775,-47.042108,231.4815,6.490,41905,72752,,,-13.29,9.61,
,,Vel,132.981645,-40.986584,323.6246,6.490,43528,75989,,,-9.48,5.78,
,,Pyx,133.108905,-32.509322,235.2941,6.490,43573,76001,3533,,-11.92,-8.01,1
,,Cnc,134.862015,13.074391,421.9409,6.490,44148,76908,,,-17.85,-7.02,
,,UMa,143.296890,45.513758,195.6947,6.490,46879,82408,,,-15.63,-39.14,
,,Leo,146.125020,18.863492,120.1923,6.490,47779,84252,3869,,-0.18,-55.15,-1
,,Leo,146.842485,23.647686,170.6485,6.490,48023,84680,,,-16.06,-2.37,
,,LMi,156.437235,35.425430,126.1034,6.490,51047,90250,,,-107.01,-58.05,11.4
,,Hya,158.911935,-18.568978,79.4281,6.490,51852,91790,4152,,5.2,11.63,-7
,,Leo,173.401440,2.499034,375.9398,6.490,56388,100456,,,22.92,-15.94,
,,Dra,174.426300,77.595699,309.5975,6.490,56716,100858,,,1.81,2.15,
,,UMa,174.704700,64.346965,210.9705,6.490,56816,101150,4481,,12.47,1.05,-22
,,Vir,179.789040,-10.475896,269.5418,6.490,58450,104078,,,-9.02,30.93,
,,UMa,179.989095,34.034748,119.6172,6.490,58512,104179,4584,,-40.68,32.12,-8
,,Hya,181.521690,-32.961231,51.6529,6.490,59021,105113,,,-77.55,-194.27,
,,Hya,197.913345,-26.551722,110.6195,6.490,64375,114576,4978,,-71.84,1.55,-21
,,Com,199.212645,17.017182,11.0717,6.490,64797,115404,,Gl 505A,631.21,-260.84,6.7
,,Hya,202.007835,-26.402235,429.1845,6.490,65682,117033,,,-3.27,-4.19,
,,CVn,202.109325,40.729646,117.3709,6.490,65723,117261,5077,,12.44,-57.56,-58
,,Boo,204.532860,14.301926,73.2601,6.490,66522,118660,5129,,41.01,-14.98,-2
,,UMa,204.812145,51.804213,263.1579,6.490,66613,118970,,,-14.84,5.6,
,,UMa,209.383665,61.492861,10.0644,6.490,68184,122064,5256,,-32.32,216.48,-25
,,Cen,210.072630,-61.481028,59.3120,6.490,68413,121901,5252,,-64.45,-35.22,6
,,Lib,216.170220,-11.669703,90.4977,6.490,70452,126251,5393,,-75.18,-22.86,-36
,,Lib,216.323310,-13.353163,154.0832,6.490,70501,126363,,,-58.49,3.02,
,,Lib,218.711370,-20.439381,149.7006,6.490,71295,127964,5438,,16.64,-1.46,-0.4
,,Lup,219.301755,-53.060788,272.4796,6.490,71494,128154,,,-10.75,-15.9,
,,Boo,222.384900,51.374503,57.1102,6.490,72508,131040,5537,,15.19,2.19,-5
,,Cir,226.983960,-61.128673,120.7729,6.490,74044,133557,,,-0.47,-5.81,
,,Lib,228.050055,-19.106482,160.5136,6.490,74391,134758,,,-40.75,-23.77,
,,Lup,230.854110,-46.140415,154.0832,6.490,75324,136607,,,-28.16,-9.24,
,,Oct,232.085970,-88.133010,65.0618,6.490,75736,129723,5491,,-88.78,-80.65,-15
,,Lup,232.959300,-32.881112,128.8660,6.490,76048,138221,5753,,-18.86,-21.18,5
,,Ser,233.469615,17.137359,64.3087,6.490,76198,138803,5783,,-49.2,-48.72,-21
,,Lib,236.553570,-28.061481,71.1238,6.490,77235,140722,5856,,-63.36,-22.14,-21
,,Oph,247.203975,-8.128843,50.9424,6.490,80719,148515,6137,,-55.59,-69.96,0.3
,,Ara,253.631475,-49.710800,471.6981,6.490,82723,152220,,,0.24,-4.45,
,,Dra,261.520170,58.651895,120.6273,6.490,85317,158485,6514,,-8.81,13.74,-30
,,Oct,277.026480,-84.387256,213.2196,6.490,90509,165338,,,13.15,-9.13,-4.1
,,Her,277.673550,20.815046,34.5781,6.490,90729,170829,6950,,16.29,-263.84,-59
,,Sgr,278.838870,-20.840442,91.4913,6.490,91132,171369,6969,,28.68,-1.39,-10
,,Sct,279.518670,-14.004781,246.9136,6.490,91369,171957,6989,,-0.63,-7.79,-19
,,Ser,279.599160,-3.193640,47.9616,6.490,91394,172088,6999,,6.47,33.59,-21
,,Lyr,280.533690,34.746307,456.6210,6.490,91707,173087,7033,,-0.17,-3.66,-24
,,Sct,282.164550,-6.004311,230.9469,6.490,92296,174005,,,8.29,31.96,-27.1
,,CrA,284.795685,-39.534712,152.9052,6.490,93209,175855,7156,,-3.83,-31.53,-15
,,Pav,284.871975,-70.468653,103.6269,6.490,93238,175007,,,-3.89,-117.69,
,,Dra,295.054980,60.507114,155.5210,6.490,96771,186340,7500,,3.27,-6.93,-1
,,Aql,297.572835,7.902419,529.1005,6.490,97607,187567,7554,,-1.08,-3.96,-30
,,Aql,298.831245,-6.734780,81.8331,6.490,98038,188405,7599,,16.21,-58.74,-7
,,Vul,300.063990,26.187887,800.0000,6.490,98458,189671,,,1.42,-7.01,-20.9
,,Cyg,302.343180,56.026828,324.6753,6.490,99294,191892,,,-10.73,-18.39,-5.8
,,Cyg,304.983510,46.837319,354.6099,6.490,100250,193722,7786,,-1.61,5.78,-11
,,Pav,305.368245,-66.749690,44.6229,6.490,100379,192887,,,-140.22,3.15,
,,Cyg,306.134835,53.551934,649.3506,6.490,100651,194668,7815,,8.31,12.62,-19
,,Vul,308.541600,20.985185,279.3296,6.490,101505,196035,7862,,6.76,-4.72,3
,,Mic,311.577510,-36.120152,67.8426,6.490,102496,197649,7935,,40.22,-52.07,-14
,,Ind,325.996200,-57.325247,45.4959,6.490,107299,206429,,,-116.86,-52.55,34.9
,,Cep,327.283800,66.792032,98.0392,6.490,107710,207826,,,-20.83,-66.26,-16.5
,,Gru,341.617770,-49.685790,235.2941,6.490,112432,215504,8659,,86.51,-275.57,2
,,Tuc,341.898705,-65.560252,226.2443,6.490,112533,215562,,,-30.76,-6.88,
,,Gru,349.207650,-41.194395,158.9825,6.490,114937,219531,8847,,-26.09,15.43,13
,,Scl,349.763730,-28.387846,250.6266,6.490,115121,219823,,,15.77,10.11,
,,And,355.011750,37.652644,90.8265,6.490,116781,222399,8973,,-7.18,-80.08,-16
,,Phe,357.648480,-47.376942,118.7648,6.490,117571,223549,,,7.84,29.73,
,14    Cam,Cam,78.380295,62.691132,79.3021,6.490,24348,33296,1678,,-37.36,0.83,-4
,18    Aur,Aur,79.848915,33.985421,68.5871,6.490,24832,34499,1734,,26.56,-4.32,7
,57    Aql,Aql,298.658595,-8.237048,155.7632,6.490,97967,188294,7594,,4.02,-30.2,-5
,81Pi 1Cnc,Cnc,138.073170,14.996037,20.3625,6.490,45170,79096,3650,Gl 337A,-524.47,245.13,50.2
,83    Leo,Leo,171.688845,3.013102,17.7462,6.490,55846,99491,4414,Gl 429A,-726.28,181.91,3.8
,Chi3For,For,52.048005,-35.853426,114.2857,6.490,16156,21635,1058,,35.67,-3.29,15
,,Cep,0.413955,73.611846,70.7714,6.500,128,224890,,,75.54,-12.36,-8
,,And,3.142260,44.707195,140.8451,6.500,1009,800,,,98.84,-21.64,-37.5
,,Cet,4.176435,-20.210061,182.8154,6.500,1331,1256,61,,-6.96,-1.53,19
,,Cet,21.468180,-3.927391,96.5251,6.500,6687,8713,,,60.72,-26.32,
,,Phe,32.023695,-41.880420,93.4579,6.500,9951,13218,,,-16.15,-11.27,
,,Per,33.389625,53.058589,100000.0000,6.500,10361,13519,,,1.19,-1.35,-39.3
,,Cet,34.919910,-4.345573,125.4705,6.500,10854,14417,684,,31.58,3.25,18
,,For,37.557165,-25.186442,100.6036,6.500,11644,15634,733,,80.35,30.95,25
,,Cas,47.753235,64.896266,80.0641,6.500,14791,19439,,,-48.97,-14.77,-7
,,Hor,51.150855,-51.062657,123.7624,6.500,15884,21360,,,-7.37,19.71,
,,Per,52.876215,40.759934,115.7407,6.500,16425,21684,,,25.2,-41.93,
,,Tau,54.750255,20.915765,142.2475,6.500,17026,22615,1103,,-4.67,-34.27,-9
,,Hor,55.541145,-45.957888,40.3226,6.500,17298,23308,,,-72.55,13.51,37
,,Tau,67.694970,16.148696,41.5110,6.500,21053,28568,,,98.2,-22.75,43.6
,,Ori,73.993125,5.399024,131.0616,6.500,22923,31411,1578,,-18.89,-13.98,22
,,Cep,82.950030,85.938528,101.5228,6.500,25911,32196,1616,,17.27,-76.9,-6
,,Aur,83.364180,32.801180,106.2699,6.500,26054,36484,1850,,-4.42,-57.35,34
,,Aur,86.373315,31.324825,230.9469,6.500,27164,38200,,,6.18,-18.05,4.5
,,Cam,90.767970,57.018314,204.0816,6.500,28656,40568,,,9.31,-45.55,
,,Mon,96.753645,-4.355659,287.3563,6.500,30700,45418,,,-4.99,-4.12,14.6
,,Vol,100.239900,-71.775192,132.4503,6.500,31977,49268,2505,,22.13,-40.85,21
,,Mon,106.456830,-10.660080,100000.0000,6.500,34234,53755,2670,,-2.65,1.21,16
,,Gem,107.945205,16.976344,362.3188,6.500,34763,54986,,,10.9,-32.91,
,,Pup,114.862425,-26.863102,234.1920,6.500,37293,61672,2956,,-3.96,-3.19,33
,,CMi,115.838295,4.945762,198.0198,6.500,37634,62286,,,-23.34,-16.04,
,,Lyn,118.016145,45.932989,103.7344,6.500,38403,63630,,,-32.72,-44.65,22.8
,,Lyn,119.964075,36.082075,257.7320,6.500,39094,65392,,,-26.72,-8.09,
,,Pup,121.816695,-17.368744,226.2443,6.500,39730,67408,,,-45.53,26.72,
,,Lyn,125.121345,53.574092,59.3824,6.500,40878,69682,3258,,-64.92,-107.12,11
,,Pyx,127.150170,-23.070981,162.8664,6.500,41572,71815,3344,,-30.13,1.96,54
,,Cnc,127.922070,18.987732,242.7184,6.500,41833,72115,,,-25.79,-21.5,
,,UMa,142.449135,55.745233,42.0345,6.500,46566,81790,3747,,-132.2,-42.17,10
,,Leo,143.326230,28.367940,83.5422,6.500,46891,82523,3792,,-42.12,-32.31,26
,,UMa,145.319775,55.866491,118.2033,6.500,47521,83564,,,-30.5,-34.63,
,,UMa,145.779075,54.363703,91.7431,6.500,47664,83886,3855,,-31.87,-33.61,21
,,Vel,148.250400,-55.373208,813.0081,6.500,48469,85871,3920,,-12.65,3.72,-18
,,Vel,150.143955,-56.946108,145.1379,6.500,49052,87030,3953,,-53.08,23.35,10
,,Vel,151.530135,-52.187939,131.4060,6.500,49477,87816,3978,,-55.35,16.15,5
,,Hya,155.283165,-17.984959,62.4610,6.500,50693,89747,4068,,-30.52,-29.14,23
,,Car,159.689115,-59.262420,452.4887,6.500,52103,92399,,,-14.26,-0.18,
,,Cen,170.985630,-57.880437,189.0359,6.500,55645,99145,,,10.9,-17.88,
,,Hya,183.776670,-29.237256,156.9859,6.500,59742,106500,,,-28.6,-26.31,
,,CVn,192.408510,48.740030,166.6667,6.500,62600,111572,,,-15.66,-7.49,
,,UMa,195.668490,59.716306,193.0502,6.500,63647,113436,4936,,-29.47,-9.75,-23
,,CVn,198.399765,36.887582,512.8205,6.500,64530,114975,,,3.03,0.25,1
,,UMa,201.500580,63.261275,21.1685,6.500,65530,117043,5070,Gl 511.1,-392.63,220.51,-30.9
,,Boo,214.009995,45.566268,140.2525,6.500,69704,125076,,,-17.33,64.59,
,,Boo,215.558355,29.369920,236.4066,6.500,70236,126009,,,-38.76,-26.3,-16
,,Cir,222.404400,-68.936190,289.8551,6.500,72518,130021,,,-9.73,-13.35,1
,,Boo,224.264985,21.555419,126.5823,6.500,73156,132145,5574,,-24.5,-26.98,-11
,,Ser,228.196545,10.702305,189.7533,6.500,74441,135061,,,-38.87,-67.32,
,,Ser,229.594320,0.939409,178.2531,6.500,74895,136027,,,35.04,-17.46,
,,Lib,230.688360,-29.341935,129.7017,6.500,75272,136646,,,30.42,-11.43,
,,TrA,242.496615,-62.967154,95.0570,6.500,79208,144481,,,-12.76,-60.72,
,,Ser,244.430655,1.496714,236.4066,6.500,79834,146740,,,-16.09,-1.26,
,,Sco,255.059370,-44.988548,56.4972,6.500,83202,153234,,,-16.18,-33.05,
,,Ara,259.715625,-62.874577,148.3680,6.500,84700,155951,,,-58.55,-23.97,
,,Oph,260.142975,-19.333746,47.6190,6.500,84856,156846,6441,,-138.67,-142.8,-69
,,Dra,272.779830,60.409532,150.8296,6.500,89104,167387,6827,,-6.36,4.43,-18
,,Her,276.670530,26.449216,321.5434,6.500,90398,170111,6924,,1.66,-6.19,-18
,,Sct,276.786945,-8.040406,96.8992,6.500,90437,169913,,,2.53,10.05,
,,CrA,282.744375,-41.062687,100000.0000,6.500,92487,174152,,,4.85,-3.69,-26
,,Dra,284.322240,62.396773,95.4198,6.500,93053,176668,7191,,5.86,-40.72,-8
,,Dra,288.782985,83.462746,166.6667,6.500,94604,184146,7425,,12.36,7.02,-14
,,Sge,289.701705,19.610477,239.8082,6.500,94910,181182,7326,,-0.29,0.44,-17
,,Aql,291.256380,-4.884536,108.1081,6.500,95453,182475,7366,,35.58,7.88,-39
,,Vul,294.574125,20.783391,168.9189,6.500,96601,185436,7472,,-6.81,-33.84,5
,,Tel,298.162980,-54.976444,60.5327,6.500,97819,187421,7549,,6.3,3.72,-22
,,Vul,300.592095,22.151458,540.5405,6.500,98661,190066,,,-5.1,-11.44,15.8
,,Cyg,308.452305,41.772658,92.0810,6.500,101467,196134,7867,,-1.36,-67.14,1
,,Cep,311.137770,69.751813,132.8021,6.500,102370,198236,7967,,-28.44,-36.1,-9
,,Cap,311.304675,-27.247280,145.3488,6.500,102414,197540,7931,,-0.6,7.43,-3
,,Cyg,312.407010,50.127082,411.5226,6.500,102804,198624,,,-12.85,4.95,
,,Cyg,315.587325,39.509035,223.7136,6.500,103822,200465,,,2.01,1.09,-7.6
,,Cyg,315.702570,45.848890,400.0000,6.500,103871,200595,8064,,2.48,-3.89,-12
,,Aqr,315.748440,-0.924744,500.0000,6.500,103889,200340,8054,,7.26,1.1,-12
,,Peg,324.021000,15.081993,136.9863,6.500,106643,205603,,,-82.8,-88.95,-0.4
,,Ind,329.014320,-52.463760,190.8397,6.500,108268,208184,,,22.07,-38.62,
,,Peg,329.748705,19.020302,64.6831,6.500,108513,208897,,,76.56,-33.65,
,,Lac,331.460190,45.112504,196.4637,6.500,109079,209932,8422,,13.08,-3.32,-4
,,Peg,333.291735,18.279812,231.4815,6.500,109691,210890,,,3.91,-36.3,14.7
,,Peg,333.576675,17.189344,165.8375,6.500,109788,211076,,,-82.75,-91.39,-105
,,Aqr,352.881255,-4.087406,26.1165,6.500,116106,221356,8931,GJ 9829,178.65,-192.79,-13.1
,,Cap,316.102740,-19.855641,48.4496,6.500,,,,Gl 816.2B,-35.48,-35.23,
,43    Cet,Cet,20.645130,-0.449673,137.3626,6.500,6429,8335,393,,23.47,-11.95,14
,49    Cam,Cam,116.614335,62.830522,96.7118,6.500,37934,62140,2977,,-36.98,-61.01,2
Alkalurops B,51Mu 2Boo,Boo,231.128700,37.347300,36.0620,6.510,75415,137392,5734,GJ 3904B,-140.95,84.97,-8.6
Kamuy,,CrB,242.516310,26.742750,125.3133,6.570,79219,145457,,,-18.35,37.66,-4.6
Inquill,,Ara,259.964205,-48.549319,54.7945,6.670,84787,156411,,,-35.37,-209.84,
Bubup,,Men,84.257535,-73.699343,38.3142,6.690,26380,38283,,,138.79,-107.29,
Lacaille 8760,,Mic,319.315875,-38.867362,3.9462,6.690,105090,202560,,Gl 825,-3259,-1146.99,28.2
Baekdu,,UMi,224.201385,74.900927,160.0000,6.830,73136,133086,,,13.5,5.65,
Timir,,Oph,247.117305,-13.399640,59.0319,6.890,80687,148427,,,-37.09,1.45,
Tupã,,Cru,186.443355,-64.022088,38.0807,6.990,60644,108147,,,-181.6,-60.8,
Matza,,Cen,201.150450,-51.504458,97.9432,7.010,65426,116434,,,-34.05,-19.27,
Bélénos,,Psc,21.302070,28.566693,44.5633,7.120,6643,8574,,,252.59,-158.59,
Tupi,,Ret,54.929880,-52.915838,33.8868,7.120,17096,23079,,,-193.62,-91.92,
Dofida,,Cen,203.106450,-47.271363,37.9651,7.170,66047,117618,,,25.04,-124.63,
Buna,,And,39.258000,42.062633,57.8704,7.280,12191,16175,,,-38.74,-39.91,
Lacaille 9352,,PsA,346.462965,-35.853073,3.2759,7.350,114046,217987,,Gl 887,6767.26,1326.66,9.5
Aiolos,,Car,164.262765,-68.667347,90.4159,7.360,53524,95086,,,-41.69,13.03,
Rapeto,,Sco,256.128525,-43.309770,49.5295,7.390,83547,153950,,,111.41,-141.49,30.7
Itonda,,Gru,329.332635,-37.763621,45.8505,7.470,108375,208487,,,101.45,-117.99,
Uklun,,Cen,176.210400,-58.703709,39.6983,7.470,57291,102117,,,-63.05,-69.87,
Lalande 21185,,UMa,165.834480,35.969877,2.5469,7.490,54035,95735,,Gl 411,-580.2,-4767.09,-84.3
Belel,,Sgr,290.267640,-23.619572,110.6195,7.550,95124,181342,,,-45.15,-31.23,
Lionrock,,Aqr,336.762810,-17.263658,131.0616,7.600,110813,212771,,,-86.69,-104.35,
Illyrian,,LMi,143.938260,34.780742,125.4705,7.620,47087,82886,,,15.05,-34.95,
Nenque,,Phe,16.167420,-39.488217,41.3736,7.720,5054,6434,,GJ 9037,-168.97,-527.71,22.4
Cocibolca,,Scl,11.110950,-26.515680,32.3729,7.780,3479,4208,,GJ 9024,313.52,150,55.4
Arcalís,,Boo,223.345950,18.235401,110.0110,7.800,72845,131496,,,44.44,-36.46,
Ayeyarwady,,Eri,45.044415,-20.802604,135.3180,7.810,13993,18742,,,-18.14,-22.2,
Poerava,,Tuc,352.834350,-58.209733,55.2792,7.820,116084,221287,,,181.4,-5.59,
Sika,,Sgr,290.720730,-32.919054,58.0720,7.840,95262,181720,,,89.37,-415.97,-53
Aniara,,UMa,177.843825,57.640736,126.2626,7.860,57820,102956,,,-11.24,-16.8,
Nikawiy,,Boo,229.775775,41.733207,98.2318,7.880,74961,136418,,,-19.72,-181.65,
Lucilinburhuc,,Aur,97.190490,38.962963,48.8759,7.890,30860,45350,,,-43.8,-53.45,
Rosalíadecastro,,Oph,248.212710,2.084832,62.0347,7.890,81022,149143,,,-10.06,-85.03,
Mouhoun,,Eri,72.574425,-24.368839,118.0638,7.910,22491,30856,,,18.86,-18.12,
Alasia,,Ser,275.457435,-11.922683,42.7350,7.950,90004,168746,,,-22.13,-69.23,
Kaveh,,Ser,283.920345,4.265325,127.0648,8.020,92895,175541,,Gl 736,-7.84,-89.86,20.1
Stribor,,Lyn,133.461735,33.056812,75.7576,8.030,43674,75898,,,-95.6,-28.24,
Mönch,,Vir,221.886360,-0.281476,31.7058,8.040,72339,130322,,,-129.6,-140.79,
Hunahpú,,Crt,169.448160,-23.975414,134.2282,8.050,55174,98219,,,-131.11,-16.25,
Liesma,,UMa,203.510715,53.728529,88.5740,8.050,66192,118203,,,-87.84,-78.43,
Nosaxa,,Pup,100.007160,-48.541955,85.3971,8.050,31895,48265,,,26.51,30.06,
Emiw,,Tuc,17.696355,-66.188164,35.2983,8.060,5529,7199,,,111.79,-123.84,
Flegetonte,,Vir,176.426220,2.821483,29.6384,8.070,57370,102195,,,-190.32,-111.44,
Groombridge 34,,And,4.592610,44.022954,3.5873,8.090,1475,1326,,Gl 15A,2888.92,410.58,12
Lusitânia,,Mon,97.304955,10.933891,34.3525,8.100,30905,45652,,,206.14,-62.69,
Nervia,,Aur,102.877125,40.867756,44.2282,8.100,32916,49674,,,34.96,-122.85,
Tapecue,,Car,116.956905,-54.264145,33.2557,8.100,38041,63765,,,147.22,-278.72,-1
Ogma,,Her,247.623465,38.347310,79.4281,8.150,80838,149026,,,-77.12,53.34,
Nushagak,,Cas,42.434880,71.753232,75.0188,8.170,13192,17156,,,91,-32.45,
Násti,,UMa,124.592040,61.460722,54.5256,8.200,40687,68988,,,128.33,31.73,
Dingolay,,Leo,166.185225,-2.513218,157.9779,8.210,54158,96063,,,26.46,-17.52,
Axólotl,,Cet,359.974275,-22.428113,98.4252,8.230,118319,224693,,,148.74,27.53,
Gakyid,,Cnc,129.815850,12.960375,81.0373,8.230,42446,73534,,,-113.68,-93.19,
Kalausi,,Vel,144.299265,-43.272205,41.1692,8.230,47202,83443,,,22.35,-120.76,27.8
Macondo,,Ant,161.087190,-33.577022,27.8552,8.300,52521,93083,,GJ 1137,-92.84,-151.12,41.7
Bosona,,Aqr,325.853745,-7.408253,193.7984,8.340,107251,206610,,,3.19,2.3,
Citadelle,,Psc,4.821105,14.054755,159.2357,8.360,1547,1502,,,75,-17.55,-9.5
Hoggar,,Tau,67.856055,4.575287,226.7574,8.380,21109,28678,,,0.22,-12.85,
Mahsati,,Oph,253.431585,11.973746,185.5288,8.380,82651,152581,,,11.29,-15.3,
Sagarmatha,,Leo,173.964675,-4.755697,49.6032,8.420,56572,100777,,,-10.39,33.45,
Natasha,,Vel,147.510375,-49.790266,32.3729,8.540,48235,85390,,,24.57,-59.83,
Sāmaya,,PsA,324.535020,-31.737485,107.7586,8.560,106824,205739,,,23.46,-82.19,
Ebla,,Psc,347.294700,-2.260742,28.5551,8.590,114322,218566,,GJ 4313,632.15,-96.23,-40.9
Karaka,,Aps,233.916930,-80.204587,39.2311,8.710,76351,137388,,,-47.57,44.04,
Hunor,,Her,245.151495,41.048084,114.4165,8.720,80076,147506,,,-10.64,-29.7,
Bibhā,,Sex,149.024655,-3.808422,95.3289,8.730,48711,86081,,,-67.22,17.02,
Funi,,Dra,188.031090,74.489551,66.0502,8.750,61177,109246,,,-171.02,-46.61,
Babcock's star,,Lac,341.031270,55.589226,100000.0000,8.830,112247,215441,,,4.96,-0.98,
Cygnus X-1,,Cyg,299.590320,35.201604,595.2381,8.840,98298,226868,,,-3.82,-7.62,-2.7
Red Rectangle,,Mon,94.992570,-10.637414,440.5286,8.850,30089,44179,,,-10.98,-21.1,
Kapteyn's Star,,Pic,77.912535,-45.018417,3.9114,8.860,24186,33793,,Gl 191,6506.05,-5731.39,245.5
Struve 2398 A,,Dra,280.697685,59.630396,3.5691,8.940,91768,173739,,Gl 725A,-1326.88,1802.12,-0.8
Uruk,,Sge,293.017335,16.474290,118.4834,8.970,96078,231701,,,63.68,15.49,
Amadioha,,CMa,93.398535,-29.897269,56.3063,8.980,29550,43197,,,148.18,13.97,
Shama,,Leo,171.072330,-1.529076,49.9251,9.100,55664,99109,,,-179.71,-160.61,
Ceibo,,Cha,114.841245,-78.278972,34.5423,9.370,37284,63454,,,-20.65,-39.69,
Speedy Mic,,Mic,311.937555,-36.594676,52.1921,9.440,102626,197890,,,25.46,-80.66,
Barnard's Star,,Oph,269.452080,4.693388,1.8238,9.540,87937,,,Gl 699,-797.84,10326.93,-111
Kruger 60,,Cep,336.999630,57.695875,4.0010,9.590,110893,239960,,Gl 860A,-870.23,-471.1,-33.3
Felixvarela,,Cet,7.142985,-16.226344,35.7015,9.620,2247,,,,-354.87,-228.26,
Pincoya,,Sgr,270.778905,-28.560643,41.0678,9.620,88414,164604,,,-32.48,-38.34,
Struve 2398 B,,Dra,280.698735,59.626847,3.4545,9.700,91772,173740,,Gl 725B,-1393.2,1845.73,1.2
Solaris,,Peg,318.399945,14.689387,48.3559,9.780,104780,,,,236.44,1.2,
Uúba,,Scl,358.667370,-37.627924,77.1010,9.790,117883,,,,248.75,-70.19,
Luyten's Star,,CMi,111.852075,5.225785,3.8026,9.840,36208,,,Gl 273,571.27,-3694.25,18.2
Intan,,For,50.177745,-33.730104,46.2107,9.920,15578,20868,,,293.78,95.99,
Campbell's Hydrogen Star,,Cyg,293.688465,30.516371,100000.0000,10.000,96295,184738,,,-4.16,-10.19,-30.4
Blaze Star,,CrB,239.875680,25.920167,100000.0000,10.080,78322,143454,5958,,-5.93,10.73,-29
Wolf 1061,,Oph,247.575255,-12.662594,4.2922,10.100,80824,,,Gl 628,-93.61,-1184.9,-13
Añañuca,,Vel,146.124795,-45.776513,9.8707,10.220,47780,,,Gl 367,-466.6,-585.84,60
Koeia,,Eri,41.678625,-23.086611,23.0150,10.250,12961,,,,292.67,141.42,
Ross 154,,Sgr,282.455535,-23.836232,2.9698,10.370,92403,,,Gl 729,637.55,-192.47,-12.1
Noquisi,,Leo,175.545960,26.706570,10.1410,10.670,57087,,,Gl 436,896.37,-813.7,9.7
Proxima Centauri,,Cen,217.439775,-62.679485,1.2959,11.010,70890,,,Gl 551,-3775.64,768.16,-16
Danfeng,,Tuc,350.032140,-60.065183,26.3713,11.030,115211,,,GJ 4332,-317.42,-128.94,
Ross 128,,Vir,176.934990,0.804563,3.3553,11.120,57548,,,Gl 447,605.62,-1219.23,-31.1
Ross 614,,Mon,97.347495,-2.813979,4.1268,11.120,30920,,,Gl 234A,694.73,-618.62,16.7
Sharjah,,Sco,243.174060,-18.875503,14.3968,11.340,79431,,,,24.12,-210.89,
Gar,,Vir,191.985975,9.751397,8.3703,11.390,62452,,,Gl 486,-1007.72,-461.01,18.8
Ross 248,,And,355.475685,44.174924,3.1686,12.290,,,,Gl 905,84.26,-1607.79,-77.7
Kaewkosin,,Cnc,119.776230,15.392426,23.2558,12.330,,,,GJ 3470,-173.87,-46.59,
Ross 687,,Hya,135.209715,5.241545,20.9424,12.370,44263,,,Gl 333.2B,-247.74,-207.77,-37.1
Van Maanen's Star,,Psc,12.291240,5.388610,4.2626,12.370,3829,,,Gl 35,1233.05,-2710.56,54
EZ Aqr,,Aqr,339.638430,-15.302542,3.3979,12.660,,,,Gl 866A,2361.37,2233.03,-60
Ross 686,,Hya,135.210075,5.242018,24.5278,12.680,,,,Gl 333.2A,-229.81,-192.84,-37
3C 273,,Vir,187.277895,2.052398,100000.0000,12.880,60936,,,,-11.01,4.38,
Wolf 359,,Leo,164.122260,7.015320,2.3906,13.450,,,,Gl 406,-3822.95,-2716.83,13
Maru,,Vol,121.709040,-66.299883,23.2558,13.920,,,,GJ 3483,370.37,-289.36,
Onkaria,,Oph,258.827910,4.961607,12.9199,14.670,,,,GJ 1214,540.56,-707.03,
